TITLE     = "Periodic hill -- zeta stretched"
VARIABLES = "x corner"
"y corner"
ZONE T="gamma=5.0_alpha=0.5"
 I=177, J=65, K=1,F=POINT
DT=(SINGLE SINGLE )
 -2.328310045E-10  2.800000086E-02
  1.079999958E-03  2.800000086E-02
  2.159999916E-03  2.800000086E-02
  3.239999991E-03  2.799890004E-02
  4.319999833E-03  2.795520052E-02
  5.400000140E-03  2.786299959E-02
  6.479999982E-03  2.770639956E-02
  7.559999824E-03  2.746929973E-02
  8.639999665E-03  2.713550068E-02
  9.720000438E-03  2.669060044E-02
  1.080000028E-02  2.613740042E-02
  1.188000012E-02  2.549000084E-02
  1.295999996E-02  2.476260066E-02
  1.403999981E-02  2.396959998E-02
  1.512879971E-02  2.311789989E-02
  1.622650027E-02  2.221909910E-02
  1.733309962E-02  2.128520049E-02
  1.844869927E-02  2.032900043E-02
  1.957339980E-02  1.936360076E-02
  2.070729993E-02  1.840250008E-02
  2.185039967E-02  1.745060086E-02
  2.300279960E-02  1.650639996E-02
  2.416460030E-02  1.556850038E-02
  2.533590049E-02  1.463519968E-02
  2.651670016E-02  1.370450016E-02
  2.770720050E-02  1.277470030E-02
  2.890730090E-02  1.184379961E-02
  3.011720069E-02  1.090960018E-02
  3.133700043E-02  9.972100146E-03
  3.256670013E-02  9.037029929E-03
  3.380639851E-02  8.111690171E-03
  3.505630046E-02  7.203700021E-03
  3.631630167E-02  6.321060006E-03
  3.758659959E-02  5.472150166E-03
  3.886720166E-02  4.665710032E-03
  4.015820101E-02  3.910900094E-03
  4.145979881E-02  3.215450095E-03
  4.277199879E-02  2.582170069E-03
  4.409480095E-02  2.013029996E-03
  4.542849958E-02  1.510070055E-03
  4.677300155E-02  1.075370004E-03
  4.812840000E-02  7.110669976E-04
  4.949489981E-02  4.193430068E-04
  5.087260157E-02  2.024449932E-04
  5.226140097E-02  6.266870332E-05
  5.366159976E-02  2.369290087E-06
  5.507320166E-02  0.000000000E+00
  5.649629980E-02  0.000000000E+00
  5.793090165E-02  0.000000000E+00
  5.937730148E-02  0.000000000E+00
  6.083539873E-02  0.000000000E+00
  6.230539829E-02  0.000000000E+00
  6.378740072E-02  0.000000000E+00
  6.528150290E-02  0.000000000E+00
  6.678769737E-02  0.000000000E+00
  6.830620021E-02  0.000000000E+00
  6.983710080E-02  0.000000000E+00
  7.138050348E-02  0.000000000E+00
  7.293640077E-02  0.000000000E+00
  7.450500131E-02  0.000000000E+00
  7.608640194E-02  0.000000000E+00
  7.768060267E-02  0.000000000E+00
  7.928790152E-02  0.000000000E+00
  8.090820163E-02  0.000000000E+00
  8.254180104E-02  0.000000000E+00
  8.418860286E-02  0.000000000E+00
  8.584889770E-02  0.000000000E+00
  8.752270043E-02  0.000000000E+00
  8.921010047E-02  0.000000000E+00
  9.091129899E-02  0.000000000E+00
  9.262630343E-02  0.000000000E+00
  9.435530007E-02  0.000000000E+00
  9.609840065E-02  0.000000000E+00
  9.785570204E-02  0.000000000E+00
  9.962730110E-02  0.000000000E+00
  1.014133021E-01  0.000000000E+00
  1.032138988E-01  0.000000000E+00
  1.050292030E-01  0.000000000E+00
  1.068591997E-01  0.000000000E+00
  1.087040976E-01  0.000000000E+00
  1.105640978E-01  0.000000000E+00
  1.124392971E-01  0.000000000E+00
  1.143297032E-01  0.000000000E+00
  1.162355021E-01  0.000000000E+00
  1.181567982E-01  0.000000000E+00
  1.200938001E-01  0.000000000E+00
  1.220465973E-01  0.000000000E+00
  1.240151972E-01  0.000000000E+00
  1.260000020E-01  0.000000000E+00
  1.279847026E-01  0.000000000E+00
  1.299533993E-01  0.000000000E+00
  1.319061071E-01  0.000000000E+00
  1.338430941E-01  0.000000000E+00
  1.357644051E-01  0.000000000E+00
  1.376702935E-01  0.000000000E+00
  1.395606995E-01  0.000000000E+00
  1.414358020E-01  0.000000000E+00
  1.432957947E-01  0.000000000E+00
  1.451406926E-01  0.000000000E+00
  1.469707936E-01  0.000000000E+00
  1.487859935E-01  0.000000000E+00
  1.505866051E-01  0.000000000E+00
  1.523727030E-01  0.000000000E+00
  1.541443020E-01  0.000000000E+00
  1.559015960E-01  0.000000000E+00
  1.576445997E-01  0.000000000E+00
  1.593735963E-01  0.000000000E+00
  1.610887051E-01  0.000000000E+00
  1.627898961E-01  0.000000000E+00
  1.644773036E-01  0.000000000E+00
  1.661511064E-01  0.000000000E+00
  1.678113043E-01  0.000000000E+00
  1.694581956E-01  0.000000000E+00
  1.710917056E-01  0.000000000E+00
  1.727121025E-01  0.000000000E+00
  1.743192971E-01  0.000000000E+00
  1.759136021E-01  0.000000000E+00
  1.774948984E-01  0.000000000E+00
  1.790634990E-01  0.000000000E+00
  1.806194931E-01  0.000000000E+00
  1.821628064E-01  0.000000000E+00
  1.836937070E-01  0.000000000E+00
  1.852121949E-01  0.000000000E+00
  1.867184043E-01  0.000000000E+00
  1.882124990E-01  0.000000000E+00
  1.896944940E-01  0.000000000E+00
  1.911644936E-01  0.000000000E+00
  1.926226020E-01  0.000000000E+00
  1.940689981E-01  0.000000000E+00
  1.955036968E-01  0.000000000E+00
  1.969266981E-01  0.000000000E+00
  1.983383000E-01  2.371150003E-06
  1.997385025E-01  6.266310083E-05
  2.011273950E-01  2.024379937E-04
  2.025050074E-01  4.193260102E-04
  2.038715035E-01  7.110459846E-04
  2.052268982E-01  1.075339969E-03
  2.065714002E-01  1.510040020E-03
  2.079050988E-01  2.012999961E-03
  2.092279047E-01  2.582130022E-03
  2.105401009E-01  3.215410048E-03
  2.118417025E-01  3.910849802E-03
  2.131326944E-01  4.665649962E-03
  2.144134045E-01  5.472090095E-03
  2.156835943E-01  6.321010180E-03
  2.169436961E-01  7.203639951E-03
  2.181935012E-01  8.111620322E-03
  2.194332033E-01  9.036960080E-03
  2.206629068E-01  9.972030297E-03
  2.218827009E-01  1.090960018E-02
  2.230926007E-01  1.184369996E-02
  2.242926955E-01  1.277459972E-02
  2.254831940E-01  1.370439958E-02
  2.266640067E-01  1.463510003E-02
  2.278352976E-01  1.556850038E-02
  2.289970964E-01  1.650639996E-02
  2.301494926E-01  1.745050028E-02
  2.312926054E-01  1.840239950E-02
  2.324264944E-01  1.936360076E-02
  2.335512042E-01  2.032889985E-02
  2.346667945E-01  2.128509991E-02
  2.357733995E-01  2.221900038E-02
  2.368710935E-01  2.311779931E-02
  2.379599065E-01  2.396959998E-02
  2.390398979E-01  2.476250008E-02
  2.401199043E-01  2.548990026E-02
  2.411998957E-01  2.613729984E-02
  2.422799021E-01  2.669060044E-02
  2.433598936E-01  2.713550068E-02
  2.444398999E-01  2.746919915E-02
  2.455199957E-01  2.770639956E-02
  2.466000021E-01  2.786299959E-02
  2.476799935E-01  2.795520052E-02
  2.487599999E-01  2.799890004E-02
  2.498400062E-01  2.800000086E-02
  2.509199977E-01  2.800000086E-02
  2.520000041E-01  2.800000086E-02
 -2.328310045E-10  2.804091308E-02
  1.080112880E-03  2.804102964E-02
  2.160318269E-03  2.804106614E-02
  3.241201280E-03  2.803997265E-02
  4.322848264E-03  2.799621478E-02
  5.404925487E-03  2.790384641E-02
  6.487497659E-03  2.774688204E-02
  7.570492345E-03  2.750912654E-02
  8.653744948E-03  2.717432947E-02
  9.736882533E-03  2.672816159E-02
  1.081953124E-02  2.617362852E-02
  1.190161457E-02  2.552499767E-02
  1.298320982E-02  2.479654844E-02
  1.406441171E-02  2.400268828E-02
  1.515409307E-02  2.315032520E-02
  1.625241286E-02  2.225104365E-02
  1.735939839E-02  2.131684624E-02
  1.847516563E-02  2.036052243E-02
  1.959982965E-02  1.939518097E-02
  2.073354036E-02  1.843425520E-02
  2.187641430E-02  1.748255993E-02
  2.302859563E-02  1.653855578E-02
  2.419019958E-02  1.560083098E-02
  2.536132500E-02  1.466768334E-02
  2.654197893E-02  1.373711490E-02
  2.773235538E-02  1.280741701E-02
  2.893236107E-02  1.187660377E-02
  3.014218080E-02  1.094249173E-02
  3.136185665E-02  1.000510826E-02
  3.259132323E-02  9.070234793E-03
  3.383066474E-02  8.145184943E-03
  3.508007114E-02  7.237578702E-03
  3.633942401E-02  6.355418769E-03
  3.760889149E-02  5.507085895E-03
  3.888847369E-02  4.701315982E-03
  4.017823444E-02  3.947251303E-03
  4.147841913E-02  3.252574228E-03
  4.278908198E-02  2.620052573E-03
  4.411022326E-02  2.051638813E-03
  4.544214431E-02  1.549359278E-03
  4.678475201E-02  1.115277724E-03
  4.813814736E-02  7.515154794E-04
  4.950254909E-02  4.602371803E-04
  5.087807244E-02  2.436733295E-04
  5.226467171E-02  1.041022810E-04
  5.366297650E-02  4.385666164E-05
  5.507366057E-02  4.145023875E-05
  5.649659860E-02  4.142306624E-05
  5.793112744E-02  4.140325084E-05
  5.937749091E-02  4.138773096E-05
  6.083555912E-02  4.137512849E-05
  6.230553670E-02  4.136456565E-05
  6.378752447E-02  4.135567776E-05
  6.528160494E-02  4.134810441E-05
  6.678779236E-02  4.134147241E-05
  6.830628760E-02  4.133571819E-05
  6.983717353E-02  4.133069331E-05
  7.138056861E-02  4.132624937E-05
  7.293646645E-02  4.132238636E-05
  7.450505939E-02  4.131888803E-05
  7.608645296E-02  4.131575861E-05
  7.768065369E-02  4.131306171E-05
  7.928794494E-02  4.131058532E-05
  8.090823800E-02  4.130839727E-05
  8.254183741E-02  4.130643397E-05
  8.418863163E-02  4.130468268E-05
  8.584892701E-02  4.130307980E-05
  8.752272974E-02  4.130169743E-05
  8.921012218E-02  4.130038715E-05
  9.091132070E-02  4.129922104E-05
  9.262632514E-02  4.129819910E-05
  9.435532178E-02  4.129732558E-05
  9.609841531E-02  4.129652414E-05
  9.785571670E-02  4.129579479E-05
  9.962731575E-02  4.129514177E-05
  1.014133168E-01  4.129455659E-05
  1.032139135E-01  4.129397566E-05
  1.050292101E-01  4.129353890E-05
  1.068592068E-01  4.129317422E-05
  1.087041052E-01  4.129280955E-05
  1.105641054E-01  4.129244487E-05
  1.124393047E-01  4.129222861E-05
  1.143297103E-01  4.129193603E-05
  1.162355092E-01  4.129178761E-05
  1.181568058E-01  4.129164344E-05
  1.200938001E-01  4.129157135E-05
  1.220465973E-01  4.129142718E-05
  1.240151972E-01  4.129142718E-05
  1.260000020E-01  4.129142718E-05
  1.279847026E-01  4.129135085E-05
  1.299533993E-01  4.129142718E-05
  1.319061071E-01  4.129149927E-05
  1.338430876E-01  4.129164344E-05
  1.357644051E-01  4.129178761E-05
  1.376702870E-01  4.129200811E-05
  1.395606919E-01  4.129222861E-05
  1.414357944E-01  4.129244487E-05
  1.432957882E-01  4.129280955E-05
  1.451406861E-01  4.129317422E-05
  1.469707871E-01  4.129353890E-05
  1.487859794E-01  4.129397566E-05
  1.505865975E-01  4.129455659E-05
  1.523726878E-01  4.129514177E-05
  1.541442868E-01  4.129579479E-05
  1.559015819E-01  4.129652414E-05
  1.576445780E-01  4.129732558E-05
  1.593735746E-01  4.129827119E-05
  1.610886834E-01  4.129929313E-05
  1.627898744E-01  4.130038715E-05
  1.644772743E-01  4.130169743E-05
  1.661510771E-01  4.130307980E-05
  1.678112750E-01  4.130468268E-05
  1.694581598E-01  4.130643397E-05
  1.710916687E-01  4.130839727E-05
  1.727120591E-01  4.131058532E-05
  1.743192537E-01  4.131306171E-05
  1.759135511E-01  4.131583069E-05
  1.774948398E-01  4.131888803E-05
  1.790634339E-01  4.132231428E-05
  1.806194280E-01  4.132624937E-05
  1.821627326E-01  4.133069331E-05
  1.836936191E-01  4.133571819E-05
  1.852121005E-01  4.134147241E-05
  1.867183023E-01  4.134802807E-05
  1.882123753E-01  4.135567776E-05
  1.896943561E-01  4.136456565E-05
  1.911643340E-01  4.137505640E-05
  1.926224120E-01  4.138758679E-05
  1.940687723E-01  4.140317451E-05
  1.955034059E-01  4.142298991E-05
  1.969262389E-01  4.145016665E-05
  1.983369235E-01  4.385838606E-05
  1.997352383E-01  1.040965736E-04
  2.011219239E-01  2.436661869E-04
  2.024973652E-01  4.602200395E-04
  2.038617564E-01  7.514945384E-04
  2.052151472E-01  1.115247689E-03
  2.065577549E-01  1.549329243E-03
  2.078896765E-01  2.051608778E-03
  2.092108215E-01  2.620012526E-03
  2.105214806E-01  3.252534181E-03
  2.118216688E-01  3.947201011E-03
  2.131114232E-01  4.701256658E-03
  2.143911118E-01  5.507026570E-03
  2.156604722E-01  6.355368943E-03
  2.169199260E-01  7.237518632E-03
  2.181692350E-01  8.145114348E-03
  2.194085799E-01  9.070164877E-03
  2.206380500E-01  1.000503624E-02
  2.218577204E-01  1.094249173E-02
  2.230675409E-01  1.187650412E-02
  2.242675413E-01  1.280731650E-02
  2.254579226E-01  1.373700706E-02
  2.266385822E-01  1.466758362E-02
  2.278096983E-01  1.560083098E-02
  2.289713006E-01  1.653855578E-02
  2.301234786E-01  1.748245935E-02
  2.312663570E-01  1.843415462E-02
  2.324000723E-01  1.939518097E-02
  2.335247376E-01  2.036042185E-02
  2.346404961E-01  2.131674580E-02
  2.357474865E-01  2.225094493E-02
  2.368458003E-01  2.315022475E-02
  2.379354937E-01  2.400268828E-02
  2.390166879E-01  2.479644800E-02
  2.400982901E-01  2.552489722E-02
  2.411803646E-01  2.617352061E-02
  2.422630154E-01  2.672815440E-02
  2.433461550E-01  2.717433680E-02
  2.444294092E-01  2.750902610E-02
  2.455125000E-01  2.774688204E-02
  2.465950770E-01  2.790384641E-02
  2.476771450E-01  2.799621478E-02
  2.487587982E-01  2.803997265E-02
  2.498396849E-01  2.804106614E-02
  2.509198805E-01  2.804102964E-02
  2.520000041E-01  2.804091308E-02
 -2.328310045E-10  2.808862717E-02
  1.080244576E-03  2.808887966E-02
  2.160689549E-03  2.808895874E-02
  3.242602290E-03  2.808787379E-02
  4.326170262E-03  2.804404787E-02
  5.410669697E-03  2.795148421E-02
  6.496241862E-03  2.779409494E-02
  7.582729300E-03  2.755557477E-02
  8.669775453E-03  2.721961375E-02
  9.756571363E-03  2.677196747E-02
  1.084230931E-02  2.621587973E-02
  1.192682254E-02  2.556581289E-02
  1.301027844E-02  2.483614022E-02
  1.409288221E-02  2.404127769E-02
  1.518359158E-02  2.318814138E-02
  1.628263356E-02  2.228829914E-02
  1.739006947E-02  2.135375326E-02
  1.850603215E-02  2.039728513E-02
  1.963065360E-02  1.943201156E-02
  2.076414339E-02  1.847128977E-02
  2.190675400E-02  1.751983235E-02
  2.305868039E-02  1.657605767E-02
  2.422005487E-02  1.563853670E-02
  2.539097645E-02  1.470556757E-02
  2.657146043E-02  1.377515200E-02
  2.776169239E-02  1.284557304E-02
  2.896158762E-02  1.191486180E-02
  3.017131398E-02  1.098085167E-02
  3.139084535E-02  1.004360413E-02
  3.262004005E-02  9.108960135E-03
  3.385896536E-02  8.184248391E-03
  3.510779382E-02  7.277089886E-03
  3.636639056E-02  6.395489850E-03
  3.763488953E-02  5.547829866E-03
  3.891328231E-02  4.742841602E-03
  4.020159852E-02  3.989646086E-03
  4.150013518E-02  3.295870436E-03
  4.280900534E-02  2.664233235E-03
  4.412820961E-02  2.096666541E-03
  4.545805756E-02  1.595180534E-03
  4.679845605E-02  1.161820305E-03
  4.814951527E-02  7.986887261E-04
  4.951147010E-02  5.079302174E-04
  5.088445286E-02  2.917560857E-04
  5.226848623E-02  1.524244009E-04
  5.366458213E-02  9.224151891E-05
  5.507419578E-02  8.979178969E-05
  5.649694707E-02  8.973292712E-05
  5.793139077E-02  8.969000191E-05
  5.937771183E-02  8.965638189E-05
  6.083574617E-02  8.962908172E-05
  6.230569811E-02  8.960619990E-05
  6.378766880E-02  8.958694647E-05
  6.528172395E-02  8.957054066E-05
  6.678790313E-02  8.955617407E-05
  6.830638951E-02  8.954370895E-05
  6.983725836E-02  8.953282378E-05
  7.138064457E-02  8.952319707E-05
  7.293654304E-02  8.951482881E-05
  7.450512712E-02  8.950725053E-05
  7.608651246E-02  8.950047141E-05
  7.768071319E-02  8.949462924E-05
  7.928799558E-02  8.948926475E-05
  8.090828041E-02  8.948452487E-05
  8.254187982E-02  8.948027186E-05
  8.418866518E-02  8.947647812E-05
  8.584896119E-02  8.947300589E-05
  8.752276392E-02  8.947001132E-05
  8.921014750E-02  8.946717290E-05
  9.091134602E-02  8.946464681E-05
  9.262635046E-02  8.946243304E-05
  9.435534710E-02  8.946054076E-05
  9.609843240E-02  8.945880466E-05
  9.785573379E-02  8.945722469E-05
  9.962733285E-02  8.945581009E-05
  1.014133339E-01  8.945454244E-05
  1.032139306E-01  8.945328399E-05
  1.050292183E-01  8.945233786E-05
  1.068592150E-01  8.945154787E-05
  1.087041141E-01  8.945075790E-05
  1.105641143E-01  8.944996792E-05
  1.124393136E-01  8.944949944E-05
  1.143297185E-01  8.944886562E-05
  1.162355174E-01  8.944854412E-05
  1.181568147E-01  8.944823179E-05
  1.200938001E-01  8.944807564E-05
  1.220465973E-01  8.944776333E-05
  1.240151972E-01  8.944776333E-05
  1.260000020E-01  8.944776333E-05
  1.279847026E-01  8.944759798E-05
  1.299533993E-01  8.944776333E-05
  1.319061071E-01  8.944791949E-05
  1.338430800E-01  8.944823179E-05
  1.357644051E-01  8.944854412E-05
  1.376702794E-01  8.944902178E-05
  1.395606830E-01  8.944949944E-05
  1.414357855E-01  8.944996792E-05
  1.432957806E-01  8.945075790E-05
  1.451406785E-01  8.945154787E-05
  1.469707795E-01  8.945233786E-05
  1.487859629E-01  8.945328399E-05
  1.505865886E-01  8.945454244E-05
  1.523726701E-01  8.945581009E-05
  1.541442691E-01  8.945722469E-05
  1.559015654E-01  8.945880466E-05
  1.576445527E-01  8.946054076E-05
  1.593735493E-01  8.946258919E-05
  1.610886581E-01  8.946480298E-05
  1.627898491E-01  8.946717290E-05
  1.644772401E-01  8.947001132E-05
  1.661510429E-01  8.947300589E-05
  1.678112408E-01  8.947647812E-05
  1.694581180E-01  8.948027186E-05
  1.710916256E-01  8.948452487E-05
  1.727120084E-01  8.948926475E-05
  1.743192030E-01  8.949462924E-05
  1.759134916E-01  8.950062756E-05
  1.774947714E-01  8.950725053E-05
  1.790633579E-01  8.951467266E-05
  1.806193520E-01  8.952319707E-05
  1.821626465E-01  8.953282378E-05
  1.836935165E-01  8.954370895E-05
  1.852119903E-01  8.955617407E-05
  1.867181833E-01  8.957037530E-05
  1.882122309E-01  8.958694647E-05
  1.896941954E-01  8.960619990E-05
  1.911641479E-01  8.962892555E-05
  1.926221905E-01  8.965606958E-05
  1.940685090E-01  8.968983655E-05
  1.955030666E-01  8.973276177E-05
  1.969257034E-01  8.979163352E-05
  1.983353182E-01  9.224308531E-05
  1.997314313E-01  1.524185710E-04
  2.011155431E-01  2.917487762E-04
  2.024884524E-01  5.079129085E-04
  2.038503888E-01  7.986678692E-04
  2.052014425E-01  1.161790270E-03
  2.065418410E-01  1.595150499E-03
  2.078716901E-01  2.096636506E-03
  2.091908981E-01  2.664193188E-03
  2.104997645E-01  3.295830389E-03
  2.117983044E-01  3.989595794E-03
  2.130866155E-01  4.742783149E-03
  2.143651128E-01  5.547771412E-03
  2.156335060E-01  6.395440024E-03
  2.168922039E-01  7.277029816E-03
  2.181409344E-01  8.184176926E-03
  2.193798628E-01  9.108890139E-03
  2.206090607E-01  1.004352958E-02
  2.218285867E-01  1.098085167E-02
  2.230383149E-01  1.191476214E-02
  2.242382051E-01  1.284547260E-02
  2.254284496E-01  1.377503569E-02
  2.266089307E-01  1.470546777E-02
  2.277798430E-01  1.563853670E-02
  2.289412162E-01  1.657605767E-02
  2.300931397E-01  1.751973177E-02
  2.312357446E-01  1.847118919E-02
  2.323692573E-01  1.943201156E-02
  2.334938707E-01  2.039718454E-02
  2.346098255E-01  2.135365298E-02
  2.357172653E-01  2.228820042E-02
  2.368163021E-01  2.318804109E-02
  2.379070222E-01  2.404127769E-02
  2.389896191E-01  2.483603993E-02
  2.400730823E-01  2.556571260E-02
  2.411575864E-01  2.621576328E-02
  2.422433212E-01  2.677195189E-02
  2.433301322E-01  2.721962962E-02
  2.444171744E-01  2.755547448E-02
  2.455037582E-01  2.779409494E-02
  2.465893331E-01  2.795148421E-02
  2.476738230E-01  2.804404787E-02
  2.487573967E-01  2.808787379E-02
  2.498393101E-01  2.808895874E-02
  2.509197437E-01  2.808887966E-02
  2.520000041E-01  2.808862717E-02
 -2.328310045E-10  2.814425110E-02
  1.080398103E-03  2.814466207E-02
  2.161122378E-03  2.814479077E-02
  3.244235553E-03  2.814371579E-02
  4.330042966E-03  2.809981054E-02
  5.417366160E-03  2.800701922E-02
  6.506435645E-03  2.784913460E-02
  7.596994848E-03  2.760972299E-02
  8.688463432E-03  2.727240507E-02
  9.779524127E-03  2.682303531E-02
  1.086886345E-02  2.626513517E-02
  1.195620938E-02  2.561339430E-02
  1.304183439E-02  2.488229536E-02
  1.412607243E-02  2.408626428E-02
  1.521798023E-02  2.323222658E-02
  1.631786411E-02  2.233173070E-02
  1.742582508E-02  2.139677858E-02
  1.854201559E-02  2.044014219E-02
  1.966658743E-02  1.947494777E-02
  2.079981967E-02  1.851446379E-02
  2.194212329E-02  1.756328365E-02
  2.309375247E-02  1.661977648E-02
  2.425485944E-02  1.568249312E-02
  2.542554341E-02  1.474973209E-02
  2.660582925E-02  1.381949474E-02
  2.779589278E-02  1.289005442E-02
  2.899565923E-02  1.195946208E-02
  3.020527674E-02  1.102557076E-02
  3.142463968E-02  1.008848170E-02
  3.265351743E-02  9.154105208E-03
  3.389195753E-02  8.229787620E-03
  3.514011225E-02  7.323151075E-03
  3.639782751E-02  6.442203754E-03
  3.766519742E-02  5.595328208E-03
  3.894220359E-02  4.791251172E-03
  4.022883581E-02  4.039068904E-03
  4.152545122E-02  3.346344116E-03
  4.283223152E-02  2.715737989E-03
  4.414917766E-02  2.149158785E-03
  4.547660883E-02  1.648597854E-03
  4.681443188E-02  1.216078527E-03
  4.816276771E-02  8.536821639E-04
  4.952187000E-02  5.635296141E-04
  5.089189101E-02  3.478098076E-04
  5.227293310E-02  2.087571673E-04
  5.366645393E-02  1.486474231E-04
  5.507481972E-02  1.461472084E-04
  5.649735331E-02  1.460514023E-04
  5.793169776E-02  1.459815362E-04
  5.937796937E-02  1.459268155E-04
  6.083596424E-02  1.458823811E-04
  6.230588629E-02  1.458451381E-04
  6.378783705E-02  1.458138008E-04
  6.528186268E-02  1.457870983E-04
  6.678803227E-02  1.457637149E-04
  6.830650832E-02  1.457434264E-04
  6.983735724E-02  1.457257094E-04
  7.138073313E-02  1.457100408E-04
  7.293663233E-02  1.456964204E-04
  7.450520608E-02  1.456840858E-04
  7.608658183E-02  1.456730519E-04
  7.768078256E-02  1.456635431E-04
  7.928805462E-02  1.456548117E-04
  8.090832985E-02  1.456470970E-04
  8.254192926E-02  1.456401747E-04
  8.418870429E-02  1.456339999E-04
  8.584900104E-02  1.456283484E-04
  8.752280377E-02  1.456234744E-04
  8.921017702E-02  1.456188545E-04
  9.091137554E-02  1.456147430E-04
  9.262637998E-02  1.456111398E-04
  9.435537662E-02  1.456080599E-04
  9.609845232E-02  1.456052342E-04
  9.785575371E-02  1.456026626E-04
  9.962735277E-02  1.456003601E-04
  1.014133538E-01  1.455982969E-04
  1.032139505E-01  1.455962486E-04
  1.050292279E-01  1.455947086E-04
  1.068592246E-01  1.455934228E-04
  1.087041244E-01  1.455921371E-04
  1.105641246E-01  1.455908513E-04
  1.124393239E-01  1.455900888E-04
  1.143297281E-01  1.455890572E-04
  1.162355270E-01  1.455885339E-04
  1.181568250E-01  1.455880255E-04
  1.200938001E-01  1.455877714E-04
  1.220465973E-01  1.455872630E-04
  1.240151972E-01  1.455872630E-04
  1.260000020E-01  1.455872630E-04
  1.279847026E-01  1.455869939E-04
  1.299533993E-01  1.455872630E-04
  1.319061071E-01  1.455875172E-04
  1.338430711E-01  1.455880255E-04
  1.357644051E-01  1.455885339E-04
  1.376702705E-01  1.455893113E-04
  1.395606727E-01  1.455900888E-04
  1.414357752E-01  1.455908513E-04
  1.432957717E-01  1.455921371E-04
  1.451406696E-01  1.455934228E-04
  1.469707706E-01  1.455947086E-04
  1.487859437E-01  1.455962486E-04
  1.505865783E-01  1.455982969E-04
  1.523726494E-01  1.456003601E-04
  1.541442484E-01  1.456026626E-04
  1.559015462E-01  1.456052342E-04
  1.576445232E-01  1.456080599E-04
  1.593735198E-01  1.456113940E-04
  1.610886285E-01  1.456149972E-04
  1.627898196E-01  1.456188545E-04
  1.644772003E-01  1.456234744E-04
  1.661510030E-01  1.456283484E-04
  1.678112010E-01  1.456339999E-04
  1.694580693E-01  1.456401747E-04
  1.710915755E-01  1.456470970E-04
  1.727119494E-01  1.456548117E-04
  1.743191440E-01  1.456635431E-04
  1.759134222E-01  1.456733061E-04
  1.774946917E-01  1.456840858E-04
  1.790632693E-01  1.456961662E-04
  1.806192635E-01  1.457100408E-04
  1.821625461E-01  1.457257094E-04
  1.836933970E-01  1.457434264E-04
  1.852118619E-01  1.457637149E-04
  1.867180445E-01  1.457868291E-04
  1.882120627E-01  1.458138008E-04
  1.896940079E-01  1.458451381E-04
  1.911639310E-01  1.458821269E-04
  1.926219322E-01  1.459263071E-04
  1.940682020E-01  1.459812671E-04
  1.955026710E-01  1.460511331E-04
  1.969250791E-01  1.461469542E-04
  1.983334468E-01  1.486488052E-04
  1.997269933E-01  2.087511948E-04
  2.011081046E-01  3.478023035E-04
  2.024780621E-01  5.635121092E-04
  2.038371367E-01  8.536614049E-04
  2.051854659E-01  1.216048492E-03
  2.065232890E-01  1.648567819E-03
  2.078507221E-01  2.149128750E-03
  2.091676720E-01  2.715697942E-03
  2.104744485E-01  3.346304069E-03
  2.117710667E-01  4.039018612E-03
  2.130576953E-01  4.791193733E-03
  2.143348038E-01  5.595270769E-03
  2.156020694E-01  6.442153928E-03
  2.168598862E-01  7.323091005E-03
  2.181079422E-01  8.229715140E-03
  2.193463851E-01  9.154035119E-03
  2.205752656E-01  1.008840419E-02
  2.217946234E-01  1.102557076E-02
  2.230042438E-01  1.195936243E-02
  2.242040056E-01  1.288995408E-02
  2.253940908E-01  1.381936856E-02
  2.265743638E-01  1.474963220E-02
  2.277450385E-01  1.568249312E-02
  2.289061445E-01  1.661977648E-02
  2.300577714E-01  1.756318307E-02
  2.312000574E-01  1.851436321E-02
  2.323333340E-01  1.947494777E-02
  2.334578869E-01  2.044004161E-02
  2.345740705E-01  2.139667848E-02
  2.356820342E-01  2.233163198E-02
  2.367819137E-01  2.323212647E-02
  2.378738307E-01  2.408626428E-02
  2.389580630E-01  2.488219525E-02
  2.400436958E-01  2.561329420E-02
  2.411310321E-01  2.626500876E-02
  2.422203621E-01  2.682300995E-02
  2.433114533E-01  2.727243090E-02
  2.444029113E-01  2.760962289E-02
  2.454935671E-01  2.784913460E-02
  2.465826369E-01  2.800701922E-02
  2.476699503E-01  2.809981054E-02
  2.487557629E-01  2.814371579E-02
  2.498388733E-01  2.814479077E-02
  2.509195843E-01  2.814466207E-02
  2.520000041E-01  2.814425110E-02
 -2.328310045E-10  2.820906509E-02
  1.080576997E-03  2.820966072E-02
  2.161626719E-03  2.820984725E-02
  3.246138660E-03  2.820878387E-02
  4.334555510E-03  2.816478619E-02
  5.425168996E-03  2.807172960E-02
  6.518313620E-03  2.791326779E-02
  7.613617318E-03  2.767281746E-02
  8.710238995E-03  2.733391845E-02
  9.806269094E-03  2.688254047E-02
  1.089980480E-02  2.632252849E-02
  1.199045145E-02  2.566883700E-02
  1.307860394E-02  2.493607614E-02
  1.416474626E-02  2.413868347E-02
  1.525805049E-02  2.328359543E-02
  1.635891538E-02  2.238233792E-02
  1.746748815E-02  2.144691244E-02
  1.858394415E-02  2.049008000E-02
  1.970845815E-02  1.952497780E-02
  2.084139030E-02  1.856477091E-02
  2.198333622E-02  1.761391387E-02
  2.313461908E-02  1.667071840E-02
  2.429541435E-02  1.573371193E-02
  2.546582144E-02  1.480119338E-02
  2.664587640E-02  1.387116368E-02
  2.783574367E-02  1.294188491E-02
  2.903536008E-02  1.201143112E-02
  3.024485076E-02  1.107767824E-02
  3.146401743E-02  1.014077383E-02
  3.269252586E-02  9.206709047E-03
  3.393040060E-02  8.282850737E-03
  3.517777026E-02  7.376822389E-03
  3.643445840E-02  6.496635623E-03
  3.770051271E-02  5.650674119E-03
  3.897590319E-02  4.847658861E-03
  4.026057318E-02  4.096657248E-03
  4.155494992E-02  3.405156942E-03
  4.285929507E-02  2.775752241E-03
  4.417361001E-02  2.210323678E-03
  4.549822510E-02  1.710840661E-03
  4.683304721E-02  1.279301170E-03
  4.817820969E-02  9.177614925E-04
  4.953398815E-02  6.283150169E-04
  5.090055807E-02  4.131245981E-04
  5.227811468E-02  2.743971054E-04
  5.366863499E-02  2.143725825E-04
  5.507554674E-02  2.118135413E-04
  5.649782667E-02  2.116746879E-04
  5.793205547E-02  2.115734299E-04
  5.937826947E-02  2.114941222E-04
  6.083621833E-02  2.114297228E-04
  6.230610555E-02  2.113757459E-04
  6.378803310E-02  2.113303282E-04
  6.528202434E-02  2.112916278E-04
  6.678818275E-02  2.112577379E-04
  6.830664676E-02  2.112283334E-04
  6.983747246E-02  2.112026559E-04
  7.138083631E-02  2.111799471E-04
  7.293673638E-02  2.111602069E-04
  7.450529808E-02  2.111423302E-04
  7.608666266E-02  2.111263386E-04
  7.768086339E-02  2.111125573E-04
  7.928812341E-02  2.110999028E-04
  8.090838746E-02  2.110887217E-04
  8.254198687E-02  2.110786891E-04
  8.418874986E-02  2.110697399E-04
  8.584904747E-02  2.110615491E-04
  8.752285020E-02  2.110544851E-04
  8.921021142E-02  2.110477894E-04
  9.091140993E-02  2.110418305E-04
  9.262641438E-02  2.110366083E-04
  9.435541101E-02  2.110321446E-04
  9.609847554E-02  2.110280492E-04
  9.785577693E-02  2.110243221E-04
  9.962737599E-02  2.110209852E-04
  1.014133770E-01  2.110179949E-04
  1.032139737E-01  2.110150263E-04
  1.050292391E-01  2.110127944E-04
  1.068592358E-01  2.110109309E-04
  1.087041364E-01  2.110090674E-04
  1.105641366E-01  2.110072039E-04
  1.124393359E-01  2.110060987E-04
  1.143297392E-01  2.110046036E-04
  1.162355381E-01  2.110038452E-04
  1.181568370E-01  2.110031084E-04
  1.200938001E-01  2.110027401E-04
  1.220465973E-01  2.110020034E-04
  1.240151972E-01  2.110020034E-04
  1.260000020E-01  2.110020034E-04
  1.279847026E-01  2.110016133E-04
  1.299533993E-01  2.110020034E-04
  1.319061071E-01  2.110023717E-04
  1.338430608E-01  2.110031084E-04
  1.357644051E-01  2.110038452E-04
  1.376702602E-01  2.110049720E-04
  1.395606607E-01  2.110060987E-04
  1.414357632E-01  2.110072039E-04
  1.432957614E-01  2.110090674E-04
  1.451406593E-01  2.110109309E-04
  1.469707603E-01  2.110127944E-04
  1.487859214E-01  2.110150263E-04
  1.505865663E-01  2.110179949E-04
  1.523726253E-01  2.110209852E-04
  1.541442243E-01  2.110243221E-04
  1.559015239E-01  2.110280492E-04
  1.576444888E-01  2.110321446E-04
  1.593734854E-01  2.110369767E-04
  1.610885941E-01  2.110421989E-04
  1.627897852E-01  2.110477894E-04
  1.644771538E-01  2.110544851E-04
  1.661509566E-01  2.110615491E-04
  1.678111545E-01  2.110697399E-04
  1.694580125E-01  2.110786891E-04
  1.710915170E-01  2.110887217E-04
  1.727118806E-01  2.110999028E-04
  1.743190752E-01  2.111125573E-04
  1.759133414E-01  2.111267070E-04
  1.774945989E-01  2.111423302E-04
  1.790631662E-01  2.111598385E-04
  1.806191603E-01  2.111799471E-04
  1.821624292E-01  2.112026559E-04
  1.836932577E-01  2.112283334E-04
  1.852117123E-01  2.112577379E-04
  1.867178829E-01  2.112912378E-04
  1.882118666E-01  2.113303282E-04
  1.896937895E-01  2.113757459E-04
  1.911636782E-01  2.114293544E-04
  1.926216312E-01  2.114933855E-04
  1.940678443E-01  2.115730398E-04
  1.955022102E-01  2.116742979E-04
  1.969243516E-01  2.118131729E-04
  1.983312661E-01  2.143737501E-04
  1.997218221E-01  2.743909666E-04
  2.010994371E-01  4.131168673E-04
  2.024659551E-01  6.282972836E-04
  2.038216952E-01  9.177408476E-04
  2.051668498E-01  1.279271135E-03
  2.065016719E-01  1.710810626E-03
  2.078262897E-01  2.210293643E-03
  2.091406084E-01  2.775712194E-03
  2.104449498E-01  3.405116895E-03
  2.117393289E-01  4.096606957E-03
  2.130239970E-01  4.847602605E-03
  2.142994872E-01  5.650617862E-03
  2.155654390E-01  6.496585797E-03
  2.168222291E-01  7.376762319E-03
  2.180694991E-01  8.282777075E-03
  2.193073762E-01  9.206638851E-03
  2.205358870E-01  1.014069289E-02
  2.217550488E-01  1.107767824E-02
  2.229645436E-01  1.201133147E-02
  2.241641558E-01  1.294178468E-02
  2.253540552E-01  1.387102601E-02
  2.265340857E-01  1.480109338E-02
  2.277044835E-01  1.573371193E-02
  2.288652783E-01  1.667071840E-02
  2.300165595E-01  1.761381329E-02
  2.311584741E-01  1.856467033E-02
  2.322914756E-01  1.952497780E-02
  2.334159579E-01  2.048997942E-02
  2.345324081E-01  2.144681255E-02
  2.356409823E-01  2.238223920E-02
  2.367418438E-01  2.328349554E-02
  2.378351555E-01  2.413868347E-02
  2.389212932E-01  2.493597626E-02
  2.400094540E-01  2.566873711E-02
  2.411000905E-01  2.632239046E-02
  2.421936099E-01  2.688250372E-02
  2.432896882E-01  2.733395589E-02
  2.443862918E-01  2.767271757E-02
  2.454816923E-01  2.791326779E-02
  2.465748344E-01  2.807172960E-02
  2.476654377E-01  2.816478619E-02
  2.487538591E-01  2.820878387E-02
  2.498383642E-01  2.820984725E-02
  2.509193986E-01  2.820966072E-02
  2.520000041E-01  2.820906509E-02
 -2.328310045E-10  2.828454537E-02
  1.080785330E-03  2.828535605E-02
  2.162214058E-03  2.828560992E-02
  3.248354957E-03  2.828456006E-02
  4.339810673E-03  2.824045473E-02
  5.434255928E-03  2.814708921E-02
  6.532146327E-03  2.798795523E-02
  7.632975308E-03  2.774629523E-02
  8.735598112E-03  2.740555495E-02
  9.837415417E-03  2.695183824E-02
  1.093583809E-02  2.638936688E-02
  1.203032865E-02  2.573340377E-02
  1.312142456E-02  2.499870751E-02
  1.420978456E-02  2.419972915E-02
  1.530471503E-02  2.334341793E-02
  1.640672236E-02  2.244127345E-02
  1.751600761E-02  2.150529671E-02
  1.863277278E-02  2.054823596E-02
  1.975721944E-02  1.958324115E-02
  2.088980211E-02  1.862335696E-02
  2.203133146E-02  1.767287619E-02
  2.318221102E-02  1.673004372E-02
  2.434264329E-02  1.579335969E-02
  2.551272793E-02  1.486112353E-02
  2.669251403E-02  1.393133566E-02
  2.788215273E-02  1.300224503E-02
  2.908159440E-02  1.207195258E-02
  3.029093737E-02  1.113836092E-02
  3.150987548E-02  1.020167156E-02
  3.273795382E-02  9.267969774E-03
  3.397517016E-02  8.344646325E-03
  3.522162555E-02  7.439326263E-03
  3.647711755E-02  6.560025214E-03
  3.774163976E-02  5.715128174E-03
  3.901514865E-02  4.913349429E-03
  4.029753350E-02  4.163722769E-03
  4.158930315E-02  3.473648455E-03
  4.289081240E-02  2.845642896E-03
  4.420206313E-02  2.281554332E-03
  4.552339871E-02  1.783326619E-03
  4.685472601E-02  1.352928212E-03
  4.819619291E-02  9.923862032E-04
  4.954810055E-02  7.037619988E-04
  5.091065145E-02  4.891880878E-04
  5.228414898E-02  3.508392514E-04
  5.367117498E-02  2.909139746E-04
  5.507639340E-02  2.882864258E-04
  5.649837793E-02  2.880974411E-04
  5.793247204E-02  2.879596249E-04
  5.937861895E-02  2.878516842E-04
  6.083651424E-02  2.877640340E-04
  6.230636090E-02  2.876905694E-04
  6.378826141E-02  2.876287541E-04
  6.528221260E-02  2.875760815E-04
  6.678835800E-02  2.875299560E-04
  6.830680798E-02  2.874899353E-04
  6.983760665E-02  2.874549873E-04
  7.138095648E-02  2.874240797E-04
  7.293685754E-02  2.873972124E-04
  7.450540523E-02  2.873728815E-04
  7.608675679E-02  2.873511164E-04
  7.768095752E-02  2.873323595E-04
  7.928820352E-02  2.873151362E-04
  8.090845455E-02  2.872999183E-04
  8.254205396E-02  2.872862635E-04
  8.418880294E-02  2.872740833E-04
  8.584910155E-02  2.872629353E-04
  8.752290428E-02  2.872533209E-04
  8.921025147E-02  2.872442079E-04
  9.091144999E-02  2.872360976E-04
  9.262645443E-02  2.872289901E-04
  9.435545107E-02  2.872229147E-04
  9.609850258E-02  2.872173407E-04
  9.785580397E-02  2.872122681E-04
  9.962740302E-02  2.872077263E-04
  1.014134040E-01  2.872036564E-04
  1.032140007E-01  2.871996160E-04
  1.050292521E-01  2.871965783E-04
  1.068592488E-01  2.871940420E-04
  1.087041504E-01  2.871915057E-04
  1.105641506E-01  2.871889694E-04
  1.124393499E-01  2.871874653E-04
  1.143297522E-01  2.871854304E-04
  1.162355511E-01  2.871843981E-04
  1.181568510E-01  2.871833954E-04
  1.200938001E-01  2.871828940E-04
  1.220465973E-01  2.871818913E-04
  1.240151972E-01  2.871818913E-04
  1.260000020E-01  2.871818913E-04
  1.279847026E-01  2.871813605E-04
  1.299533993E-01  2.871818913E-04
  1.319061071E-01  2.871823927E-04
  1.338430488E-01  2.871833954E-04
  1.357644051E-01  2.871843981E-04
  1.376702482E-01  2.871859317E-04
  1.395606467E-01  2.871874653E-04
  1.414357492E-01  2.871889694E-04
  1.432957494E-01  2.871915057E-04
  1.451406473E-01  2.871940420E-04
  1.469707483E-01  2.871965783E-04
  1.487858953E-01  2.871996160E-04
  1.505865523E-01  2.872036564E-04
  1.523725973E-01  2.872077263E-04
  1.541441963E-01  2.872122681E-04
  1.559014978E-01  2.872173407E-04
  1.576444487E-01  2.872229147E-04
  1.593734453E-01  2.872294914E-04
  1.610885541E-01  2.872365990E-04
  1.627897451E-01  2.872442079E-04
  1.644770998E-01  2.872533209E-04
  1.661509025E-01  2.872629353E-04
  1.678111005E-01  2.872740833E-04
  1.694579464E-01  2.872862635E-04
  1.710914489E-01  2.872999183E-04
  1.727118005E-01  2.873151362E-04
  1.743189951E-01  2.873323595E-04
  1.759132473E-01  2.873516178E-04
  1.774944907E-01  2.873728815E-04
  1.790630460E-01  2.873967111E-04
  1.806190401E-01  2.874240797E-04
  1.821622930E-01  2.874549873E-04
  1.836930955E-01  2.874899353E-04
  1.852115381E-01  2.875299560E-04
  1.867176946E-01  2.875755506E-04
  1.882116383E-01  2.876287541E-04
  1.896935352E-01  2.876905694E-04
  1.911633837E-01  2.877635326E-04
  1.926212808E-01  2.878506815E-04
  1.940674277E-01  2.879590941E-04
  1.955016734E-01  2.880969102E-04
  1.969235045E-01  2.882859244E-04
  1.983287266E-01  2.909148922E-04
  1.997157998E-01  3.508329190E-04
  2.010893433E-01  4.891800929E-04
  2.024518557E-01  7.037439994E-04
  2.038037124E-01  9.923656913E-04
  2.051451699E-01  1.352898177E-03
  2.064764973E-01  1.783296584E-03
  2.077978366E-01  2.281524297E-03
  2.091090911E-01  2.845602849E-03
  2.104105966E-01  3.473608408E-03
  2.117023681E-01  4.163672477E-03
  2.129847531E-01  4.913294549E-03
  2.142583586E-01  5.715073295E-03
  2.155227803E-01  6.559975388E-03
  2.167783748E-01  7.439266193E-03
  2.180247296E-01  8.344571286E-03
  2.192619477E-01  9.267899453E-03
  2.204900280E-01  1.020158661E-02
  2.217089614E-01  1.113836092E-02
  2.229183100E-01  1.207185293E-02
  2.241177480E-01  1.300214492E-02
  2.253074311E-01  1.393118459E-02
  2.264871793E-01  1.486102340E-02
  2.276572546E-01  1.579335969E-02
  2.288176869E-01  1.673004372E-02
  2.299685655E-01  1.767277561E-02
  2.311100475E-01  1.862325638E-02
  2.322427285E-01  1.958324115E-02
  2.333671288E-01  2.054813538E-02
  2.344838894E-01  2.150519708E-02
  2.355931746E-01  2.244117473E-02
  2.366951796E-01  2.334331829E-02
  2.377901156E-01  2.419972915E-02
  2.388784724E-01  2.499860787E-02
  2.399695772E-01  2.573330413E-02
  2.410640569E-01  2.638921534E-02
  2.421624550E-01  2.695178823E-02
  2.432643414E-01  2.740560591E-02
  2.443669372E-01  2.774619559E-02
  2.454678633E-01  2.798795523E-02
  2.465657479E-01  2.814708921E-02
  2.476601824E-01  2.824045473E-02
  2.487516421E-01  2.828456006E-02
  2.498377714E-01  2.828560992E-02
  2.509191823E-01  2.828535605E-02
  2.520000041E-01  2.828454537E-02
 -2.328310045E-10  2.837239015E-02
  1.081027791E-03  2.837345110E-02
  2.162897609E-03  2.837378334E-02
  3.250934308E-03  2.837274922E-02
  4.345926689E-03  2.832851860E-02
  5.444831398E-03  2.823479356E-02
  6.548244982E-03  2.807487729E-02
  7.655504350E-03  2.783180947E-02
  8.765111330E-03  2.748892628E-02
  9.873663851E-03  2.703248776E-02
  1.097777403E-02  2.646715415E-02
  1.207673818E-02  2.580854729E-02
  1.317125967E-02  2.507159857E-02
  1.426220063E-02  2.427077478E-02
  1.535902372E-02  2.341304001E-02
  1.646236065E-02  2.250986327E-02
  1.757247509E-02  2.157324497E-02
  1.868960008E-02  2.061591851E-02
  1.981396837E-02  1.965104869E-02
  2.094614431E-02  1.869154005E-02
  2.208718885E-02  1.774149718E-02
  2.323759903E-02  1.679908717E-02
  2.439760884E-02  1.586277841E-02
  2.556731822E-02  1.493087089E-02
  2.674679140E-02  1.400136447E-02
  2.793616410E-02  1.307249279E-02
  2.913540240E-02  1.214238813E-02
  3.034457348E-02  1.120898410E-02
  3.156324558E-02  1.027254500E-02
  3.279082338E-02  9.339265682E-03
  3.402727346E-02  8.416564710E-03
  3.527266483E-02  7.512068959E-03
  3.652676474E-02  6.633798719E-03
  3.778950387E-02  5.790140513E-03
  3.906082294E-02  4.989800834E-03
  4.034054832E-02  4.241774360E-03
  4.162928382E-02  3.553359630E-03
  4.292749262E-02  2.926982410E-03
  4.423517719E-02  2.364453350E-03
  4.555269604E-02  1.867686574E-03
  4.687995605E-02  1.438616174E-03
  4.821712199E-02  1.079235263E-03
  4.956452472E-02  7.915680263E-04
  5.092239823E-02  5.777116138E-04
  5.229117176E-02  4.398034618E-04
  5.367413105E-02  3.799936888E-04
  5.507737876E-02  3.772864102E-04
  5.649901949E-02  3.770390819E-04
  5.793295685E-02  3.768587191E-04
  5.937902568E-02  3.767174548E-04
  6.083685862E-02  3.766027451E-04
  6.230665808E-02  3.765066005E-04
  6.378852713E-02  3.764257016E-04
  6.528243169E-02  3.763567678E-04
  6.678856194E-02  3.762964024E-04
  6.830699561E-02  3.762440265E-04
  6.983776281E-02  3.761982893E-04
  7.138109633E-02  3.761578399E-04
  7.293699856E-02  3.761226782E-04
  7.450552993E-02  3.760908359E-04
  7.608686633E-02  3.760623514E-04
  7.768106706E-02  3.760378038E-04
  7.928829675E-02  3.760152633E-04
  8.090853264E-02  3.759953474E-04
  8.254213204E-02  3.759774771E-04
  8.418886471E-02  3.759615366E-04
  8.584916448E-02  3.759469470E-04
  8.752296721E-02  3.759343644E-04
  8.921029809E-02  3.759224380E-04
  9.091149660E-02  3.759118239E-04
  9.262650105E-02  3.759025221E-04
  9.435549768E-02  3.758945711E-04
  9.609853404E-02  3.758872764E-04
  9.785583543E-02  3.758806377E-04
  9.962743449E-02  3.758746938E-04
  1.014134355E-01  3.758693674E-04
  1.032140322E-01  3.758640797E-04
  1.050292673E-01  3.758601042E-04
  1.068592640E-01  3.758567849E-04
  1.087041668E-01  3.758534656E-04
  1.105641670E-01  3.758501462E-04
  1.124393663E-01  3.758481778E-04
  1.143297674E-01  3.758455146E-04
  1.162355663E-01  3.758441637E-04
  1.181568674E-01  3.758428514E-04
  1.200938001E-01  3.758421953E-04
  1.220465973E-01  3.758408830E-04
  1.240151972E-01  3.758408830E-04
  1.260000020E-01  3.758408830E-04
  1.279847026E-01  3.758401882E-04
  1.299533993E-01  3.758408830E-04
  1.319061071E-01  3.758415392E-04
  1.338430348E-01  3.758428514E-04
  1.357644051E-01  3.758441637E-04
  1.376702342E-01  3.758461708E-04
  1.395606303E-01  3.758481778E-04
  1.414357328E-01  3.758501462E-04
  1.432957354E-01  3.758534656E-04
  1.451406333E-01  3.758567849E-04
  1.469707343E-01  3.758601042E-04
  1.487858650E-01  3.758640797E-04
  1.505865359E-01  3.758693674E-04
  1.523725646E-01  3.758746938E-04
  1.541441637E-01  3.758806377E-04
  1.559014675E-01  3.758872764E-04
  1.576444021E-01  3.758945711E-04
  1.593733987E-01  3.759031782E-04
  1.610885074E-01  3.759124801E-04
  1.627896985E-01  3.759224380E-04
  1.644770368E-01  3.759343644E-04
  1.661508396E-01  3.759469470E-04
  1.678110375E-01  3.759615366E-04
  1.694578695E-01  3.759774771E-04
  1.710913696E-01  3.759953474E-04
  1.727117073E-01  3.760152633E-04
  1.743189018E-01  3.760378038E-04
  1.759131377E-01  3.760630075E-04
  1.774943649E-01  3.760908359E-04
  1.790629061E-01  3.761220221E-04
  1.806189003E-01  3.761578399E-04
  1.821621345E-01  3.761982893E-04
  1.836929067E-01  3.762440265E-04
  1.852113353E-01  3.762964024E-04
  1.867174755E-01  3.763560730E-04
  1.882113726E-01  3.764257016E-04
  1.896932392E-01  3.765066005E-04
  1.911630411E-01  3.766020890E-04
  1.926208729E-01  3.767161425E-04
  1.940669429E-01  3.768580243E-04
  1.955010488E-01  3.770383871E-04
  1.969225185E-01  3.772857540E-04
  1.983257712E-01  3.799943154E-04
  1.997087910E-01  4.397969041E-04
  2.010775959E-01  5.777033117E-04
  2.024354467E-01  7.915497174E-04
  2.037827839E-01  1.079214905E-03
  2.051199387E-01  1.438586139E-03
  2.064471988E-01  1.867656539E-03
  2.077647226E-01  2.364423315E-03
  2.090724109E-01  2.926942363E-03
  2.103706159E-01  3.553319583E-03
  2.116593527E-01  4.241724068E-03
  2.129390805E-01  4.989747557E-03
  2.142104928E-01  5.790087236E-03
  2.154731337E-01  6.633748893E-03
  2.167273367E-01  7.512008889E-03
  2.179726263E-01  8.416488068E-03
  2.192090776E-01  9.339195216E-03
  2.204366567E-01  1.027245540E-02
  2.216553244E-01  1.120898410E-02
  2.228645029E-01  1.214228847E-02
  2.240637381E-01  1.307239283E-02
  2.252531695E-01  1.400119782E-02
  2.264325890E-01  1.493077062E-02
  2.276022890E-01  1.586277841E-02
  2.287622994E-01  1.679908717E-02
  2.299127096E-01  1.774139660E-02
  2.310536881E-01  1.869143947E-02
  2.321859962E-01  1.965104869E-02
  2.333103009E-01  2.061581792E-02
  2.344274228E-01  2.157314563E-02
  2.355375354E-01  2.250976455E-02
  2.366408714E-01  2.341294066E-02
  2.377376976E-01  2.427077478E-02
  2.388286370E-01  2.507149923E-02
  2.399231681E-01  2.580844795E-02
  2.410221207E-01  2.646698687E-02
  2.421261967E-01  2.703242230E-02
  2.432348425E-01  2.748899298E-02
  2.443444121E-01  2.783171013E-02
  2.454517689E-01  2.807487729E-02
  2.465551730E-01  2.823479356E-02
  2.476540664E-01  2.832851860E-02
  2.487490619E-01  2.837274922E-02
  2.498370815E-01  2.837378334E-02
  2.509189306E-01  2.837345110E-02
  2.520000041E-01  2.837239015E-02
 -2.328310045E-10  2.847454757E-02
  1.081309756E-03  2.847589957E-02
  2.163692533E-03  2.847632296E-02
  3.253933916E-03  2.847530713E-02
  4.353039195E-03  2.843093082E-02
  5.457129942E-03  2.833678767E-02
  6.566966609E-03  2.817596166E-02
  7.681704074E-03  2.793125665E-02
  8.799433170E-03  2.758588141E-02
  9.915818282E-03  2.712627759E-02
  1.102654264E-02  2.655761537E-02
  1.213070926E-02  2.589593403E-02
  1.322921448E-02  2.515636587E-02
  1.432315690E-02  2.435339596E-02
  1.542218100E-02  2.349400570E-02
  1.652706415E-02  2.258962851E-02
  1.763814288E-02  2.165226412E-02
  1.875568632E-02  2.069462864E-02
  1.987996346E-02  1.972990418E-02
  2.101166640E-02  1.877083229E-02
  2.215214714E-02  1.782129867E-02
  2.330201148E-02  1.687937995E-02
  2.446152999E-02  1.594350760E-02
  2.563080297E-02  1.501198228E-02
  2.680991226E-02  1.408280316E-02
  2.799897560E-02  1.315418610E-02
  2.919797741E-02  1.222429981E-02
  3.040694858E-02  1.129111398E-02
  3.162531133E-02  1.035496594E-02
  3.285230703E-02  9.422177912E-03
  3.408786600E-02  8.500200837E-03
  3.533201999E-02  7.596663704E-03
  3.658450101E-02  6.719592222E-03
  3.784516653E-02  5.877374695E-03
  3.911393901E-02  5.078708552E-03
  4.039057160E-02  4.332542983E-03
  4.167577859E-02  3.646058237E-03
  4.297014919E-02  3.021574660E-03
  4.427368655E-02  2.460859198E-03
  4.558676681E-02  1.965791390E-03
  4.690929684E-02  1.538265371E-03
  4.824146106E-02  1.180234736E-03
  4.958362490E-02  8.936803876E-04
  5.093605893E-02  6.806583765E-04
  5.229933877E-02  5.432627102E-04
  5.367756876E-02  4.835872600E-04
  5.507852466E-02  4.807872611E-04
  5.649976558E-02  4.804720833E-04
  5.793352065E-02  4.802422417E-04
  5.937949868E-02  4.800622244E-04
  6.083725911E-02  4.799160465E-04
  6.230700368E-02  4.797935265E-04
  6.378883613E-02  4.796904346E-04
  6.528268649E-02  4.796025902E-04
  6.678879912E-02  4.795256648E-04
  6.830721381E-02  4.794589207E-04
  6.983794442E-02  4.794006364E-04
  7.138125896E-02  4.793490905E-04
  7.293716255E-02  4.793042829E-04
  7.450567495E-02  4.792637053E-04
  7.608699373E-02  4.792274067E-04
  7.768119446E-02  4.791961250E-04
  7.928840518E-02  4.791674010E-04
  8.090862344E-02  4.791420215E-04
  8.254222284E-02  4.791192488E-04
  8.418893654E-02  4.790989354E-04
  8.584923767E-02  4.790803434E-04
  8.752304040E-02  4.790643091E-04
  8.921035230E-02  4.790491109E-04
  9.091155081E-02  4.790355850E-04
  9.262655526E-02  4.790237315E-04
  9.435555189E-02  4.790135993E-04
  9.609857064E-02  4.790043034E-04
  9.785587203E-02  4.789958435E-04
  9.962747108E-02  4.789882691E-04
  1.014134721E-01  4.789814815E-04
  1.032140688E-01  4.789747432E-04
  1.050292849E-01  4.789696771E-04
  1.068592816E-01  4.789654472E-04
  1.087041857E-01  4.789612173E-04
  1.105641859E-01  4.789569874E-04
  1.124393852E-01  4.789544789E-04
  1.143297850E-01  4.789510852E-04
  1.162355839E-01  4.789493637E-04
  1.181568863E-01  4.789476913E-04
  1.200938001E-01  4.789468552E-04
  1.220465973E-01  4.789451830E-04
  1.240151972E-01  4.789451830E-04
  1.260000020E-01  4.789451830E-04
  1.279847026E-01  4.789442976E-04
  1.299533993E-01  4.789451830E-04
  1.319061071E-01  4.789460191E-04
  1.338430186E-01  4.789476913E-04
  1.357644051E-01  4.789493637E-04
  1.376702179E-01  4.789519213E-04
  1.395606114E-01  4.789544789E-04
  1.414357139E-01  4.789569874E-04
  1.432957192E-01  4.789612173E-04
  1.451406171E-01  4.789654472E-04
  1.469707181E-01  4.789696771E-04
  1.487858297E-01  4.789747432E-04
  1.505865170E-01  4.789814815E-04
  1.523725267E-01  4.789882691E-04
  1.541441257E-01  4.789958435E-04
  1.559014322E-01  4.790043034E-04
  1.576443479E-01  4.790135993E-04
  1.593733445E-01  4.790245676E-04
  1.610884532E-01  4.790364212E-04
  1.627896443E-01  4.790491109E-04
  1.644769637E-01  4.790643091E-04
  1.661507664E-01  4.790803434E-04
  1.678109644E-01  4.790989354E-04
  1.694577800E-01  4.791192488E-04
  1.710912774E-01  4.791420215E-04
  1.727115989E-01  4.791674010E-04
  1.743187934E-01  4.791961250E-04
  1.759130104E-01  4.792282428E-04
  1.774942185E-01  4.792637053E-04
  1.790627435E-01  4.793034468E-04
  1.806187377E-01  4.793490905E-04
  1.821619502E-01  4.794006364E-04
  1.836926871E-01  4.794589207E-04
  1.852110995E-01  4.795256648E-04
  1.867172207E-01  4.796017048E-04
  1.882110636E-01  4.796904346E-04
  1.896928949E-01  4.797935265E-04
  1.911626426E-01  4.799152103E-04
  1.926203985E-01  4.800605521E-04
  1.940663791E-01  4.802413563E-04
  1.955003223E-01  4.804711980E-04
  1.969213719E-01  4.807864249E-04
  1.983223341E-01  4.835875483E-04
  1.997006402E-01  5.432558904E-04
  2.010639345E-01  6.806497171E-04
  2.024163641E-01  8.936617187E-04
  2.037584455E-01  1.180214558E-03
  2.050905966E-01  1.538235336E-03
  2.064131267E-01  1.965761355E-03
  2.077262132E-01  2.460829163E-03
  2.090297543E-01  3.021534613E-03
  2.103241211E-01  3.646018190E-03
  2.116093287E-01  4.332492692E-03
  2.128859665E-01  5.078657139E-03
  2.141548281E-01  5.877323282E-03
  2.154153981E-01  6.719542396E-03
  2.166679829E-01  7.596603634E-03
  2.179120338E-01  8.500122332E-03
  2.191475933E-01  9.422107276E-03
  2.203745896E-01  1.035487091E-02
  2.215929483E-01  1.129111398E-02
  2.228019289E-01  1.222420015E-02
  2.240009283E-01  1.315408631E-02
  2.251900669E-01  1.408261838E-02
  2.263691042E-01  1.501188183E-02
  2.275383679E-01  1.594350760E-02
  2.286978877E-01  1.687937995E-02
  2.298477530E-01  1.782119809E-02
  2.309881460E-01  1.877073171E-02
  2.321200204E-01  1.972990418E-02
  2.332442140E-01  2.069452805E-02
  2.343617560E-01  2.165216511E-02
  2.354728309E-01  2.258952979E-02
  2.365777146E-01  2.349390669E-02
  2.376767391E-01  2.435339596E-02
  2.387706818E-01  2.515626686E-02
  2.398691975E-01  2.589583502E-02
  2.409733518E-01  2.655742979E-02
  2.420840307E-01  2.712619417E-02
  2.432005372E-01  2.758596640E-02
  2.443182169E-01  2.793115764E-02
  2.454330523E-01  2.817596166E-02
  2.465428750E-01  2.833678767E-02
  2.476469538E-01  2.843093082E-02
  2.487460612E-01  2.847530713E-02
  2.498362792E-01  2.847632296E-02
  2.509186379E-01  2.847589957E-02
  2.520000041E-01  2.847454757E-02
 -2.328310045E-10  2.859365662E-02
  1.081804723E-03  2.859532989E-02
  2.164995402E-03  2.859588721E-02
  3.257877304E-03  2.859491520E-02
  4.361701097E-03  2.855039784E-02
  5.471760081E-03  2.845579135E-02
  6.588949895E-03  2.829394220E-02
  7.712213409E-03  2.804740818E-02
  8.839171110E-03  2.769922756E-02
  9.964472251E-03  2.723603623E-02
  1.108279032E-02  2.666357386E-02
  1.219299050E-02  2.599836548E-02
  1.329615824E-02  2.525575942E-02
  1.439362751E-02  2.445030139E-02
  1.549525977E-02  2.358898203E-02
  1.660199580E-02  2.268319879E-02
  1.771424554E-02  2.174495629E-02
  1.883232587E-02  2.078696167E-02
  1.995655914E-02  1.982237797E-02
  2.108779143E-02  1.886378529E-02
  2.222766778E-02  1.791482649E-02
  2.337693747E-02  1.697346171E-02
  2.453590770E-02  1.603810208E-02
  2.570469597E-02  1.510702640E-02
  2.688338822E-02  1.417823892E-02
  2.807209780E-02  1.324994589E-02
  2.927082482E-02  1.232034151E-02
  3.047955238E-02  1.138743740E-02
  3.169753313E-02  1.045167260E-02
  3.292385249E-02  9.519495354E-03
  3.415838174E-02  8.598394909E-03
  3.540110388E-02  7.696007708E-03
  3.665170934E-02  6.820365128E-03
  3.790997686E-02  5.979855912E-03
  3.917580154E-02  5.183162998E-03
  4.044886894E-02  4.439179337E-03
  4.173000425E-02  3.754952287E-03
  4.301993201E-02  3.132684145E-03
  4.431866750E-02  2.574089443E-03
  4.562660185E-02  2.081004702E-03
  4.694365874E-02  1.655275926E-03
  4.827003934E-02  1.298810083E-03
  4.960615553E-02  1.013536299E-03
  5.095234852E-02  8.014603431E-04
  5.230936359E-02  6.646219125E-04
  5.368224508E-02  6.050485843E-04
  5.508049844E-02  6.020782317E-04
  5.650109995E-02  6.016417371E-04
  5.793455317E-02  6.013225112E-04
  5.938035243E-02  6.010730111E-04
  6.083798348E-02  6.008697637E-04
  6.230763069E-02  6.007002508E-04
  6.378938704E-02  6.005569474E-04
  6.528316265E-02  6.004346209E-04
  6.678922668E-02  6.003284241E-04
  6.830760253E-02  6.002352964E-04
  6.983828517E-02  6.001544305E-04
  7.138156128E-02  6.000833398E-04
  7.293744881E-02  6.000209024E-04
  7.450592825E-02  5.999643171E-04
  7.608722068E-02  5.999142029E-04
  7.768141008E-02  5.998708132E-04
  7.928859917E-02  5.998308505E-04
  8.090879108E-02  5.997957445E-04
  8.254238461E-02  5.997641139E-04
  8.418907668E-02  5.997357937E-04
  8.584936762E-02  5.997099602E-04
  8.752316448E-02  5.996875471E-04
  8.921046064E-02  5.996666319E-04
  9.091165369E-02  5.996481419E-04
  9.262664638E-02  5.996315260E-04
  9.435564343E-02  5.996173902E-04
  9.609864128E-02  5.996041946E-04
  9.785593680E-02  5.995924904E-04
  9.962753585E-02  5.995823391E-04
  1.014135314E-01  5.995725090E-04
  1.032141227E-01  5.995632915E-04
  1.050293226E-01  5.995565056E-04
  1.068593193E-01  5.995506601E-04
  1.087042187E-01  5.995448081E-04
  1.105642189E-01  5.995389559E-04
  1.124394127E-01  5.995350263E-04
  1.143298113E-01  5.995306722E-04
  1.162356102E-01  5.995281855E-04
  1.181569080E-01  5.995257538E-04
  1.200938056E-01  5.995248201E-04
  1.220466032E-01  5.995223950E-04
  1.240152031E-01  5.995223950E-04
  1.260000020E-01  5.995223950E-04
  1.279846967E-01  5.995214062E-04
  1.299533934E-01  5.995223950E-04
  1.319060953E-01  5.995238863E-04
  1.338429988E-01  5.995257538E-04
  1.357643933E-01  5.995281855E-04
  1.376701981E-01  5.995316059E-04
  1.395605843E-01  5.995350263E-04
  1.414356809E-01  5.995389559E-04
  1.432956826E-01  5.995448081E-04
  1.451405805E-01  5.995506601E-04
  1.469706815E-01  5.995565056E-04
  1.487857770E-01  5.995632915E-04
  1.505864672E-01  5.995725090E-04
  1.523724607E-01  5.995823391E-04
  1.541440598E-01  5.995924904E-04
  1.559013569E-01  5.996041946E-04
  1.576442622E-01  5.996173902E-04
  1.593732530E-01  5.996324598E-04
  1.610883558E-01  5.996490758E-04
  1.627895360E-01  5.996666319E-04
  1.644768392E-01  5.996875471E-04
  1.661506301E-01  5.997099602E-04
  1.678108231E-01  5.997357937E-04
  1.694576190E-01  5.997641139E-04
  1.710911032E-01  5.997957445E-04
  1.727114049E-01  5.998308505E-04
  1.743185885E-01  5.998708132E-04
  1.759127834E-01  5.999151367E-04
  1.774939645E-01  5.999643171E-04
  1.790624638E-01  6.000199686E-04
  1.806184354E-01  6.000827756E-04
  1.821616134E-01  6.001544305E-04
  1.836923027E-01  6.002352964E-04
  1.852106735E-01  6.003278600E-04
  1.867167500E-01  6.004336321E-04
  1.882105182E-01  6.005569474E-04
  1.896922750E-01  6.006996866E-04
  1.911619253E-01  6.008688299E-04
  1.926195442E-01  6.010705795E-04
  1.940653462E-01  6.013215224E-04
  1.954990047E-01  6.016401842E-04
  1.969194033E-01  6.020767403E-04
  1.983176580E-01  6.050480201E-04
  1.996906240E-01  6.646147087E-04
  2.010476507E-01  8.014507624E-04
  2.023938426E-01  1.013517271E-03
  2.037298676E-01  1.298789495E-03
  2.050562342E-01  1.655245340E-03
  2.063732911E-01  2.080974116E-03
  2.076812320E-01  2.574058844E-03
  2.089799771E-01  3.132643534E-03
  2.102698953E-01  3.754911663E-03
  2.115510367E-01  4.439129046E-03
  2.128241050E-01  5.183112595E-03
  2.140900164E-01  5.979805510E-03
  2.153481963E-01  6.820315276E-03
  2.165989058E-01  7.695947612E-03
  2.178415182E-01  8.598314816E-03
  2.190760475E-01  9.519424049E-03
  2.203023608E-01  1.045157295E-02
  2.215203495E-01  1.138743740E-02
  2.227290818E-01  1.232024185E-02
  2.239278071E-01  1.324984624E-02
  2.251166073E-01  1.417804435E-02
  2.262952165E-01  1.510692586E-02
  2.274639907E-01  1.603809652E-02
  2.286229564E-01  1.697346171E-02
  2.297722282E-01  1.791472601E-02
  2.309120098E-01  1.886368482E-02
  2.320434356E-01  1.982237797E-02
  2.331675740E-01  2.078686108E-02
  2.342856545E-01  2.174486313E-02
  2.353979046E-01  2.268309997E-02
  2.365046362E-01  2.358888331E-02
  2.376062669E-01  2.445030139E-02
  2.387037379E-01  2.525566070E-02
  2.398069161E-01  2.599826676E-02
  2.409170981E-01  2.666337846E-02
  2.420353644E-01  2.723594307E-02
  2.431608061E-01  2.769932248E-02
  2.442877134E-01  2.804730946E-02
  2.454110735E-01  2.829394220E-02
  2.465282425E-01  2.845579135E-02
  2.476382899E-01  2.855039784E-02
  2.487421180E-01  2.859491520E-02
  2.498349699E-01  2.859588721E-02
  2.509181348E-01  2.859532989E-02
  2.520000041E-01  2.859365662E-02
 -2.328310045E-10  2.873322282E-02
  1.082913583E-03  2.873521505E-02
  2.167718574E-03  2.873601729E-02
  3.263917232E-03  2.873516821E-02
  4.373025377E-03  2.869057728E-02
  5.489828345E-03  2.859550469E-02
  6.615202238E-03  2.843257622E-02
  7.747842258E-03  2.818415313E-02
  8.884845906E-03  2.783300414E-02
  1.001990625E-02  2.736593690E-02
  1.114674678E-02  2.678927876E-02
  1.226391439E-02  2.612012091E-02
  1.337260193E-02  2.537400681E-02
  1.447429073E-02  2.456567818E-02
  1.557911254E-02  2.370210192E-02
  1.668817905E-02  2.279465079E-02
  1.780194953E-02  2.185535317E-02
  1.892081491E-02  2.089694135E-02
  2.004519533E-02  1.993243122E-02
  2.117613334E-02  1.897430464E-02
  2.231547002E-02  1.802595907E-02
  2.346417582E-02  1.708518331E-02
  2.462258172E-02  1.615043692E-02
  2.579087876E-02  1.521990089E-02
  2.696910537E-02  1.429160418E-02
  2.815742243E-02  1.336377725E-02
  2.935583049E-02  1.243459007E-02
  3.056423909E-02  1.150210293E-02
  3.178170440E-02  1.056692693E-02
  3.300723871E-02  9.635586135E-03
  3.424059085E-02  8.715616656E-03
  3.548166977E-02  7.814679490E-03
  3.673011565E-02  6.940810584E-03
  3.798563595E-02  6.102393998E-03
  3.924807460E-02  5.308083195E-03
  4.051709428E-02  4.566695043E-03
  4.179359332E-02  3.885137187E-03
  4.307841780E-02  3.265489058E-03
  4.437163325E-02  2.709399160E-03
  4.567363084E-02  2.218645008E-03
  4.698440733E-02  1.795011317E-03
  4.830416389E-02  1.440348651E-03
  4.963338644E-02  1.156521304E-03
  5.097258801E-02  9.454686003E-04
  5.232270944E-02  8.091549121E-04
  5.368985065E-02  7.495278631E-04
  5.508484043E-02  7.461598302E-04
  5.650414145E-02  7.454468773E-04
  5.793695676E-02  7.449220641E-04
  5.938231460E-02  7.445138291E-04
  6.083965137E-02  7.441788641E-04
  6.230907832E-02  7.439026092E-04
  6.379063910E-02  7.436665724E-04
  6.528429042E-02  7.434642785E-04
  6.679020822E-02  7.432920801E-04
  6.830848537E-02  7.431373919E-04
  6.983909489E-02  7.430047616E-04
  7.138227413E-02  7.428897458E-04
  7.293808672E-02  7.427863395E-04
  7.450649305E-02  7.426924696E-04
  7.608773613E-02  7.426111966E-04
  7.768187617E-02  7.425400755E-04
  7.928904150E-02  7.424741234E-04
  8.090918407E-02  7.424169408E-04
  8.254275200E-02  7.423649327E-04
  8.418942031E-02  7.423179772E-04
  8.584966190E-02  7.422754649E-04
  8.752343317E-02  7.422380866E-04
  8.921073115E-02  7.422044193E-04
  9.091190044E-02  7.421751195E-04
  9.262684196E-02  7.421472368E-04
  9.435584084E-02  7.421237620E-04
  9.609881310E-02  7.421010131E-04
  9.785608302E-02  7.420819407E-04
  9.962768207E-02  7.420666198E-04
  1.014136539E-01  7.420489645E-04
  1.032142214E-01  7.420343350E-04
  1.050294213E-01  7.420241075E-04
  1.068594180E-01  7.420146063E-04
  1.087042918E-01  7.420050702E-04
  1.105642920E-01  7.419955337E-04
  1.124394621E-01  7.419874202E-04
  1.143298607E-01  7.419815951E-04
  1.162356596E-01  7.419771523E-04
  1.181569317E-01  7.419727499E-04
  1.200938293E-01  7.419720589E-04
  1.220466288E-01  7.419676919E-04
  1.240152287E-01  7.419676919E-04
  1.260000020E-01  7.419676919E-04
  1.279846711E-01  7.419669602E-04
  1.299533678E-01  7.419676919E-04
  1.319060442E-01  7.419713679E-04
  1.338429732E-01  7.419727499E-04
  1.357643422E-01  7.419771523E-04
  1.376701725E-01  7.419822861E-04
  1.395605367E-01  7.419874202E-04
  1.414356078E-01  7.419955337E-04
  1.432955839E-01  7.420050702E-04
  1.451404818E-01  7.420146063E-04
  1.469705828E-01  7.420241075E-04
  1.487856783E-01  7.420343350E-04
  1.505863210E-01  7.420489645E-04
  1.523723145E-01  7.420666198E-04
  1.541439136E-01  7.420819407E-04
  1.559011595E-01  7.421010131E-04
  1.576440904E-01  7.421237620E-04
  1.593730555E-01  7.421479278E-04
  1.610881328E-01  7.421758106E-04
  1.627892654E-01  7.422044193E-04
  1.644765686E-01  7.422380866E-04
  1.661503084E-01  7.422754649E-04
  1.678104794E-01  7.423179772E-04
  1.694572498E-01  7.423649327E-04
  1.710906864E-01  7.424169408E-04
  1.727109625E-01  7.424741234E-04
  1.743180986E-01  7.425400755E-04
  1.759122679E-01  7.426118876E-04
  1.774934015E-01  7.426924696E-04
  1.790618497E-01  7.427856485E-04
  1.806177225E-01  7.428867258E-04
  1.821608311E-01  7.430047616E-04
  1.836914436E-01  7.431373919E-04
  1.852096938E-01  7.432890600E-04
  1.867156460E-01  7.434635468E-04
  1.882092899E-01  7.436665724E-04
  1.896908529E-01  7.438995889E-04
  1.911602802E-01  7.441781730E-04
  1.926175848E-01  7.445094268E-04
  1.940629408E-01  7.449213324E-04
  1.954959632E-01  7.454431255E-04
  1.969150859E-01  7.461561541E-04
  1.983100506E-01  7.495248427E-04
  1.996772553E-01  8.091470087E-04
  2.010274386E-01  9.454563350E-04
  2.023665861E-01  1.156502047E-03
  2.036957421E-01  1.440325606E-03
  2.050154883E-01  1.794978332E-03
  2.063262648E-01  2.218612023E-03
  2.076282654E-01  2.709366105E-03
  2.089215160E-01  3.265445991E-03
  2.102063053E-01  3.885094049E-03
  2.114828369E-01  4.566644752E-03
  2.127518292E-01  5.308030278E-03
  2.140143592E-01  6.102341082E-03
  2.152698155E-01  6.940760618E-03
  2.165183646E-01  7.814619280E-03
  2.177593101E-01  8.715536563E-03
  2.189926622E-01  9.635512545E-03
  2.202181639E-01  1.056682728E-02
  2.214356884E-01  1.150210293E-02
  2.226440733E-01  1.243449042E-02
  2.238424806E-01  1.336367760E-02
  2.250308933E-01  1.429143430E-02
  2.262090565E-01  1.521980059E-02
  2.273773190E-01  1.615040713E-02
  2.285356924E-01  1.708518331E-02
  2.296844012E-01  1.802585905E-02
  2.308236930E-01  1.897420462E-02
  2.319547752E-01  1.993243122E-02
  2.330790854E-01  2.089684076E-02
  2.341979519E-01  2.185528423E-02
  2.353117483E-01  2.279455151E-02
  2.364207829E-01  2.370200320E-02
  2.375256051E-01  2.456567818E-02
  2.386272947E-01  2.537390809E-02
  2.397359892E-01  2.612002219E-02
  2.408531170E-01  2.678910850E-02
  2.419799192E-01  2.736586796E-02
  2.431150995E-01  2.783307437E-02
  2.442520928E-01  2.818405441E-02
  2.453848223E-01  2.843257622E-02
  2.465101617E-01  2.859550469E-02
  2.476269574E-01  2.869057728E-02
  2.487360825E-01  2.873516821E-02
  2.498322465E-01  2.873601729E-02
  2.509170308E-01  2.873521505E-02
  2.520000041E-01  2.873322282E-02
 -2.328310045E-10  2.889502839E-02
  1.084199137E-03  2.889739040E-02
  2.170875673E-03  2.889847660E-02
  3.270919601E-03  2.889777002E-02
  4.386154140E-03  2.885309380E-02
  5.510775721E-03  2.875748084E-02
  6.645637796E-03  2.859330105E-02
  7.789148434E-03  2.834268790E-02
  8.937798813E-03  2.798809752E-02
  1.008417346E-02  2.751653677E-02
  1.122089446E-02  2.693501428E-02
  1.234613975E-02  2.626127763E-02
  1.346122664E-02  2.551109648E-02
  1.456780734E-02  2.469943984E-02
  1.567632695E-02  2.383324704E-02
  1.678809528E-02  2.292386225E-02
  1.790362884E-02  2.198334139E-02
  1.902340437E-02  2.102444589E-02
  2.014795537E-02  2.006002105E-02
  2.127855221E-02  1.910243484E-02
  2.241726323E-02  1.815480022E-02
  2.356531530E-02  1.721470734E-02
  2.472306693E-02  1.628067189E-02
  2.589079447E-02  1.535076153E-02
  2.706848124E-02  1.442303379E-02
  2.825634322E-02  1.349574723E-02
  2.945438151E-02  1.256704373E-02
  3.066242033E-02  1.163504000E-02
  3.187928806E-02  1.070054661E-02
  3.310391222E-02  9.770175559E-03
  3.433589967E-02  8.851517261E-03
  3.557507354E-02  7.952261187E-03
  3.682101573E-02  7.080448584E-03
  3.807335105E-02  6.244458081E-03
  3.933186410E-02  5.452908969E-03
  4.059619108E-02  4.714529911E-03
  4.186731506E-02  4.036066575E-03
  4.314622307E-02  3.419455950E-03
  4.443303890E-02  2.866269986E-03
  4.572815372E-02  2.378217794E-03
  4.703164905E-02  1.957013033E-03
  4.834372607E-02  1.604440873E-03
  4.966495650E-02  1.322290447E-03
  5.099605259E-02  1.112424048E-03
  5.233818191E-02  9.767187176E-04
  5.369866815E-02  9.170293876E-04
  5.508987431E-02  9.132003055E-04
  5.650766760E-02  9.121668416E-04
  5.793974335E-02  9.114036816E-04
  5.938458943E-02  9.108114178E-04
  6.084158503E-02  9.103237464E-04
  6.231075664E-02  9.099237408E-04
  6.379209067E-02  9.095801937E-04
  6.528559789E-02  9.092851899E-04
  6.679134617E-02  9.090364727E-04
  6.830950888E-02  9.088104145E-04
  6.984003365E-02  9.086177715E-04
  7.138310057E-02  9.084518314E-04
  7.293882628E-02  9.083009278E-04
  7.450714784E-02  9.081638322E-04
  7.608833371E-02  9.080464353E-04
  7.768241654E-02  9.079431638E-04
  7.928955432E-02  9.078470811E-04
  8.090963967E-02  9.077643041E-04
  8.254317794E-02  9.076886713E-04
  8.418981869E-02  9.076201112E-04
  8.585000307E-02  9.075582622E-04
  8.752374467E-02  9.075035340E-04
  8.921104477E-02  9.074550828E-04
  9.091218652E-02  9.074132507E-04
  9.262706870E-02  9.073723058E-04
  9.435606970E-02  9.073380040E-04
  9.609901229E-02  9.073041793E-04
  9.785625255E-02  9.072765646E-04
  9.962785160E-02  9.072552505E-04
  1.014137959E-01  9.072285230E-04
  1.032143358E-01  9.072076190E-04
  1.050295357E-01  9.071934015E-04
  1.068595324E-01  9.071796622E-04
  1.087043766E-01  9.071658549E-04
  1.105643768E-01  9.071520470E-04
  1.124395193E-01  9.071390829E-04
  1.143299179E-01  9.071315526E-04
  1.162357168E-01  9.071248420E-04
  1.181569592E-01  9.071181548E-04
  1.200938569E-01  9.071177453E-04
  1.220466584E-01  9.071111267E-04
  1.240152583E-01  9.071111267E-04
  1.260000020E-01  9.071111267E-04
  1.279846415E-01  9.071106931E-04
  1.299533382E-01  9.071111267E-04
  1.319059848E-01  9.071173357E-04
  1.338429436E-01  9.071181548E-04
  1.357642828E-01  9.071248420E-04
  1.376701429E-01  9.071319622E-04
  1.395604816E-01  9.071390829E-04
  1.414355230E-01  9.071520470E-04
  1.432954695E-01  9.071658549E-04
  1.451403674E-01  9.071796622E-04
  1.469704684E-01  9.071934015E-04
  1.487855639E-01  9.072076190E-04
  1.505861514E-01  9.072285230E-04
  1.523721450E-01  9.072552505E-04
  1.541437440E-01  9.072765646E-04
  1.559009306E-01  9.073041793E-04
  1.576438912E-01  9.073380040E-04
  1.593728267E-01  9.073727153E-04
  1.610878743E-01  9.074136603E-04
  1.627889518E-01  9.074550828E-04
  1.644762550E-01  9.075035340E-04
  1.661499355E-01  9.075582622E-04
  1.678100811E-01  9.076201112E-04
  1.694568217E-01  9.076886713E-04
  1.710902033E-01  9.077643041E-04
  1.727104497E-01  9.078470811E-04
  1.743175307E-01  9.079431638E-04
  1.759116704E-01  9.080468449E-04
  1.774927488E-01  9.081638322E-04
  1.790611377E-01  9.083005183E-04
  1.806168960E-01  9.084459640E-04
  1.821599242E-01  9.086177715E-04
  1.836904476E-01  9.088104145E-04
  1.852085579E-01  9.090306053E-04
  1.867143661E-01  9.092847562E-04
  1.882078658E-01  9.095801937E-04
  1.896892042E-01  9.099178728E-04
  1.911583730E-01  9.103233368E-04
  1.926153132E-01  9.108047308E-04
  1.940601521E-01  9.114032479E-04
  1.954924370E-01  9.121605406E-04
  1.969100806E-01  9.131940965E-04
  1.983012309E-01  9.170235196E-04
  1.996617564E-01  9.767100030E-04
  2.010040058E-01  1.112408670E-03
  2.023349864E-01  1.322270925E-03
  2.036561789E-01  1.604414981E-03
  2.049682498E-01  1.956977267E-03
  2.062717451E-01  2.378182027E-03
  2.075668587E-01  2.866234083E-03
  2.088537393E-01  3.419410035E-03
  2.101325825E-01  4.036020523E-03
  2.114037698E-01  4.714479620E-03
  2.126680366E-01  5.452853138E-03
  2.139266462E-01  6.244402251E-03
  2.151789451E-01  7.080398485E-03
  2.164249894E-01  7.952200844E-03
  2.176640023E-01  8.851437167E-03
  2.188959897E-01  9.770099320E-03
  2.201205505E-01  1.070044696E-02
  2.213375368E-01  1.163504000E-02
  2.225455191E-01  1.256694407E-02
  2.237435577E-01  1.349564758E-02
  2.249315211E-01  1.442289251E-02
  2.261091673E-01  1.535066149E-02
  2.272768364E-01  1.628061403E-02
  2.284345233E-01  1.721470734E-02
  2.295825794E-01  1.815470074E-02
  2.307213033E-01  1.910233535E-02
  2.318519871E-01  2.006002105E-02
  2.329764965E-01  2.102434531E-02
  2.340962741E-01  2.198330053E-02
  2.352118633E-01  2.292376244E-02
  2.363235680E-01  2.383314832E-02
  2.374320901E-01  2.469943984E-02
  2.385386705E-01  2.551099776E-02
  2.396537604E-01  2.626117891E-02
  2.407789407E-01  2.693487316E-02
  2.419156390E-01  2.751649591E-02
  2.430621098E-01  2.798813915E-02
  2.442107961E-01  2.834258918E-02
  2.453543881E-01  2.859330105E-02
  2.464891997E-01  2.875748084E-02
  2.476138191E-01  2.885309380E-02
  2.487290853E-01  2.889777002E-02
  2.498290890E-01  2.889847660E-02
  2.509157509E-01  2.889739040E-02
  2.520000041E-01  2.889502839E-02
 -2.328310045E-10  2.908235937E-02
  1.085687491E-03  2.908514949E-02
  2.174530815E-03  2.908656444E-02
  3.279026619E-03  2.908602285E-02
  4.401354012E-03  2.904124788E-02
  5.535027619E-03  2.894500931E-02
  6.680874672E-03  2.877938081E-02
  7.836970807E-03  2.852623210E-02
  8.999105231E-03  2.816765743E-02
  1.015857905E-02  2.769089431E-02
  1.130673921E-02  2.710374010E-02
  1.244133645E-02  2.642470233E-02
  1.356383222E-02  2.566981254E-02
  1.467607653E-02  2.485430287E-02
  1.578887728E-02  2.398508077E-02
  1.690377366E-02  2.307345728E-02
  1.802134842E-02  2.213152021E-02
  1.914217767E-02  2.117206473E-02
  2.026692617E-02  2.020773864E-02
  2.139712802E-02  1.925077804E-02
  2.253511468E-02  1.830396653E-02
  2.368240988E-02  1.736466424E-02
  2.483940404E-02  1.643145190E-02
  2.600647223E-02  1.550226589E-02
  2.718353400E-02  1.457519689E-02
  2.837086912E-02  1.364853593E-02
  2.956847930E-02  1.272039242E-02
  3.077609001E-02  1.178894837E-02
  3.199226588E-02  1.085524527E-02
  3.321583633E-02  9.925996943E-03
  3.444624380E-02  9.008856670E-03
  3.568321208E-02  8.111546888E-03
  3.692625562E-02  7.242114977E-03
  3.817490352E-02  6.408933279E-03
  3.942887169E-02  5.620581525E-03
  4.068776568E-02  4.885686257E-03
  4.195266668E-02  4.210805612E-03
  4.322472487E-02  3.597711667E-03
  4.450413152E-02  3.047887745E-03
  4.579127778E-02  2.562963756E-03
  4.708634332E-02  2.144571098E-03
  4.838952931E-02  1.794419228E-03
  4.970150686E-02  1.514210264E-03
  5.102321878E-02  1.305717312E-03
  5.235609521E-02  1.170716311E-03
  5.370887664E-02  1.110954875E-03
  5.509570230E-02  1.106592011E-03
  5.651175001E-02  1.105187475E-03
  5.794296953E-02  1.104148368E-03
  5.938722313E-02  1.103343044E-03
  6.084382373E-02  1.102678576E-03
  6.231269971E-02  1.102135298E-03
  6.379377123E-02  1.101667280E-03
  6.528711162E-02  1.101264941E-03
  6.679266363E-02  1.100927634E-03
  6.831069386E-02  1.100618947E-03
  6.984112049E-02  1.100356824E-03
  7.138405739E-02  1.100131926E-03
  7.293968251E-02  1.099926033E-03
  7.450790593E-02  1.099738892E-03
  7.608902557E-02  1.099579673E-03
  7.768304215E-02  1.099439179E-03
  7.929014804E-02  1.099308213E-03
  8.091016715E-02  1.099195804E-03
  8.254367107E-02  1.099092819E-03
  8.419027992E-02  1.098999246E-03
  8.585039806E-02  1.098915010E-03
  8.752410532E-02  1.098840195E-03
  8.921140787E-02  1.098774628E-03
  9.091251773E-02  1.098718286E-03
  9.262733121E-02  1.098662219E-03
  9.435633466E-02  1.098615382E-03
  9.609924291E-02  1.098568734E-03
  9.785644881E-02  1.098531230E-03
  9.962804787E-02  1.098502977E-03
  1.014139603E-01  1.098465746E-03
  1.032144683E-01  1.098437578E-03
  1.050296682E-01  1.098418741E-03
  1.068596649E-01  1.098400095E-03
  1.087044747E-01  1.098381342E-03
  1.105644749E-01  1.098362589E-03
  1.124395856E-01  1.098344009E-03
  1.143299842E-01  1.098334505E-03
  1.162357831E-01  1.098325169E-03
  1.181569911E-01  1.098315836E-03
  1.200938888E-01  1.098315753E-03
  1.220466928E-01  1.098306527E-03
  1.240152927E-01  1.098306527E-03
  1.260000020E-01  1.098306527E-03
  1.279846071E-01  1.098306439E-03
  1.299533038E-01  1.098306527E-03
  1.319059162E-01  1.098315669E-03
  1.338429092E-01  1.098315836E-03
  1.357642142E-01  1.098325169E-03
  1.376701085E-01  1.098334589E-03
  1.395604178E-01  1.098344009E-03
  1.414354249E-01  1.098362589E-03
  1.432953370E-01  1.098381342E-03
  1.451402349E-01  1.098400095E-03
  1.469703359E-01  1.098418741E-03
  1.487854314E-01  1.098437578E-03
  1.505859551E-01  1.098465746E-03
  1.523719487E-01  1.098502977E-03
  1.541435477E-01  1.098531230E-03
  1.559006657E-01  1.098568734E-03
  1.576436606E-01  1.098615382E-03
  1.593725617E-01  1.098662302E-03
  1.610875750E-01  1.098718370E-03
  1.627885887E-01  1.098774628E-03
  1.644758919E-01  1.098840195E-03
  1.661495037E-01  1.098915010E-03
  1.678096198E-01  1.098999246E-03
  1.694563262E-01  1.099092819E-03
  1.710896439E-01  1.099195804E-03
  1.727098560E-01  1.099308213E-03
  1.743168733E-01  1.099439179E-03
  1.759109785E-01  1.099579757E-03
  1.774919932E-01  1.099738892E-03
  1.790603133E-01  1.099925949E-03
  1.806159392E-01  1.100122762E-03
  1.821588741E-01  1.100356824E-03
  1.836892945E-01  1.100618947E-03
  1.852072429E-01  1.100918470E-03
  1.867128842E-01  1.101264853E-03
  1.882062172E-01  1.101667280E-03
  1.896872955E-01  1.102126133E-03
  1.911561650E-01  1.102678493E-03
  1.926126832E-01  1.103333712E-03
  1.940569234E-01  1.104148279E-03
  1.954883546E-01  1.105178222E-03
  1.969042858E-01  1.106582870E-03
  1.982910200E-01  1.110945710E-03
  1.996438124E-01  1.170706657E-03
  2.009768764E-01  1.305698331E-03
  2.022984018E-01  1.514190435E-03
  2.036103745E-01  1.794390039E-03
  2.049135592E-01  2.144532111E-03
  2.062086247E-01  2.562924769E-03
  2.074957648E-01  3.047848545E-03
  2.087752706E-01  3.597662455E-03
  2.100472296E-01  4.210756187E-03
  2.113122296E-01  4.885635966E-03
  2.125710253E-01  5.620522321E-03
  2.138250962E-01  6.408874075E-03
  2.150737396E-01  7.242064725E-03
  2.163168840E-01  8.111486392E-03
  2.175536594E-01  9.008776576E-03
  2.187840668E-01  9.925917638E-03
  2.200075384E-01  1.085514562E-02
  2.212239015E-01  1.178894837E-02
  2.224314177E-01  1.272029277E-02
  2.236290294E-01  1.364843628E-02
  2.248164726E-01  1.457508873E-02
  2.259935202E-01  1.550216616E-02
  2.271605024E-01  1.643136153E-02
  2.283173944E-01  1.736466424E-02
  2.294646949E-01  1.830386765E-02
  2.306027612E-01  1.925067917E-02
  2.317329838E-01  2.020773864E-02
  2.328577238E-01  2.117196415E-02
  2.339785564E-01  2.213151186E-02
  2.350962211E-01  2.307335685E-02
  2.362110170E-01  2.398498205E-02
  2.373238227E-01  2.485430287E-02
  2.384360655E-01  2.566971382E-02
  2.395585596E-01  2.642460361E-02
  2.406930629E-01  2.710363271E-02
  2.418412184E-01  2.769088596E-02
  2.430007607E-01  2.816766594E-02
  2.441629848E-01  2.852613338E-02
  2.453191527E-01  2.877938081E-02
  2.464649309E-01  2.894500931E-02
  2.475986082E-01  2.904124788E-02
  2.487209843E-01  2.908602285E-02
  2.498254335E-01  2.908656444E-02
  2.509142690E-01  2.908514949E-02
  2.520000041E-01  2.908235937E-02
 -2.328310045E-10  2.930120664E-02
  1.088162735E-03  2.930437308E-02
  2.180292049E-03  2.930625736E-02
  3.290268365E-03  2.930605370E-02
  4.420637617E-03  2.926122413E-02
  5.564478635E-03  2.916441018E-02
  6.722502331E-03  2.899734416E-02
  7.892394013E-03  2.874150110E-02
  9.069218311E-03  2.837876479E-02
  1.024305787E-02  2.789646124E-02
  1.140401477E-02  2.730315399E-02
  1.254930323E-02  2.661816556E-02
  1.368042257E-02  2.585798076E-02
  1.479942083E-02  2.503807688E-02
  1.591740645E-02  2.416532396E-02
  1.703615511E-02  2.325114139E-02
  1.815635674E-02  2.230753809E-02
  1.927872930E-02  2.134731677E-02
  2.040403194E-02  2.038304638E-02
  2.153404351E-02  1.942669039E-02
  2.267148840E-02  1.848071178E-02
  2.381808572E-02  1.754235258E-02
  2.497438238E-02  1.661006245E-02
  2.614074853E-02  1.568177274E-02
  2.731717607E-02  1.475555394E-02
  2.850396119E-02  1.382970490E-02
  2.970104673E-02  1.290235643E-02
  3.090807381E-02  1.197176663E-02
  3.212345051E-02  1.103915458E-02
  3.334577427E-02  1.011139672E-02
  3.457432456E-02  9.196215427E-03
  3.580877205E-02  8.301344364E-03
  3.704846610E-02  7.434847925E-03
  3.829293988E-02  6.605075747E-03
  3.954171412E-02  5.820559076E-03
  4.079444713E-02  5.089794419E-03
  4.205230158E-02  4.419123005E-03
  4.331656217E-02  3.810159370E-03
  4.458749267E-02  3.264271984E-03
  4.586557573E-02  2.782987633E-03
  4.715101627E-02  2.367848482E-03
  4.844410255E-02  2.020455662E-03
  4.974568009E-02  1.742412186E-03
  5.105687005E-02  1.535373340E-03
  5.237970264E-02  1.401006207E-03
  5.372405103E-02  1.340924305E-03
  5.510560702E-02  1.335681287E-03
  5.651901507E-02  1.333636723E-03
  5.794874204E-02  1.332115256E-03
  5.939198437E-02  1.330926642E-03
  6.084786264E-02  1.329953263E-03
  6.231618848E-02  1.329148248E-03
  6.379680770E-02  1.328461748E-03
  6.528980969E-02  1.327869005E-03
  6.679507307E-02  1.327366855E-03
  6.831283328E-02  1.326918531E-03
  6.984302739E-02  1.326531969E-03
  7.138578310E-02  1.326194261E-03
  7.294123461E-02  1.325891361E-03
  7.450931373E-02  1.325620304E-03
  7.609029725E-02  1.325382245E-03
  7.768420859E-02  1.325173019E-03
  7.929118939E-02  1.324982743E-03
  8.091116060E-02  1.324815371E-03
  8.254453881E-02  1.324663903E-03
  8.419107992E-02  1.324525445E-03
  8.585115017E-02  1.324402892E-03
  8.752479125E-02  1.324293280E-03
  8.921200401E-02  1.324196676E-03
  9.091307480E-02  1.324110004E-03
  9.262784416E-02  1.324029305E-03
  9.435678649E-02  1.323961500E-03
  9.609968591E-02  1.323893776E-03
  9.785685432E-02  1.323838947E-03
  9.962839384E-02  1.323791164E-03
  1.014142671E-01  1.323742344E-03
  1.032147383E-01  1.323700455E-03
  1.050299382E-01  1.323668611E-03
  1.068598775E-01  1.323639779E-03
  1.087046785E-01  1.323613863E-03
  1.105646479E-01  1.323587912E-03
  1.124397504E-01  1.323561996E-03
  1.143301203E-01  1.323546058E-03
  1.162358597E-01  1.323533083E-03
  1.181570589E-01  1.323520107E-03
  1.200939566E-01  1.323517144E-03
  1.220467303E-01  1.323507249E-03
  1.240153015E-01  1.323504285E-03
  1.260000020E-01  1.323504285E-03
  1.279845983E-01  1.323504285E-03
  1.299532685E-01  1.323507249E-03
  1.319058676E-01  1.323517144E-03
  1.338428431E-01  1.323520107E-03
  1.357641083E-01  1.323533083E-03
  1.376699806E-01  1.323549021E-03
  1.395602514E-01  1.323561996E-03
  1.414352497E-01  1.323587912E-03
  1.432951530E-01  1.323613863E-03
  1.451400245E-01  1.323639779E-03
  1.469700946E-01  1.323671574E-03
  1.487851592E-01  1.323703418E-03
  1.505856356E-01  1.323742344E-03
  1.523716028E-01  1.323794128E-03
  1.541431709E-01  1.323838947E-03
  1.559002447E-01  1.323893776E-03
  1.576431867E-01  1.323961500E-03
  1.593720525E-01  1.324032269E-03
  1.610869952E-01  1.324112933E-03
  1.627879661E-01  1.324196676E-03
  1.644752384E-01  1.324293280E-03
  1.661487752E-01  1.324402892E-03
  1.678088220E-01  1.324525445E-03
  1.694554578E-01  1.324663903E-03
  1.710886710E-01  1.324815371E-03
  1.727087860E-01  1.324982743E-03
  1.743156986E-01  1.325173019E-03
  1.759097068E-01  1.325382245E-03
  1.774905860E-01  1.325620304E-03
  1.790587694E-01  1.325891361E-03
  1.806142157E-01  1.326187214E-03
  1.821569458E-01  1.326529005E-03
  1.836871633E-01  1.326915567E-03
  1.852048319E-01  1.327359807E-03
  1.867101657E-01  1.327869005E-03
  1.882031602E-01  1.328458785E-03
  1.896837836E-01  1.329138236E-03
  1.911521351E-01  1.329947336E-03
  1.926079185E-01  1.330916630E-03
  1.940511536E-01  1.332109329E-03
  1.954810862E-01  1.333623749E-03
  1.968943631E-01  1.335668428E-03
  1.982758781E-01  1.340911330E-03
  1.996202258E-01  1.400990350E-03
  2.009432015E-01  1.535353399E-03
  2.022542208E-01  1.742386317E-03
  2.035558009E-01  2.020422731E-03
  2.048488861E-01  2.367805636E-03
  2.061343266E-01  2.782944786E-03
  2.074124045E-01  3.264228973E-03
  2.086834430E-01  3.810106348E-03
  2.099475944E-01  4.419069957E-03
  2.112055261E-01  5.089738338E-03
  2.124581830E-01  5.820496111E-03
  2.137070605E-01  6.605009887E-03
  2.149515093E-01  7.434791844E-03
  2.161913017E-01  8.301281071E-03
  2.174255789E-01  9.196132301E-03
  2.186541601E-01  1.011131056E-02
  2.198763769E-01  1.103905493E-02
  2.210919271E-01  1.197173713E-02
  2.222988780E-01  1.290222701E-02
  2.234959653E-01  1.382960525E-02
  2.246828295E-01  1.475542451E-02
  2.258592512E-01  1.568164359E-02
  2.270255541E-01  1.660999295E-02
  2.281817125E-01  1.754235258E-02
  2.293283115E-01  1.848064228E-02
  2.304658252E-01  1.942656135E-02
  2.315958674E-01  2.038304638E-02
  2.327211740E-01  2.134721674E-02
  2.338435480E-01  2.230750887E-02
  2.349638457E-01  2.325104081E-02
  2.360824882E-01  2.416522468E-02
  2.372004792E-01  2.503807688E-02
  2.383195054E-01  2.585791126E-02
  2.394505935E-01  2.661806684E-02
  2.405957804E-01  2.730305471E-02
  2.417567384E-01  2.789643147E-02
  2.429306494E-01  2.837876479E-02
  2.441075691E-01  2.874140238E-02
  2.452775063E-01  2.899734416E-02
  2.464354889E-01  2.916441018E-02
  2.475793055E-01  2.926122413E-02
  2.487097236E-01  2.930602448E-02
  2.498196731E-01  2.930625736E-02
  2.509117887E-01  2.930437308E-02
  2.520000041E-01  2.930120664E-02
 -2.328310045E-10  2.955447166E-02
  1.091267617E-03  2.955803320E-02
  2.187445992E-03  2.956048844E-02
  3.303855999E-03  2.956072323E-02
  4.443452115E-03  2.951585030E-02
  5.598926559E-03  2.941842121E-02
  6.770827667E-03  2.924977482E-02
  7.956388392E-03  2.899090105E-02
  9.149865992E-03  2.862350950E-02
  1.034002470E-02  2.813496950E-02
  1.151560585E-02  2.753468059E-02
  1.267319052E-02  2.684288474E-02
  1.381427927E-02  2.607663937E-02
  1.494113853E-02  2.525168514E-02
  1.606518432E-02  2.437484875E-02
  1.718845572E-02  2.345772300E-02
  1.831177639E-02  2.251218758E-02
  1.943603690E-02  2.155104355E-02
  2.056208638E-02  2.058681816E-02
  2.169196625E-02  1.963112066E-02
  2.282888353E-02  1.868606394E-02
  2.397473401E-02  1.774880249E-02
  2.513028465E-02  1.681756677E-02
  2.629586061E-02  1.589033065E-02
  2.747158549E-02  1.496512208E-02
  2.865775547E-02  1.404023910E-02
  2.985422587E-02  1.311385670E-02
  3.106055029E-02  1.218432090E-02
  3.227500510E-02  1.125302623E-02
  3.349588100E-02  1.032705162E-02
  3.472227830E-02  9.414197953E-03
  3.595382680E-02  8.522202987E-03
  3.718965659E-02  7.659154019E-03
  3.842934343E-02  6.833369398E-03
  3.967214462E-02  6.053323520E-03
  4.091780845E-02  5.327358902E-03
  4.216758103E-02  4.661566464E-03
  4.342288450E-02  4.057389881E-03
  4.468406440E-02  3.516061018E-03
  4.595173920E-02  3.038983859E-03
  4.722611380E-02  2.627599544E-03
  4.850760572E-02  2.283377351E-03
  4.979728132E-02  2.007806441E-03
  5.109643847E-02  1.802401300E-03
  5.240789755E-02  1.668706053E-03
  5.374267204E-02  1.608176194E-03
  5.511807992E-02  1.601830866E-03
  5.652823724E-02  1.598978218E-03
  5.795607625E-02  1.596846316E-03
  5.939804413E-02  1.595170275E-03
  6.085300133E-02  1.593805993E-03
  6.232062370E-02  1.592667284E-03
  6.380067194E-02  1.591704095E-03
  6.529323549E-02  1.590869785E-03
  6.679814549E-02  1.590156847E-03
  6.831555560E-02  1.589532856E-03
  6.984544213E-02  1.588988164E-03
  7.138797862E-02  1.588505568E-03
  7.294321090E-02  1.588079712E-03
  7.451111333E-02  1.587703235E-03
  7.609192016E-02  1.587364153E-03
  7.768570063E-02  1.587067145E-03
  7.929250801E-02  1.586802174E-03
  8.091243341E-02  1.586564556E-03
  8.254563821E-02  1.586351585E-03
  8.419209097E-02  1.586156072E-03
  8.585211541E-02  1.585985205E-03
  8.752567142E-02  1.585831625E-03
  8.921275003E-02  1.585695502E-03
  9.091377501E-02  1.585569361E-03
  9.262850511E-02  1.585457885E-03
  9.435735583E-02  1.585363751E-03
  9.610025524E-02  1.585269646E-03
  9.785738112E-02  1.585192884E-03
  9.962883229E-02  1.585118772E-03
  1.014146597E-01  1.585056761E-03
  1.032150884E-01  1.584997285E-03
  1.050302883E-01  1.584947906E-03
  1.068601426E-01  1.584905832E-03
  1.087049436E-01  1.584871174E-03
  1.105648671E-01  1.584836430E-03
  1.124399696E-01  1.584801771E-03
  1.143302970E-01  1.584777039E-03
  1.162359480E-01  1.584759667E-03
  1.181571472E-01  1.584742295E-03
  1.200940449E-01  1.584734935E-03
  1.220467728E-01  1.584725039E-03
  1.240153015E-01  1.584717679E-03
  1.260000020E-01  1.584717679E-03
  1.279845983E-01  1.584717679E-03
  1.299532293E-01  1.584725039E-03
  1.319058217E-01  1.584734935E-03
  1.338427580E-01  1.584742295E-03
  1.357639774E-01  1.584759667E-03
  1.376698039E-01  1.584784399E-03
  1.395600290E-01  1.584801771E-03
  1.414350272E-01  1.584836430E-03
  1.432949305E-01  1.584871174E-03
  1.451397627E-01  1.584905832E-03
  1.469697870E-01  1.584955266E-03
  1.487848058E-01  1.585004645E-03
  1.505852364E-01  1.585056761E-03
  1.523711643E-01  1.585126133E-03
  1.541426867E-01  1.585192884E-03
  1.558997212E-01  1.585269646E-03
  1.576425716E-01  1.585363751E-03
  1.593713981E-01  1.585465245E-03
  1.610862492E-01  1.585576635E-03
  1.627871808E-01  1.585695502E-03
  1.644744074E-01  1.585831625E-03
  1.661478591E-01  1.585985205E-03
  1.678078142E-01  1.586156072E-03
  1.694543584E-01  1.586351585E-03
  1.710874407E-01  1.586564556E-03
  1.727074248E-01  1.586802174E-03
  1.743142066E-01  1.587067145E-03
  1.759080839E-01  1.587364153E-03
  1.774887864E-01  1.587703235E-03
  1.790567932E-01  1.588079712E-03
  1.806120234E-01  1.588502917E-03
  1.821544852E-01  1.588980804E-03
  1.836844410E-01  1.589525496E-03
  1.852017563E-01  1.590154195E-03
  1.867066973E-01  1.590869785E-03
  1.881992534E-01  1.591696735E-03
  1.896793009E-01  1.592657272E-03
  1.911469981E-01  1.593791273E-03
  1.926018521E-01  1.595160263E-03
  1.940438243E-01  1.596831596E-03
  1.954718592E-01  1.598960847E-03
  1.968818509E-01  1.601813611E-03
  1.982573061E-01  1.608158822E-03
  1.995920734E-01  1.668681352E-03
  2.009035840E-01  1.802381308E-03
  2.022026212E-01  2.007771728E-03
  2.034922977E-01  2.283340127E-03
  2.047737870E-01  2.627552198E-03
  2.060481615E-01  3.038936513E-03
  2.073158343E-01  3.516013611E-03
  2.085771223E-01  4.057332462E-03
  2.098323150E-01  4.661509325E-03
  2.110821189E-01  5.327294231E-03
  2.123277542E-01  6.053256261E-03
  2.135706569E-01  6.833294950E-03
  2.148102763E-01  7.659089349E-03
  2.160462012E-01  8.522135604E-03
  2.172776252E-01  9.414110328E-03
  2.185040992E-01  1.032695646E-02
  2.197248697E-01  1.125292658E-02
  2.209394514E-01  1.218424763E-02
  2.221457413E-01  1.311368311E-02
  2.233422136E-01  1.404013945E-02
  2.245284168E-01  1.496494848E-02
  2.257041383E-01  1.589015774E-02
  2.268696951E-01  1.681754063E-02
  2.280250683E-01  1.774880249E-02
  2.291709148E-01  1.868603779E-02
  2.303078590E-01  1.963094663E-02
  2.314378098E-01  2.058681816E-02
  2.325638688E-01  2.155094434E-02
  2.336881276E-01  2.251211501E-02
  2.348115402E-01  2.345762242E-02
  2.359347112E-01  2.437474865E-02
  2.370587619E-01  2.525168514E-02
  2.381856933E-01  2.607661322E-02
  2.393267086E-01  2.684278602E-02
  2.404841918E-01  2.753458049E-02
  2.416597757E-01  2.813489555E-02
  2.428500205E-01  2.862350950E-02
  2.440435816E-01  2.899080233E-02
  2.452291526E-01  2.924977482E-02
  2.464010608E-01  2.941842121E-02
  2.475564668E-01  2.951585030E-02
  2.486961055E-01  2.956065065E-02
  2.498125205E-01  2.956048844E-02
  2.509086737E-01  2.955803320E-02
  2.520000041E-01  2.955447166E-02
 -2.328310045E-10  2.984792012E-02
  1.095350480E-03  2.985198499E-02
  2.196660218E-03  2.985512138E-02
  3.320687175E-03  2.985590986E-02
  4.470839013E-03  2.981108300E-02
  5.639486062E-03  2.971306633E-02
  6.826974842E-03  2.954274435E-02
  8.030055950E-03  2.928059829E-02
  9.242100368E-03  2.890813579E-02
  1.045051114E-02  2.841275277E-02
  1.164261652E-02  2.780471399E-02
  1.281426236E-02  2.710529755E-02
  1.396685285E-02  2.633219502E-02
  1.510288325E-02  2.550144989E-02
  1.623409923E-02  2.461998379E-02
  1.736274694E-02  2.369944612E-02
  1.848987443E-02  2.275168617E-02
  1.961652570E-02  2.178945602E-02
  2.074365167E-02  2.082518510E-02
  2.187366875E-02  1.987017354E-02
  2.301014766E-02  1.892617867E-02
  2.415530692E-02  1.799013313E-02
  2.531007040E-02  1.706013517E-02
  2.647483301E-02  1.613413630E-02
  2.764982065E-02  1.521013885E-02
  2.883528283E-02  1.428644057E-02
  3.003104545E-02  1.336129086E-02
  3.123656041E-02  1.243311299E-02
  3.244990627E-02  1.150352796E-02
  3.366911338E-02  1.057978431E-02
  3.489303277E-02  9.669742840E-03
  3.612124352E-02  8.781213760E-03
  3.735267269E-02  7.922271368E-03
  3.858687232E-02  7.101207749E-03
  3.982286914E-02  6.326412778E-03
  4.106048901E-02  5.606046858E-03
  4.230105438E-02  4.945927295E-03
  4.354613931E-02  4.347300541E-03
  4.479621405E-02  3.811246618E-03
  4.605200225E-02  3.339022963E-03
  4.731377969E-02  2.931942520E-03
  4.858209206E-02  2.591329964E-03
  4.985828153E-02  2.318528708E-03
  5.114392208E-02  2.114900942E-03
  5.244264695E-02  1.981839639E-03
  5.376668745E-02  1.920644728E-03
  5.513494410E-02  1.912856943E-03
  5.654097477E-02  1.908914971E-03
  5.796627860E-02  1.905950210E-03
  5.940651453E-02  1.903609423E-03
  6.086019329E-02  1.901701171E-03
  6.232683797E-02  1.900106027E-03
  6.380610774E-02  1.898756857E-03
  6.529802116E-02  1.897589059E-03
  6.680240589E-02  1.896587654E-03
  6.831936447E-02  1.895715664E-03
  6.984884845E-02  1.894950422E-03
  7.139105898E-02  1.894272080E-03
  7.294596710E-02  1.893675730E-03
  7.451364278E-02  1.893149005E-03
  7.609419953E-02  1.892674381E-03
  7.768778087E-02  1.892254581E-03
  7.929438679E-02  1.891884382E-03
  8.091416438E-02  1.891549040E-03
  8.254719104E-02  1.891250821E-03
  8.419351877E-02  1.890977536E-03
  8.585342049E-02  1.890739018E-03
  8.752687676E-02  1.890522790E-03
  8.921382603E-02  1.890331552E-03
  9.091475163E-02  1.890155090E-03
  9.262943293E-02  1.889998564E-03
  9.435815664E-02  1.889864473E-03
  9.610100761E-02  1.889735202E-03
  9.785808452E-02  1.889625955E-03
  9.962943397E-02  1.889521529E-03
  1.014152105E-01  1.889437128E-03
  1.032155884E-01  1.889354992E-03
  1.050307398E-01  1.889283012E-03
  1.068605177E-01  1.889223310E-03
  1.087052954E-01  1.889171354E-03
  1.105651679E-01  1.889124075E-03
  1.124402453E-01  1.889079295E-03
  1.143304986E-01  1.889044494E-03
  1.162361215E-01  1.889019650E-03
  1.181572974E-01  1.888994804E-03
  1.200941717E-01  1.888979972E-03
  1.220468469E-01  1.888970048E-03
  1.240153248E-01  1.888957625E-03
  1.260000020E-01  1.888957625E-03
  1.279845732E-01  1.888957625E-03
  1.299531554E-01  1.888970048E-03
  1.319057223E-01  1.888979972E-03
  1.338426314E-01  1.888994804E-03
  1.357638016E-01  1.889019650E-03
  1.376695790E-01  1.889052096E-03
  1.395597764E-01  1.889079295E-03
  1.414347244E-01  1.889126486E-03
  1.432946061E-01  1.889173765E-03
  1.451393859E-01  1.889223310E-03
  1.469693360E-01  1.889290613E-03
  1.487843057E-01  1.889362592E-03
  1.505846835E-01  1.889437128E-03
  1.523705626E-01  1.889529130E-03
  1.541420108E-01  1.889628366E-03
  1.558989964E-01  1.889735202E-03
  1.576417413E-01  1.889864473E-03
  1.593704725E-01  1.890008576E-03
  1.610852468E-01  1.890162603E-03
  1.627861045E-01  1.890331552E-03
  1.644732065E-01  1.890522790E-03
  1.661465603E-01  1.890739018E-03
  1.678063848E-01  1.890977536E-03
  1.694528055E-01  1.891250821E-03
  1.710857121E-01  1.891549040E-03
  1.727055204E-01  1.891884382E-03
  1.743121263E-01  1.892254581E-03
  1.759058027E-01  1.892671970E-03
  1.774862552E-01  1.893146594E-03
  1.790540119E-01  1.893673319E-03
  1.806089432E-01  1.894269669E-03
  1.821510746E-01  1.894940410E-03
  1.836806321E-01  1.895705652E-03
  1.851974939E-01  1.896585243E-03
  1.867018824E-01  1.897586648E-03
  1.881937902E-01  1.898744435E-03
  1.896730814E-01  1.900093605E-03
  1.911398062E-01  1.901681204E-03
  1.925933787E-01  1.903594590E-03
  1.940336240E-01  1.905930187E-03
  1.954591187E-01  1.908892538E-03
  1.968649622E-01  1.912834597E-03
  1.982332934E-01  1.920619883E-03
  1.995573497E-01  1.981807194E-03
  2.008560726E-01  2.114876098E-03
  2.021416192E-01  2.318486250E-03
  2.034177881E-01  2.591285273E-03
  2.046861201E-01  2.931887640E-03
  2.059478975E-01  3.338968139E-03
  2.072037090E-01  3.811191681E-03
  2.084538676E-01  4.347235761E-03
  2.096988426E-01  4.945862756E-03
  2.109394359E-01  5.605974541E-03
  2.121770548E-01  6.326340462E-03
  2.134131504E-01  7.101125654E-03
  2.146472346E-01  7.922199052E-03
  2.158787819E-01  8.781139201E-03
  2.171068707E-01  9.669650260E-03
  2.183308935E-01  1.057968394E-02
  2.195499954E-01  1.150342830E-02
  2.207634405E-01  1.243303732E-02
  2.219689479E-01  1.336111485E-02
  2.231647119E-01  1.428634092E-02
  2.243501541E-01  1.520993884E-02
  2.255251412E-01  1.613393700E-02
  2.266898857E-01  1.706011095E-02
  2.278444983E-01  1.799013313E-02
  2.289896506E-01  1.892615445E-02
  2.301261295E-01  1.986999704E-02
  2.312562439E-01  2.082518510E-02
  2.323834026E-01  2.178935685E-02
  2.335100537E-01  2.275158700E-02
  2.346372464E-01  2.369934554E-02
  2.357657963E-01  2.461988320E-02
  2.368970177E-01  2.550144989E-02
  2.380331475E-01  2.633217080E-02
  2.391856392E-01  2.710519838E-02
  2.403571826E-01  2.780461340E-02
  2.415493153E-01  2.841265263E-02
  2.427578134E-01  2.890813579E-02
  2.439699353E-01  2.928049912E-02
  2.451730036E-01  2.954274435E-02
  2.463605074E-01  2.971306633E-02
  2.475290666E-01  2.981108300E-02
  2.486792495E-01  2.985583491E-02
  2.498032915E-01  2.985512138E-02
  2.509045778E-01  2.985198499E-02
  2.520000041E-01  2.984792012E-02
 -2.328310045E-10  3.018729707E-02
  1.100681588E-03  3.019200122E-02
  2.208477950E-03  3.019594995E-02
  3.341517953E-03  3.019743613E-02
  4.503708052E-03  3.015278342E-02
  5.687204540E-03  3.005424429E-02
  6.892103659E-03  2.988217971E-02
  8.114650588E-03  2.961654953E-02
  9.347253063E-03  2.923862774E-02
  1.057594876E-02  2.873581135E-02
  1.178663703E-02  2.811923586E-02
  1.297431136E-02  2.741134115E-02
  1.414014173E-02  2.663051535E-02
  1.528685760E-02  2.579314920E-02
  1.642655241E-02  2.490645637E-02
  1.756158858E-02  2.398197054E-02
  1.869336084E-02  2.303165563E-02
  1.982303219E-02  2.206814800E-02
  2.095166820E-02  2.110370185E-02
  2.208220774E-02  2.014938690E-02
  2.321839676E-02  1.920661218E-02
  2.436297515E-02  1.827190252E-02
  2.551692520E-02  1.734335619E-02
  2.668087546E-02  1.641880895E-02
  2.785510700E-02  1.549626313E-02
  2.903975683E-02  1.457401702E-02
  3.023470710E-02  1.365043521E-02
  3.143929181E-02  1.272399940E-02
  3.265130395E-02  1.179662156E-02
  3.386859214E-02  1.087566488E-02
  3.508966668E-02  9.969020466E-03
  3.631404393E-02  9.084667250E-03
  3.754048001E-02  8.230614908E-03
  3.876840801E-02  7.415137676E-03
  3.999668156E-02  6.646504281E-03
  4.122518279E-02  5.932659868E-03
  4.245529686E-02  5.279125905E-03
  4.368876445E-02  4.686921684E-03
  4.492623749E-02  4.156959703E-03
  4.616849592E-02  3.690322571E-03
  4.741598640E-02  3.288160978E-03
  4.866937578E-02  2.951642618E-03
  4.993035020E-02  2.681924989E-03
  5.120089252E-02  2.480207758E-03
  5.248544726E-02  2.347698184E-03
  5.379752427E-02  2.285550845E-03
  5.515747570E-02  2.275887409E-03
  5.655828181E-02  2.270493540E-03
  5.798021726E-02  2.266407946E-03
  5.941812971E-02  2.263172871E-03
  6.087006479E-02  2.260521228E-03
  6.233537466E-02  2.258310602E-03
  6.381359735E-02  2.256432960E-03
  6.530458052E-02  2.254812203E-03
  6.680821240E-02  2.253421661E-03
  6.832459119E-02  2.252207045E-03
  6.985355164E-02  2.251139876E-03
  7.139529488E-02  2.250200171E-03
  7.294974004E-02  2.249371461E-03
  7.451712581E-02  2.248635699E-03
  7.609733643E-02  2.247981109E-03
  7.769062788E-02  2.247392836E-03
  7.929700016E-02  2.246877488E-03
  8.091648785E-02  2.246408625E-03
  8.254933710E-02  2.245994260E-03
  8.419549177E-02  2.245616388E-03
  8.585516418E-02  2.245284980E-03
  8.752850363E-02  2.244981609E-03
  8.921533608E-02  2.244714923E-03
  9.091608860E-02  2.244474506E-03
  9.263070933E-02  2.244254092E-03
  9.435925996E-02  2.244061927E-03
  9.610199412E-02  2.243886212E-03
  9.785901477E-02  2.243730520E-03
  9.963024740E-02  2.243591277E-03
  1.014159677E-01  2.243472059E-03
  1.032162850E-01  2.243360852E-03
  1.050313196E-01  2.243259870E-03
  1.068610369E-01  2.243176912E-03
  1.087057583E-01  2.243095953E-03
  1.105655746E-01  2.243031232E-03
  1.124405914E-01  2.242974755E-03
  1.143307279E-01  2.242928462E-03
  1.162364113E-01  2.242891989E-03
  1.181575310E-01  2.242855516E-03
  1.200943491E-01  2.242829055E-03
  1.220469637E-01  2.242819064E-03
  1.240153810E-01  2.242800827E-03
  1.260000020E-01  2.242800827E-03
  1.279845126E-01  2.242800827E-03
  1.299530342E-01  2.242819064E-03
  1.319055493E-01  2.242829055E-03
  1.338424496E-01  2.242855516E-03
  1.357635680E-01  2.242891989E-03
  1.376692935E-01  2.242930249E-03
  1.395594909E-01  2.242974755E-03
  1.414343177E-01  2.243039457E-03
  1.432941475E-01  2.243104178E-03
  1.451388580E-01  2.243176912E-03
  1.469686956E-01  2.243261657E-03
  1.487836134E-01  2.243362639E-03
  1.505839307E-01  2.243472059E-03
  1.523697492E-01  2.243593064E-03
  1.541410848E-01  2.243738745E-03
  1.558980099E-01  2.243886212E-03
  1.576406336E-01  2.244061927E-03
  1.593691917E-01  2.244264104E-03
  1.610839142E-01  2.244476272E-03
  1.627846507E-01  2.244714923E-03
  1.644715190E-01  2.244981609E-03
  1.661447603E-01  2.245284980E-03
  1.678044031E-01  2.245616388E-03
  1.694506595E-01  2.245994260E-03
  1.710833324E-01  2.246408625E-03
  1.727029071E-01  2.246877488E-03
  1.743092793E-01  2.247392836E-03
  1.759026615E-01  2.247972885E-03
  1.774827678E-01  2.248627474E-03
  1.790501783E-01  2.249363236E-03
  1.806047031E-01  2.250191947E-03
  1.821464277E-01  2.251129864E-03
  1.836754054E-01  2.252197033E-03
  1.851916874E-01  2.253413435E-03
  1.866953144E-01  2.254803979E-03
  1.881862963E-01  2.256414723E-03
  1.896646009E-01  2.258292366E-03
  1.911299325E-01  2.260501395E-03
  1.925817656E-01  2.263146410E-03
  1.940196831E-01  2.266387922E-03
  1.954418117E-01  2.270465292E-03
  1.968424285E-01  2.275859182E-03
  1.982023917E-01  2.285514372E-03
  1.995145493E-01  2.347659925E-03
  2.007991065E-01  2.480171285E-03
  2.020695441E-01  2.681876717E-03
  2.033304481E-01  2.951586163E-03
  2.045839133E-01  3.288094469E-03
  2.058314038E-01  3.690256254E-03
  2.070737418E-01  4.156893004E-03
  2.083112403E-01  4.686845546E-03
  2.095446023E-01  5.279049467E-03
  2.107748027E-01  5.932581604E-03
  2.120033008E-01  6.646426015E-03
  2.132316688E-01  7.415049631E-03
  2.144594272E-01  8.230536643E-03
  2.156860421E-01  9.084581334E-03
  2.169102368E-01  9.968922478E-03
  2.181314126E-01  1.087556507E-02
  2.193485934E-01  1.179652190E-02
  2.205607058E-01  1.272398162E-02
  2.217652873E-01  1.365031761E-02
  2.229602379E-01  1.457391737E-02
  2.241448061E-01  1.549606366E-02
  2.253190404E-01  1.641860965E-02
  2.264829108E-01  1.734327356E-02
  2.276368311E-01  1.827190252E-02
  2.287814036E-01  1.920652954E-02
  2.299175884E-01  2.014926989E-02
  2.310482306E-01  2.110370185E-02
  2.321769470E-01  2.206804776E-02
  2.333066268E-01  2.303155538E-02
  2.344384059E-01  2.398186996E-02
  2.355733421E-01  2.490635579E-02
  2.367130439E-01  2.579314920E-02
  2.378598607E-01  2.663043272E-02
  2.390255924E-01  2.741124090E-02
  2.402131621E-01  2.811913528E-02
  2.414239345E-01  2.873571230E-02
  2.426526991E-01  2.923862774E-02
  2.438853818E-01  2.961644927E-02
  2.451079118E-01  2.988217971E-02
  2.463127746E-01  3.005424429E-02
  2.474962006E-01  3.015278342E-02
  2.486584031E-01  3.019741851E-02
  2.497914362E-01  3.019594995E-02
  2.508992299E-01  3.019200122E-02
  2.520000041E-01  3.018729707E-02
 -2.328310045E-10  3.057998202E-02
  1.107609755E-03  3.058527150E-02
  2.223545996E-03  3.059029747E-02
  3.367244393E-03  3.059267971E-02
  4.543129879E-03  3.054842044E-02
  5.743224641E-03  3.044947691E-02
  6.967382692E-03  3.027566032E-02
  8.211290287E-03  3.000652648E-02
  9.466415780E-03  2.962288778E-02
  1.071742411E-02  2.911214248E-02
  1.194881238E-02  2.848642246E-02
  1.315455160E-02  2.776920630E-02
  1.433559568E-02  2.697982588E-02
  1.549479317E-02  2.613507235E-02
  1.664444139E-02  2.524244221E-02
  1.778718323E-02  2.431348162E-02
  1.892466590E-02  2.336024048E-02
  2.005818505E-02  2.239522080E-02
  2.118908624E-02  2.143052681E-02
  2.232056497E-02  2.047691270E-02
  2.345685978E-02  1.953538860E-02
  2.460106476E-02  1.860220895E-02
  2.575442400E-02  1.767532519E-02
  2.691758889E-02  1.675248948E-02
  2.809100431E-02  1.583175261E-02
  2.927477179E-02  1.491141262E-02
  3.046879075E-02  1.398986994E-02
  3.167226380E-02  1.306577016E-02
  3.288274569E-02  1.214116318E-02
  3.409774184E-02  1.122369079E-02
  3.531560527E-02  1.032130236E-02
  3.653559375E-02  9.441979735E-03
  3.775640545E-02  8.593804735E-03
  3.897715043E-02  7.784959769E-03
  4.019677238E-02  7.023567786E-03
  4.141502748E-02  6.317324222E-03
  4.263336369E-02  5.671420322E-03
  4.385372334E-02  5.086630624E-03
  4.507700639E-02  4.563660233E-03
  4.630406082E-02  4.103406932E-03
  4.753543114E-02  3.706825384E-03
  4.877221300E-02  3.374879357E-03
  5.001620010E-02  3.108537777E-03
  5.127008105E-02  2.908799553E-03
  5.253904101E-02  2.776683322E-03
  5.383795083E-02  2.713187270E-03
  5.518814905E-02  2.701103013E-03
  5.658238402E-02  2.693773877E-03
  5.799982891E-02  2.688156381E-03
  5.943454728E-02  2.683678048E-03
  6.088409734E-02  2.679999932E-03
  6.234748866E-02  2.676923607E-03
  6.382422025E-02  2.674314191E-03
  6.531394582E-02  2.672062710E-03
  6.681656679E-02  2.670119522E-03
  6.833199148E-02  2.668424908E-03
  6.986025441E-02  2.666938856E-03
  7.140131744E-02  2.665626840E-03
  7.295518159E-02  2.664473709E-03
  7.452204319E-02  2.663444942E-03
  7.610180298E-02  2.662530640E-03
  7.769466451E-02  2.661710548E-03
  7.930067130E-02  2.660990038E-03
  8.091983060E-02  2.660334090E-03
  8.255243316E-02  2.659757468E-03
  8.419828809E-02  2.659230750E-03
  8.585774499E-02  2.658768480E-03
  8.753080199E-02  2.658345983E-03
  8.921745350E-02  2.657968412E-03
  9.091800780E-02  2.657635485E-03
  9.263246489E-02  2.657332099E-03
  9.436086443E-02  2.657058862E-03
  9.610346479E-02  2.656815393E-03
  9.786032313E-02  2.656596706E-03
  9.963147272E-02  2.656402914E-03
  1.014170271E-01  2.656234018E-03
  1.032172786E-01  2.656079886E-03
  1.050321794E-01  2.655940758E-03
  1.068618310E-01  2.655821533E-03
  1.087064372E-01  2.655712059E-03
  1.105661384E-01  2.655622602E-03
  1.124410894E-01  2.655543156E-03
  1.143311900E-01  2.655478602E-03
  1.162367905E-01  2.655423939E-03
  1.181577950E-01  2.655379133E-03
  1.200945486E-01  2.655339353E-03
  1.220470975E-01  2.655319597E-03
  1.240154491E-01  2.655299574E-03
  1.260000020E-01  2.655299574E-03
  1.279844505E-01  2.655304446E-03
  1.299529027E-01  2.655319597E-03
  1.319053511E-01  2.655339353E-03
  1.338421545E-01  2.655379133E-03
  1.357632569E-01  2.655423939E-03
  1.376689084E-01  2.655478602E-03
  1.395590115E-01  2.655547915E-03
  1.414337576E-01  2.655627742E-03
  1.432934700E-01  2.655722071E-03
  1.451380649E-01  2.655826405E-03
  1.469678172E-01  2.655945630E-03
  1.487826683E-01  2.656084759E-03
  1.505828726E-01  2.656238891E-03
  1.523685783E-01  2.656407786E-03
  1.541397270E-01  2.656606718E-03
  1.558965320E-01  2.656820265E-03
  1.576390314E-01  2.657063735E-03
  1.593674856E-01  2.657337239E-03
  1.610819963E-01  2.657640244E-03
  1.627824998E-01  2.657973284E-03
  1.644691513E-01  2.658345983E-03
  1.661422057E-01  2.658768480E-03
  1.678015607E-01  2.659230750E-03
  1.694475634E-01  2.659757468E-03
  1.710799759E-01  2.660334090E-03
  1.726992323E-01  2.660990038E-03
  1.743052427E-01  2.661710548E-03
  1.758981936E-01  2.662520629E-03
  1.774779035E-01  2.663435043E-03
  1.790447653E-01  2.664458825E-03
  1.805986792E-01  2.665616829E-03
  1.821397422E-01  2.666923973E-03
  1.836679616E-01  2.668414897E-03
  1.851833329E-01  2.670104638E-03
  1.866858993E-01  2.672042955E-03
  1.881756757E-01  2.674289295E-03
  1.896524589E-01  2.676898711E-03
  1.911159482E-01  2.679975156E-03
  1.925653542E-01  2.683643141E-03
  1.940000690E-01  2.688126727E-03
  1.954177113E-01  2.693734098E-03
  1.968117544E-01  2.701063233E-03
  1.981619960E-01  2.713137592E-03
  1.994609102E-01  2.776633644E-03
  2.007299175E-01  2.908744890E-03
  2.019836958E-01  3.108473101E-03
  2.032276389E-01  3.374804784E-03
  2.044644178E-01  3.706735927E-03
  2.056958860E-01  4.103322581E-03
  2.069229884E-01  4.563575415E-03
  2.081462771E-01  5.086536266E-03
  2.093665850E-01  5.671325498E-03
  2.105849766E-01  6.317229626E-03
  2.118032243E-01  7.023473190E-03
  2.130228941E-01  7.784855167E-03
  2.142435453E-01  8.593710138E-03
  2.154645109E-01  9.441880357E-03
  2.166842964E-01  1.032115376E-02
  2.179022622E-01  1.122354219E-02
  2.191171558E-01  1.214106307E-02
  2.203277346E-01  1.306572167E-02
  2.215312049E-01  1.398976984E-02
  2.227251731E-01  1.491131252E-02
  2.239088926E-01  1.583160135E-02
  2.250823081E-01  1.675233912E-02
  2.262454241E-01  1.767522461E-02
  2.273986892E-01  1.860220895E-02
  2.285428950E-01  1.953523997E-02
  2.296792359E-01  2.047676503E-02
  2.308108162E-01  2.143047786E-02
  2.319417662E-01  2.239512112E-02
  2.330753355E-01  2.336013990E-02
  2.342128169E-01  2.431338194E-02
  2.353555027E-01  2.524234163E-02
  2.365051057E-01  2.613507235E-02
  2.376643585E-01  2.697972620E-02
  2.388453483E-01  2.776910572E-02
  2.400509904E-01  2.848632188E-02
  2.412824294E-01  2.911209180E-02
  2.425335283E-01  2.962288778E-02
  2.437887371E-01  3.000642680E-02
  2.450326215E-01  3.027566032E-02
  2.462567349E-01  3.044947691E-02
  2.474568037E-01  3.054842044E-02
  2.486326784E-01  3.059267971E-02
  2.497763135E-01  3.059029747E-02
  2.508922928E-01  3.058527150E-02
  2.520000041E-01  3.057998202E-02
 -2.328310045E-10  3.103195077E-02
  1.116195648E-03  3.103792168E-02
  2.241992786E-03  3.104426371E-02
  3.398125263E-03  3.104778238E-02
  4.589565514E-03  3.100410390E-02
  5.808256322E-03  3.090485366E-02
  7.053806071E-03  3.072928653E-02
  8.321305175E-03  3.045652882E-02
  9.601265911E-03  3.006683331E-02
  1.087696372E-02  2.954760015E-02
  1.213146901E-02  2.891195129E-02
  1.335761127E-02  2.818452692E-02
  1.455604439E-02  2.738565000E-02
  1.572964260E-02  2.653266748E-02
  1.689090357E-02  2.563332812E-02
  1.804277761E-02  2.469932861E-02
  1.918711491E-02  2.374274676E-02
  2.032541145E-02  2.277595607E-02
  2.145931904E-02  2.181090947E-02
  2.259223399E-02  2.085803014E-02
  2.372900515E-02  1.991784801E-02
  2.487305357E-02  1.898641464E-02
  2.602595522E-02  1.806145414E-02
  2.718840747E-02  1.714066663E-02
  2.836096107E-02  1.622212978E-02
  2.954379081E-02  1.530414160E-02
  3.073674617E-02  1.438512683E-02
  3.193890509E-02  1.346395967E-02
  3.314761501E-02  1.254281450E-02
  3.435997882E-02  1.162956557E-02
  3.557417222E-02  1.073233644E-02
  3.678917488E-02  9.859025229E-03
  3.800360684E-02  9.017799378E-03
  3.921622469E-02  8.216731886E-03
  4.042610029E-02  7.463770722E-03
  4.163281310E-02  6.766313689E-03
  4.283790643E-02  6.129189293E-03
  4.404353175E-02  5.552903686E-03
  4.525081557E-02  5.037923741E-03
  4.646075653E-02  4.584930264E-03
  4.767404774E-02  4.194649966E-03
  4.889224561E-02  3.867813436E-03
  5.011731797E-02  3.605177303E-03
  5.135271295E-02  3.407514783E-03
  5.260442812E-02  3.275642062E-03
  5.388865334E-02  3.210397495E-03
  5.522759026E-02  3.195327141E-03
  5.661383274E-02  3.185551504E-03
  5.802561581E-02  3.177968098E-03
  5.945621711E-02  3.171880316E-03
  6.090266105E-02  3.166868443E-03
  6.236355045E-02  3.162660312E-03
  6.383828709E-02  3.159091149E-03
  6.532637185E-02  3.156013690E-03
  6.682765553E-02  3.153345600E-03
  6.834181639E-02  3.151022002E-03
  6.986914489E-02  3.148985387E-03
  7.140929915E-02  3.147183297E-03
  7.296242928E-02  3.145600965E-03
  7.452856067E-02  3.144188220E-03
  7.610773719E-02  3.142930412E-03
  7.770004127E-02  3.141809694E-03
  7.930556598E-02  3.140816447E-03
  8.092430057E-02  3.139917893E-03
  8.255652816E-02  3.139124205E-03
  8.420200022E-02  3.138402962E-03
  8.586118134E-02  3.137763981E-03
  8.753387929E-02  3.137187432E-03
  8.922028068E-02  3.136665749E-03
  9.092058303E-02  3.136206716E-03
  9.263478816E-02  3.135794767E-03
  9.436301114E-02  3.135417896E-03
  9.610543492E-02  3.135083535E-03
  9.786206513E-02  3.134783959E-03
  9.963309169E-02  3.134516879E-03
  1.014184397E-01  3.134282298E-03
  1.032185683E-01  3.134070145E-03
  1.050333163E-01  3.133880479E-03
  1.068628687E-01  3.133713299E-03
  1.087073222E-01  3.133568429E-03
  1.105669201E-01  3.133446220E-03
  1.124417719E-01  3.133336485E-03
  1.143317992E-01  3.133246542E-03
  1.162372687E-01  3.133169130E-03
  1.181581461E-01  3.133111859E-03
  1.200947987E-01  3.133056932E-03
  1.220472741E-01  3.133024434E-03
  1.240155264E-01  3.133001949E-03
  1.260000020E-01  3.132999486E-03
  1.279843789E-01  3.133009498E-03
  1.299527520E-01  3.133024434E-03
  1.319050991E-01  3.133059394E-03
  1.338417774E-01  3.133111859E-03
  1.357628322E-01  3.133169130E-03
  1.376683748E-01  3.133246542E-03
  1.395583528E-01  3.133343859E-03
  1.414330054E-01  3.133448682E-03
  1.432925594E-01  3.133578440E-03
  1.451370292E-01  3.133723311E-03
  1.469666803E-01  3.133890491E-03
  1.487814045E-01  3.134080157E-03
  1.505814582E-01  3.134292310E-03
  1.523670130E-01  3.134526891E-03
  1.541379315E-01  3.134793970E-03
  1.558945561E-01  3.135093547E-03
  1.576368904E-01  3.135427908E-03
  1.593651920E-01  3.135797229E-03
  1.610794192E-01  3.136216552E-03
  1.627796429E-01  3.136675760E-03
  1.644660204E-01  3.137187432E-03
  1.661388153E-01  3.137766443E-03
  1.677978008E-01  3.138402962E-03
  1.694434464E-01  3.139124205E-03
  1.710755061E-01  3.139915431E-03
  1.726943338E-01  3.140814041E-03
  1.742998623E-01  3.141807232E-03
  1.758922594E-01  3.142922864E-03
  1.774714177E-01  3.144178383E-03
  1.790375674E-01  3.145580941E-03
  1.805906975E-01  3.147170880E-03
  1.821308536E-01  3.148965364E-03
  1.836580651E-01  3.151007065E-03
  1.851722460E-01  3.153323115E-03
  1.866734236E-01  3.155981192E-03
  1.881615870E-01  3.159058650E-03
  1.896363483E-01  3.162627814E-03
  1.910974114E-01  3.166831020E-03
  1.925436883E-01  3.171835344E-03
  1.939742802E-01  3.177923359E-03
  1.953862654E-01  3.185496578E-03
  1.967723123E-01  3.195269695E-03
  1.981113204E-01  3.210332675E-03
  1.993954744E-01  3.275574837E-03
  2.006472864E-01  3.407437428E-03
  2.018825836E-01  3.605089879E-03
  2.031076532E-01  3.867716119E-03
  2.043257742E-01  4.194532625E-03
  2.055392400E-01  4.584820648E-03
  2.067491773E-01  5.037816294E-03
  2.079564639E-01  5.552788865E-03
  2.091620929E-01  6.129074006E-03
  2.103671891E-01  6.766198868E-03
  2.115738935E-01  7.463653496E-03
  2.127837700E-01  8.216609455E-03
  2.139963907E-01  9.017684442E-03
  2.152109288E-01  9.858917853E-03
  2.164257532E-01  1.073213620E-02
  2.176400243E-01  1.162938985E-02
  2.188522922E-01  1.254268941E-02
  2.200610952E-01  1.346386002E-02
  2.212632500E-01  1.438502648E-02
  2.224561047E-01  1.530404101E-02
  2.236389373E-01  1.622202919E-02
  2.248115133E-01  1.714056745E-02
  2.259739445E-01  1.806135356E-02
  2.271266697E-01  1.898641464E-02
  2.282706986E-01  1.991767344E-02
  2.294075708E-01  2.085783083E-02
  2.305405854E-01  2.181083363E-02
  2.316744935E-01  2.277585689E-02
  2.328128587E-01  2.374264618E-02
  2.339572255E-01  2.469922989E-02
  2.351090688E-01  2.563322799E-02
  2.362702561E-01  2.653266748E-02
  2.374438579E-01  2.738555082E-02
  2.386422845E-01  2.818442634E-02
  2.398683342E-01  2.891185071E-02
  2.411228399E-01  2.954757587E-02
  2.423986548E-01  3.006683331E-02
  2.436787052E-01  3.045642964E-02
  2.449461629E-01  3.072928653E-02
  2.461916962E-01  3.090485366E-02
  2.474104026E-01  3.100410390E-02
  2.486017953E-01  3.104778238E-02
  2.497578340E-01  3.104426371E-02
  2.508837031E-01  3.103792168E-02
  2.520000041E-01  3.103195077E-02
 -2.328310045E-10  3.155169957E-02
  1.126865316E-03  3.155861103E-02
  2.264613206E-03  3.156651957E-02
  3.435227477E-03  3.157153755E-02
  4.644241663E-03  3.152867140E-02
  5.883579271E-03  3.142929154E-02
  7.152602883E-03  3.125214924E-02
  8.445819187E-03  3.097575526E-02
  9.752790910E-03  3.057985220E-02
  1.105547404E-02  3.005184322E-02
  1.233551071E-02  2.940561606E-02
  1.358457311E-02  2.866731066E-02
  1.480278469E-02  2.785807093E-02
  1.599291293E-02  2.699607448E-02
  1.716777822E-02  2.608926321E-02
  1.833051456E-02  2.514967233E-02
  1.948313346E-02  2.418930157E-02
  2.062746713E-02  2.322043856E-02
  2.176534798E-02  2.225488357E-02
  2.290050955E-02  2.130274838E-02
  2.403831912E-02  2.036403507E-02
  2.518260566E-02  1.943458715E-02
  2.633521758E-02  1.851189556E-02
  2.749717367E-02  1.759363498E-02
  2.866890746E-02  1.667779700E-02
  2.985079865E-02  1.576270330E-02
  3.104255545E-02  1.484685194E-02
  3.224314764E-02  1.392936734E-02
  3.344978545E-02  1.301268185E-02
  3.465918957E-02  1.210461707E-02
  3.586916291E-02  1.121366153E-02
  3.707855092E-02  1.034763690E-02
  3.828574111E-02  9.514661083E-03
  3.948932176E-02  8.722741217E-03
  4.068825076E-02  7.979604632E-03
  4.188205017E-02  7.292292005E-03
  4.307240517E-02  6.665239884E-03
  4.426167568E-02  6.098662463E-03
  4.545107226E-02  5.592768572E-03
  4.664191377E-02  5.147964956E-03
  4.783524604E-02  4.764718139E-03
  4.903281443E-02  4.443516691E-03
  5.023717086E-02  4.184860619E-03
  5.145231414E-02  3.989290668E-03
  5.268522036E-02  3.857405659E-03
  5.395311283E-02  3.789896671E-03
  5.527914682E-02  3.771135496E-03
  5.665564050E-02  3.758241034E-03
  5.806024285E-02  3.748107989E-03
  5.948547532E-02  3.739913196E-03
  6.092776264E-02  3.733135465E-03
  6.238537779E-02  3.727426232E-03
  6.385738507E-02  3.722567463E-03
  6.534325371E-02  3.718384036E-03
  6.684267273E-02  3.714751525E-03
  6.835522737E-02  3.711586462E-03
  6.988121829E-02  3.708805797E-03
  7.142014630E-02  3.706349096E-03
  7.297228072E-02  3.704182580E-03
  7.453743765E-02  3.702255750E-03
  7.611581908E-02  3.700537887E-03
  7.770740773E-02  3.699016394E-03
  7.931230548E-02  3.697652556E-03
  8.093042373E-02  3.696433223E-03
  8.256203581E-02  3.695339496E-03
  8.420706608E-02  3.694360972E-03
  8.586579317E-02  3.693476004E-03
  8.753813381E-02  3.692694058E-03
  8.922418189E-02  3.691986768E-03
  9.092412612E-02  3.691351524E-03
  9.263798376E-02  3.690788531E-03
  9.436593870E-02  3.690277612E-03
  9.610809365E-02  3.689819994E-03
  9.786446083E-02  3.689413584E-03
  9.963522999E-02  3.689048241E-03
  1.014203937E-01  3.688725194E-03
  1.032202640E-01  3.688434144E-03
  1.050348391E-01  3.688174227E-03
  1.068642177E-01  3.687945444E-03
  1.087084860E-01  3.687746669E-03
  1.105680512E-01  3.687580102E-03
  1.124427293E-01  3.687433608E-03
  1.143325212E-01  3.687308003E-03
  1.162378957E-01  3.687204825E-03
  1.181586780E-01  3.687121411E-03
  1.200951521E-01  3.687049366E-03
  1.220475315E-01  3.687007123E-03
  1.240156216E-01  3.686975990E-03
  1.260000020E-01  3.686966004E-03
  1.279842790E-01  3.686975990E-03
  1.299525521E-01  3.687007123E-03
  1.319047419E-01  3.687058280E-03
  1.338413186E-01  3.687121411E-03
  1.357622044E-01  3.687204825E-03
  1.376675797E-01  3.687309075E-03
  1.395574578E-01  3.687434681E-03
  1.414319414E-01  3.687590139E-03
  1.432913169E-01  3.687757780E-03
  1.451356754E-01  3.687955430E-03
  1.469651575E-01  3.688184213E-03
  1.487796358E-01  3.688444130E-03
  1.505794994E-01  3.688736303E-03
  1.523648643E-01  3.689059351E-03
  1.541355464E-01  3.689423569E-03
  1.558919037E-01  3.689830031E-03
  1.576339677E-01  3.690287598E-03
  1.593619218E-01  3.690798568E-03
  1.610758705E-01  3.691361509E-03
  1.627758155E-01  3.691996755E-03
  1.644617766E-01  3.692695130E-03
  1.661341928E-01  3.693486041E-03
  1.677927293E-01  3.694360972E-03
  1.694378599E-01  3.695340568E-03
  1.710693725E-01  3.696424309E-03
  1.726875934E-01  3.697642726E-03
  1.742924862E-01  3.699007480E-03
  1.758841767E-01  3.700536814E-03
  1.774624515E-01  3.702245712E-03
  1.790277061E-01  3.704162557E-03
  1.805798512E-01  3.706329280E-03
  1.821187858E-01  3.708784701E-03
  1.836445747E-01  3.711555328E-03
  1.851572344E-01  3.714720392E-03
  1.866565532E-01  3.718342866E-03
  1.881424218E-01  3.722526343E-03
  1.896145194E-01  3.727383989E-03
  1.910722238E-01  3.733074322E-03
  1.925144240E-01  3.739850930E-03
  1.939396540E-01  3.748045982E-03
  1.953444494E-01  3.758168988E-03
  1.967207639E-01  3.771053207E-03
  1.980467905E-01  3.789813309E-03
  1.993146789E-01  3.857311394E-03
  2.005476924E-01  3.989187645E-03
  2.017627241E-01  4.184746331E-03
  2.029670824E-01  4.443392158E-03
  2.041646574E-01  4.764573583E-03
  2.053580726E-01  5.147820452E-03
  2.065489214E-01  5.592634261E-03
  2.077383180E-01  6.098528152E-03
  2.089275800E-01  6.665104085E-03
  2.101179583E-01  7.292156622E-03
  2.113117463E-01  7.979461563E-03
  2.125106900E-01  8.722606248E-03
  2.137142600E-01  9.514523038E-03
  2.149215491E-01  1.034752632E-02
  2.161308407E-01  1.121346129E-02
  2.173408104E-01  1.210450566E-02
  2.185501323E-01  1.301248161E-02
  2.197568421E-01  1.392926769E-02
  2.209574395E-01  1.484674126E-02
  2.221491169E-01  1.576259188E-02
  2.233309989E-01  1.667768559E-02
  2.245028126E-01  1.759352337E-02
  2.256646715E-01  1.851179497E-02
  2.268171818E-01  1.943458715E-02
  2.279613778E-01  2.036393615E-02
  2.290992792E-01  2.130256011E-02
  2.302345541E-01  2.225487254E-02
  2.313724355E-01  2.322033798E-02
  2.325167692E-01  2.418920099E-02
  2.336694802E-01  2.514957361E-02
  2.348321194E-01  2.608916429E-02
  2.360069932E-01  2.699607448E-02
  2.371971161E-01  2.785797035E-02
  2.384153243E-01  2.866721029E-02
  2.396642822E-01  2.940551547E-02
  2.409443286E-01  3.005175533E-02
  2.422471187E-01  3.057986324E-02
  2.435541906E-01  3.097565468E-02
  2.448473352E-01  3.125214924E-02
  2.461164061E-01  3.142929154E-02
  2.473557470E-01  3.152867140E-02
  2.485646803E-01  3.157153755E-02
  2.497352678E-01  3.156651957E-02
  2.508730318E-01  3.155861103E-02
  2.520000041E-01  3.155169957E-02
 -2.328310045E-10  3.214836370E-02
  1.139919374E-03  3.215624894E-02
  2.291974608E-03  3.216604281E-02
  3.479330893E-03  3.217302980E-02
  4.708082430E-03  3.213136931E-02
  5.970179599E-03  3.203221250E-02
  7.264747532E-03  3.185383363E-02
  8.585746579E-03  3.157398026E-02
  9.921871498E-03  3.117190392E-02
  1.125382487E-02  3.063498238E-02
  1.256177192E-02  2.997789269E-02
  1.383631669E-02  2.922803270E-02
  1.507691515E-02  2.840780896E-02
  1.628604053E-02  2.753607257E-02
  1.747670189E-02  2.662117797E-02
  1.865229855E-02  2.567543988E-02
  1.981495811E-02  2.471088059E-02
  2.096678849E-02  2.373968632E-02
  2.210991713E-02  2.277362524E-02
  2.324837669E-02  2.182208586E-02
  2.438808897E-02  2.088503616E-02
  2.553321191E-02  1.995783880E-02
  2.668596451E-02  1.903788450E-02
  2.784757289E-02  1.812267562E-02
  2.901873026E-02  1.721010038E-02
  3.019965005E-02  1.629865219E-02
  3.139013653E-02  1.538685820E-02
  3.258888601E-02  1.447402426E-02
  3.379315864E-02  1.356287037E-02
  3.499904790E-02  1.266140366E-02
  3.620432661E-02  1.177802561E-02
  3.740736359E-02  1.092075287E-02
  3.860644206E-02  1.009757766E-02
  3.980004368E-02  9.316397604E-03
  4.098677115E-02  8.584643305E-03
  4.216631932E-02  7.909002282E-03
  4.334029313E-02  7.293438891E-03
  4.451150863E-02  6.737856491E-03
  4.568128268E-02  6.242175731E-03
  4.685116148E-02  5.806512098E-03
  4.802255364E-02  5.431031812E-03
  4.919759766E-02  5.115950051E-03
  5.037935234E-02  4.861490957E-03
  5.157265978E-02  4.667947025E-03
  5.278519860E-02  4.535722429E-03
  5.403522369E-02  4.465345861E-03
  5.534638724E-02  4.442092476E-03
  5.671118715E-02  4.425293883E-03
  5.810681515E-02  4.411891755E-03
  5.952512032E-02  4.400946494E-03
  6.096186479E-02  4.391841126E-03
  6.241510810E-02  4.384149850E-03
  6.388353856E-02  4.377584437E-03
  6.536643231E-02  4.371922420E-03
  6.686325680E-02  4.366999278E-03
  6.837363487E-02  4.362702441E-03
  6.989773161E-02  4.358920217E-03
  7.143506620E-02  4.355588619E-03
  7.298571776E-02  4.352638617E-03
  7.454958202E-02  4.350016475E-03
  7.612686758E-02  4.347682148E-03
  7.771745857E-02  4.345604890E-03
  7.932145726E-02  4.343753135E-03
  8.093877975E-02  4.342088218E-03
  8.256961187E-02  4.340597652E-03
  8.421403212E-02  4.339269939E-03
  8.587206738E-02  4.338067187E-03
  8.754390856E-02  4.336997403E-03
  8.922945311E-02  4.336040178E-03
  9.092889977E-02  4.335176394E-03
  9.264236444E-02  4.334405104E-03
  9.436992322E-02  4.333705852E-03
  9.611168519E-02  4.333088030E-03
  9.786774310E-02  4.332533327E-03
  9.963821085E-02  4.332029829E-03
  1.014230829E-01  4.331587685E-03
  1.032226551E-01  4.331196230E-03
  1.050370315E-01  4.330846623E-03
  1.068662041E-01  4.330537925E-03
  1.087101833E-01  4.330260791E-03
  1.105694570E-01  4.330033525E-03
  1.124439298E-01  4.329828468E-03
  1.143336170E-01  4.329654076E-03
  1.162387863E-01  4.329519770E-03
  1.181593718E-01  4.329405924E-03
  1.200956648E-01  4.329314289E-03
  1.220478322E-01  4.329252456E-03
  1.240158184E-01  4.329211508E-03
  1.260000020E-01  4.329200827E-03
  1.279840881E-01  4.329211508E-03
  1.299521718E-01  4.329252456E-03
  1.319042424E-01  4.329314289E-03
  1.338406163E-01  4.329406785E-03
  1.357612994E-01  4.329519770E-03
  1.376664839E-01  4.329663895E-03
  1.395561711E-01  4.329839149E-03
  1.414304428E-01  4.330044630E-03
  1.432896274E-01  4.330280815E-03
  1.451336957E-01  4.330548606E-03
  1.469629658E-01  4.330857304E-03
  1.487772440E-01  4.331206909E-03
  1.505768161E-01  4.331607709E-03
  1.523618815E-01  4.332049852E-03
  1.541323425E-01  4.332544008E-03
  1.558883273E-01  4.333099136E-03
  1.576299766E-01  4.333716532E-03
  1.593575370E-01  4.334415308E-03
  1.610710883E-01  4.335187074E-03
  1.627705510E-01  4.336050859E-03
  1.644560802E-01  4.337007223E-03
  1.661278324E-01  4.338077390E-03
  1.677857633E-01  4.339270799E-03
  1.694301995E-01  4.340606570E-03
  1.710610231E-01  4.342088218E-03
  1.726784265E-01  4.343743793E-03
  1.742824395E-01  4.345603988E-03
  1.758731137E-01  4.347672328E-03
  1.774502209E-01  4.350005370E-03
  1.790141796E-01  4.352617732E-03
  1.805649280E-01  4.355567694E-03
  1.821022633E-01  4.358889513E-03
  1.836261612E-01  4.362662394E-03
  1.851366412E-01  4.366958371E-03
  1.866334583E-01  4.371871310E-03
  1.881163520E-01  4.377532849E-03
  1.895847896E-01  4.384088017E-03
  1.910380295E-01  4.391769515E-03
  1.924747767E-01  4.400864678E-03
  1.938930972E-01  4.411808561E-03
  1.952888135E-01  4.425201347E-03
  1.966536131E-01  4.441988875E-03
  1.979647695E-01  4.465233300E-03
  1.992147059E-01  4.535589845E-03
  2.004273378E-01  4.667813156E-03
  2.016204529E-01  4.861337489E-03
  2.028023051E-01  5.115785477E-03
  2.039773502E-01  5.430848978E-03
  2.051487508E-01  5.806329689E-03
  2.063187173E-01  6.242002240E-03
  2.074884920E-01  6.737682139E-03
  2.086596084E-01  7.293256522E-03
  2.098337843E-01  7.908819012E-03
  2.110132292E-01  8.584468528E-03
  2.122000606E-01  9.316215154E-03
  2.133935739E-01  1.009737743E-02
  2.145927309E-01  1.092055348E-02
  2.157956740E-01  1.177782537E-02
  2.170009494E-01  1.266120428E-02
  2.182068454E-01  1.356267013E-02
  2.194110263E-01  1.447392461E-02
  2.206098519E-01  1.538665805E-02
  2.218003485E-01  1.629845289E-02
  2.229812749E-01  1.720990091E-02
  2.241523379E-01  1.812247445E-02
  2.253138387E-01  1.903778408E-02
  2.264664824E-01  1.995783880E-02
  2.276116096E-01  2.088492688E-02
  2.287513353E-01  2.182197812E-02
  2.298899879E-01  2.277352482E-02
  2.310330985E-01  2.373957705E-02
  2.321849380E-01  2.471078018E-02
  2.333476879E-01  2.567534116E-02
  2.345231941E-01  2.662107738E-02
  2.357138574E-01  2.753607257E-02
  2.369229798E-01  2.840769969E-02
  2.381635769E-01  2.922793381E-02
  2.394380318E-01  2.997779227E-02
  2.407459757E-01  3.063498238E-02
  2.420780076E-01  3.117199565E-02
  2.434142141E-01  3.157387967E-02
  2.447352207E-01  3.185383363E-02
  2.460298461E-01  3.203221250E-02
  2.472918412E-01  3.213136931E-02
  2.485206985E-01  3.217302980E-02
  2.497080245E-01  3.216604281E-02
  2.508599648E-01  3.215624894E-02
  2.520000041E-01  3.214836370E-02
 -2.328310045E-10  3.283119162E-02
  1.155562129E-03  3.284021989E-02
  2.324437639E-03  3.285246065E-02
  3.530948476E-03  3.286181862E-02
  4.781728566E-03  3.282196270E-02
  6.068741960E-03  3.272343333E-02
  7.390935468E-03  3.254415885E-02
  8.741774633E-03  3.226121987E-02
  1.010917513E-02  3.185334193E-02
  1.147268528E-02  3.130758515E-02
  1.281110436E-02  3.063954543E-02
  1.411371767E-02  2.987785504E-02
  1.537933483E-02  2.904618264E-02
  1.661009853E-02  2.816410183E-02
  1.781912668E-02  2.724058918E-02
  1.900981879E-02  2.628819952E-02
  2.018461573E-02  2.531913549E-02
  2.134571542E-02  2.434551523E-02
  2.249561453E-02  2.337870052E-02
  2.363869340E-02  2.242795418E-02
  2.478120484E-02  2.149275967E-02
  2.592796774E-02  2.056813730E-02
  2.708147759E-02  1.965130966E-02
  2.824323499E-02  1.873977903E-02
  2.941389733E-02  1.783132411E-02
  3.059386288E-02  1.692438260E-02
  3.178293455E-02  1.601773796E-02
  3.297979041E-02  1.511084605E-02
  3.418121152E-02  1.420662603E-02
  3.538324517E-02  1.331319662E-02
  3.658320893E-02  1.243899682E-02
  3.777920522E-02  1.159216849E-02
  3.896925640E-02  1.078063166E-02
  4.015164542E-02  1.001193128E-02
  4.132497368E-02  9.293311047E-03
  4.248891883E-02  8.630958086E-03
  4.364511885E-02  8.028385862E-03
  4.479657862E-02  7.485158046E-03
  4.594488503E-02  7.000844650E-03
  4.709202911E-02  6.575244314E-03
  4.823967461E-02  6.208229181E-03
  4.939040485E-02  5.899703877E-03
  5.054795668E-02  5.649590577E-03
  5.171774204E-02  5.457945366E-03
  5.290835365E-02  5.324991246E-03
  5.413873055E-02  5.251117007E-03
  5.543308844E-02  5.222523599E-03
  5.678402596E-02  5.200936770E-03
  5.816861850E-02  5.183438444E-03
  5.957807747E-02  5.168982925E-03
  6.100773992E-02  5.156875606E-03
  6.245514910E-02  5.146604891E-03
  6.391881499E-02  5.137798885E-03
  6.539773104E-02  5.130186364E-03
  6.689107996E-02  5.123559732E-03
  6.839860825E-02  5.117759705E-03
  6.992011015E-02  5.112663634E-03
  7.145529081E-02  5.108160218E-03
  7.300399186E-02  5.104177627E-03
  7.456616589E-02  5.100628053E-03
  7.614196318E-02  5.097469671E-03
  7.773109215E-02  5.094656365E-03
  7.933386290E-02  5.092140089E-03
  8.095013409E-02  5.089893634E-03
  8.258002712E-02  5.087880313E-03
  8.422347293E-02  5.086068922E-03
  8.588069870E-02  5.084446794E-03
  8.755174748E-02  5.082992125E-03
  8.923661466E-02  5.081687138E-03
  9.093539710E-02  5.080518229E-03
  9.264836644E-02  5.079472819E-03
  9.437536926E-02  5.078525020E-03
  9.611665583E-02  5.077682942E-03
  9.787218164E-02  5.076932694E-03
  9.964220025E-02  5.076258542E-03
  1.014267237E-01  5.075657975E-03
  1.032259486E-01  5.075120926E-03
  1.050399749E-01  5.074646192E-03
  1.068687936E-01  5.074225198E-03
  1.087125392E-01  5.073855986E-03
  1.105714827E-01  5.073540802E-03
  1.124456453E-01  5.073265664E-03
  1.143350854E-01  5.073033932E-03
  1.162399458E-01  5.072842712E-03
  1.181602895E-01  5.072686988E-03
  1.200964359E-01  5.072569443E-03
  1.220482760E-01  5.072483656E-03
  1.240160402E-01  5.072431497E-03
  1.260000020E-01  5.072411473E-03
  1.279838609E-01  5.072431497E-03
  1.299517081E-01  5.072485613E-03
  1.319034699E-01  5.072569443E-03
  1.338396302E-01  5.072694899E-03
  1.357600767E-01  5.072844580E-03
  1.376650141E-01  5.073044177E-03
  1.395544542E-01  5.073285688E-03
  1.414283971E-01  5.073558869E-03
  1.432873345E-01  5.073876009E-03
  1.451311048E-01  5.074245222E-03
  1.469600291E-01  5.074666216E-03
  1.487739451E-01  5.075140950E-03
  1.505731686E-01  5.075677998E-03
  1.523578038E-01  5.076278477E-03
  1.541278210E-01  5.076952717E-03
  1.558834066E-01  5.077702966E-03
  1.576245305E-01  5.078545044E-03
  1.593516102E-01  5.079484555E-03
  1.610645041E-01  5.080536295E-03
  1.627633880E-01  5.081705294E-03
  1.644481583E-01  5.083004237E-03
  1.661192025E-01  5.084456661E-03
  1.677763240E-01  5.086078701E-03
  1.694198527E-01  5.087880313E-03
  1.710496702E-01  5.089893634E-03
  1.726659524E-01  5.092138132E-03
  1.742687093E-01  5.094646121E-03
  1.758579366E-01  5.097457559E-03
  1.774336356E-01  5.100608030E-03
  1.789958050E-01  5.104145867E-03
  1.805446029E-01  5.108126214E-03
  1.820797910E-01  5.112621719E-03
  1.836011932E-01  5.117715835E-03
  1.851087229E-01  5.123506081E-03
  1.866020445E-01  5.130122846E-03
  1.880809819E-01  5.137725212E-03
  1.895446507E-01  5.146520973E-03
  1.909920578E-01  5.156781908E-03
  1.924218076E-01  5.168877492E-03
  1.938313649E-01  5.183312521E-03
  1.952159788E-01  5.200808981E-03
  1.965668919E-01  5.222378119E-03
  1.978612667E-01  5.250969194E-03
  1.990916222E-01  5.324823499E-03
  2.002822636E-01  5.457765883E-03
  2.014519306E-01  5.649391069E-03
  2.026094905E-01  5.899486215E-03
  2.037602504E-01  6.208007693E-03
  2.049079557E-01  6.575022827E-03
  2.060551315E-01  7.000625119E-03
  2.072034439E-01  7.484930604E-03
  2.083548977E-01  8.028166707E-03
  2.095111760E-01  8.630730466E-03
  2.106750280E-01  9.293083605E-03
  2.118484555E-01  1.001170373E-02
  2.130308452E-01  1.078043161E-02
  2.142209179E-01  1.159196844E-02
  2.154167937E-01  1.243877755E-02
  2.166167767E-01  1.331299639E-02
  2.178187904E-01  1.420642597E-02
  2.190202129E-01  1.511074640E-02
  2.202169881E-01  1.601753830E-02
  2.214061363E-01  1.692418329E-02
  2.225861199E-01  1.783112294E-02
  2.237567699E-01  1.873957822E-02
  2.249183475E-01  1.965121058E-02
  2.260717391E-01  2.056811845E-02
  2.272184944E-01  2.149257922E-02
  2.283611016E-01  2.242775337E-02
  2.295043063E-01  2.337862066E-02
  2.306540792E-01  2.434533479E-02
  2.318152825E-01  2.531901756E-02
  2.329900820E-01  2.628808159E-02
  2.341807697E-01  2.724048895E-02
  2.353897994E-01  2.816410183E-02
  2.366205685E-01  2.904600219E-02
  2.378861802E-01  2.987775481E-02
  2.391887551E-01  3.063944636E-02
  2.405271195E-01  3.130756594E-02
  2.418907312E-01  3.185334193E-02
  2.432581352E-01  3.226111929E-02
  2.446090246E-01  3.254415885E-02
  2.459312694E-01  3.272343333E-02
  2.472182023E-01  3.282196270E-02
  2.484690731E-01  3.286181862E-02
  2.496755075E-01  3.285246065E-02
  2.508443842E-01  3.284021989E-02
  2.520000041E-01  3.283119162E-02
 -2.328310045E-10  3.360934521E-02
  1.173891557E-03  3.361990024E-02
  2.362232569E-03  3.363507012E-02
  3.590398370E-03  3.364748163E-02
  4.865558424E-03  3.360993739E-02
  6.179684445E-03  3.351269369E-02
  7.531596291E-03  3.333309372E-02
  8.914319545E-03  3.304760981E-02
  1.031503527E-02  3.263434088E-02
  1.171246115E-02  3.208018883E-02
  1.308377281E-02  3.140136472E-02
  1.441729923E-02  3.062785549E-02
  1.571074156E-02  2.978440561E-02
  1.696595798E-02  2.889173846E-02
  1.819601795E-02  2.795928522E-02
  1.940432212E-02  2.699997539E-02
  2.059355788E-02  2.602613391E-02
  2.176596542E-02  2.504987951E-02
  2.292448976E-02  2.408240751E-02
  2.407360127E-02  2.313260731E-02
  2.522024141E-02  2.219947786E-02
  2.636961025E-02  2.127798969E-02
  2.752465230E-02  2.036491742E-02
  2.868690895E-02  1.945779965E-02
  2.985745231E-02  1.855434050E-02
  3.103668071E-02  1.765309360E-02
  3.222426785E-02  1.675284780E-02
  3.341893974E-02  1.585334362E-02
  3.461727041E-02  1.495762441E-02
  3.581492964E-02  1.407393378E-02
  3.700892016E-02  1.321091314E-02
  3.819707853E-02  1.237642052E-02
  3.937715672E-02  1.157837056E-02
  4.054730439E-02  1.082412011E-02
  4.170604274E-02  1.012049485E-02
  4.285296357E-02  9.473137419E-03
  4.398991670E-02  8.885098176E-03
  4.511998546E-02  8.355565080E-03
  4.624525431E-02  7.883761615E-03
  4.736783887E-02  7.469129004E-03
  4.849018128E-02  7.111216938E-03
  4.961499268E-02  6.809597688E-03
  5.074670705E-02  6.563936787E-03
  5.189147657E-02  6.374031717E-03
  5.305855927E-02  6.239932460E-03
  5.426754206E-02  6.161909014E-03
  5.554293862E-02  6.127105138E-03
  5.687774860E-02  6.099816813E-03
  5.824909798E-02  6.077301046E-03
  5.964765937E-02  6.058491864E-03
  6.106836397E-02  6.042603934E-03
  6.250842488E-02  6.029047377E-03
  6.396581624E-02  6.017375994E-03
  6.543944721E-02  6.007253205E-03
  6.692837697E-02  5.998425710E-03
  6.843206381E-02  5.990677135E-03
  6.995018330E-02  5.983855044E-03
  7.148242569E-02  5.977831655E-03
  7.302848646E-02  5.972482515E-03
  7.458842860E-02  5.967723209E-03
  7.616215844E-02  5.963490826E-03
  7.774947480E-02  5.959711535E-03
  7.935063429E-02  5.956332067E-03
  8.096538031E-02  5.953305372E-03
  8.259390658E-02  5.950594024E-03
  8.423619095E-02  5.948163092E-03
  8.589230765E-02  5.945983251E-03
  8.756232288E-02  5.944024966E-03
  8.924623770E-02  5.942269623E-03
  9.094423825E-02  5.940699973E-03
  9.265633530E-02  5.939282975E-03
  9.438268205E-02  5.938013299E-03
  9.612322534E-02  5.936881845E-03
  9.787821205E-02  5.935863460E-03
  9.964765296E-02  5.934958013E-03
  1.014316820E-01  5.934146754E-03
  1.032303706E-01  5.933428144E-03
  1.050438964E-01  5.932788150E-03
  1.068722234E-01  5.932222656E-03
  1.087156005E-01  5.931725601E-03
  1.105741247E-01  5.931298595E-03
  1.124479970E-01  5.930928573E-03
  1.143370685E-01  5.930614170E-03
  1.162416000E-01  5.930352834E-03
  1.181616105E-01  5.930147117E-03
  1.200973407E-01  5.929984222E-03
  1.220488566E-01  5.929865758E-03
  1.240162859E-01  5.929797118E-03
  1.260000020E-01  5.929772911E-03
  1.279835767E-01  5.929797118E-03
  1.299510432E-01  5.929871618E-03
  1.319025590E-01  5.929984222E-03
  1.338384350E-01  5.930151302E-03
  1.357584563E-01  5.930362812E-03
  1.376630696E-01  5.930628600E-03
  1.395521411E-01  5.930948597E-03
  1.414256708E-01  5.931312758E-03
  1.432842396E-01  5.931745625E-03
  1.451276689E-01  5.932242480E-03
  1.469561076E-01  5.932808174E-03
  1.487695323E-01  5.933452551E-03
  1.505682582E-01  5.934170963E-03
  1.523523511E-01  5.934977770E-03
  1.541217877E-01  5.935887668E-03
  1.558767191E-01  5.936901868E-03
  1.576172177E-01  5.938037507E-03
  1.593435602E-01  5.939302999E-03
  1.610556657E-01  5.940714136E-03
  1.627537174E-01  5.942288237E-03
  1.644375768E-01  5.944044989E-03
  1.661075932E-01  5.945993496E-03
  1.677636088E-01  5.948168686E-03
  1.694059367E-01  5.950594024E-03
  1.710343854E-01  5.953305372E-03
  1.726492208E-01  5.956321822E-03
  1.742503238E-01  5.959697105E-03
  1.758377413E-01  5.963470803E-03
  1.774113669E-01  5.967698801E-03
  1.789713132E-01  5.972442468E-03
  1.805174294E-01  5.977777446E-03
  1.820497239E-01  5.983796650E-03
  1.835677349E-01  5.990608497E-03
  1.850713813E-01  5.998347292E-03
  1.865602057E-01  6.007164742E-03
  1.880339420E-01  6.017273169E-03
  1.894913748E-01  6.028930122E-03
  1.909314293E-01  6.042476901E-03
  1.923521387E-01  6.058348992E-03
  1.937507550E-01  6.077138084E-03
  1.951222544E-01  6.099643874E-03
  1.964569622E-01  6.126918035E-03
  1.977324583E-01  6.161711865E-03
  1.989413410E-01  6.239715555E-03
  2.001084802E-01  6.373794788E-03
  2.012530958E-01  6.563675650E-03
  2.023849458E-01  6.809326107E-03
  2.035098158E-01  7.110925533E-03
  2.046321077E-01  7.468837401E-03
  2.057548036E-01  7.883475872E-03
  2.068801170E-01  8.355275351E-03
  2.080101810E-01  8.884812432E-03
  2.091471772E-01  9.472855527E-03
  2.102940049E-01  1.012017523E-02
  2.114527949E-01  1.082382023E-02
  2.126229447E-01  1.157812822E-02
  2.138030815E-01  1.237617817E-02
  2.149911211E-01  1.321061325E-02
  2.161851245E-01  1.407369091E-02
  2.173827671E-01  1.495738206E-02
  2.185810606E-01  1.585320053E-02
  2.197757346E-01  1.675260440E-02
  2.209633621E-01  1.765285125E-02
  2.221426085E-01  1.855409709E-02
  2.233130499E-01  1.945760034E-02
  2.244752464E-01  2.036481684E-02
  2.256300897E-01  2.127789017E-02
  2.267794593E-01  2.219933503E-02
  2.279262013E-01  2.313240721E-02
  2.290754670E-01  2.408236447E-02
  2.302338784E-01  2.504977893E-02
  2.314063402E-01  2.602593460E-02
  2.325955792E-01  2.699981834E-02
  2.338038815E-01  2.795918650E-02
  2.350339845E-01  2.889173846E-02
  2.362891582E-01  2.978430502E-02
  2.375826028E-01  3.062775677E-02
  2.389159660E-01  3.140126414E-02
  2.402873391E-01  3.208013128E-02
  2.416848654E-01  3.263438392E-02
  2.430856149E-01  3.304750923E-02
  2.444683625E-01  3.333313676E-02
  2.458203125E-01  3.351269369E-02
  2.471344532E-01  3.360993739E-02
  2.484096009E-01  3.364748163E-02
  2.496377368E-01  3.363507012E-02
  2.508260323E-01  3.361990024E-02
  2.520000041E-01  3.360934521E-02
 -2.328310045E-10  3.449180966E-02
  1.194962121E-03  3.450416036E-02
  2.405419105E-03  3.452301731E-02
  3.657769633E-03  3.453909530E-02
  4.959689826E-03  3.450455283E-02
  6.303116136E-03  3.440934224E-02
  7.686819807E-03  3.423014498E-02
  9.103451406E-03  3.394277692E-02
  1.053965248E-02  3.352493846E-02
  1.197308674E-02  3.296296346E-02
  1.337995869E-02  3.227383436E-02
  1.474700174E-02  3.148878117E-02
  1.607119235E-02  3.063372677E-02
  1.735376668E-02  2.973045667E-02
  1.860770450E-02  2.878897437E-02
  1.983640550E-02  2.782262030E-02
  2.104250881E-02  2.684397811E-02
  2.222863867E-02  2.586512617E-02
  2.339771200E-02  2.489718419E-02
  2.455467169E-02  2.394851046E-02
  2.570684029E-02  2.301794206E-02
  2.686006106E-02  2.210004028E-02
  2.801741251E-02  2.119156472E-02
  2.918090038E-02  2.028970985E-02
  3.035174215E-02  1.939234017E-02
  3.153041943E-02  1.849803632E-02
  3.271659196E-02  1.760569519E-02
  3.390892372E-02  1.671520164E-02
  3.510372446E-02  1.582981234E-02
  3.629658192E-02  1.495791267E-02
  3.748400807E-02  1.410795720E-02
  3.866350710E-02  1.328798976E-02
  3.983271423E-02  1.250556784E-02
  4.098956954E-02  1.176774828E-02
  4.213247188E-02  1.108099133E-02
  4.326102421E-02  1.045042779E-02
  4.437736230E-02  9.878478261E-03
  4.548461331E-02  9.363943126E-03
  4.658529447E-02  8.905717362E-03
  4.768197014E-02  8.502876434E-03
  4.877729931E-02  8.154624564E-03
  4.987484883E-02  7.860225638E-03
  5.097937946E-02  7.619056734E-03
  5.209771196E-02  7.430705820E-03
  5.323976943E-02  7.295061767E-03
  5.442549692E-02  7.212266329E-03
  5.567993413E-02  7.170425675E-03
  5.699624425E-02  7.136496624E-03
  5.835188392E-02  7.108017126E-03
  5.973727923E-02  7.083942738E-03
  6.114696382E-02  7.063421033E-03
  6.257771709E-02  7.045790506E-03
  6.402725770E-02  7.030522506E-03
  6.549413966E-02  7.017240262E-03
  6.697728957E-02  7.005625979E-03
  6.847594455E-02  6.995407534E-03
  6.998976166E-02  6.986388096E-03
  7.151812288E-02  6.978412279E-03
  7.306082849E-02  6.971325564E-03
  7.461777272E-02  6.965013462E-03
  7.618877603E-02  6.959388189E-03
  7.777372138E-02  6.954369830E-03
  7.937273182E-02  6.949872290E-03
  8.098552200E-02  6.945849148E-03
  8.261229768E-02  6.942240710E-03
  8.425292381E-02  6.939008624E-03
  8.590764119E-02  6.936104862E-03
  8.757633348E-02  6.933499246E-03
  8.925900525E-02  6.931154461E-03
  9.095587783E-02  6.929053511E-03
  9.266693706E-02  6.927171366E-03
  9.439236754E-02  6.925483231E-03
  9.613200483E-02  6.923969081E-03
  9.788621909E-02  6.922609361E-03
  9.965483389E-02  6.921403889E-03
  1.014381561E-01  6.920322667E-03
  1.032362303E-01  6.919359140E-03
  1.050491275E-01  6.918509995E-03
  1.068769058E-01  6.917757098E-03
  1.087197036E-01  6.917092469E-03
  1.105777573E-01  6.916521823E-03
  1.124510563E-01  6.916030806E-03
  1.143397109E-01  6.915606608E-03
  1.162437717E-01  6.915259775E-03
  1.181633486E-01  6.914979761E-03
  1.200986066E-01  6.914767242E-03
  1.220496845E-01  6.914613280E-03
  1.240166432E-01  6.914517031E-03
  1.260000020E-01  6.914486853E-03
  1.279830816E-01  6.914517031E-03
  1.299502213E-01  6.914613280E-03
  1.319013774E-01  6.914775507E-03
  1.338366742E-01  6.914989540E-03
  1.357563090E-01  6.915277908E-03
  1.376604869E-01  6.915626632E-03
  1.395490633E-01  6.916050829E-03
  1.414221224E-01  6.916541847E-03
  1.432801120E-01  6.917120382E-03
  1.451229985E-01  6.917785297E-03
  1.469508705E-01  6.918538283E-03
  1.487636769E-01  6.919397297E-03
  1.505617638E-01  6.920352469E-03
  1.523450860E-01  6.921431801E-03
  1.541137849E-01  6.922647428E-03
  1.558679932E-01  6.923997370E-03
  1.576075262E-01  6.925513033E-03
  1.593329627E-01  6.927199279E-03
  1.610440219E-01  6.929081800E-03
  1.627408885E-01  6.931176374E-03
  1.644235663E-01  6.933519269E-03
  1.660922571E-01  6.936114730E-03
  1.677467875E-01  6.939016513E-03
  1.693875313E-01  6.942240710E-03
  1.710141720E-01  6.945849148E-03
  1.726270637E-01  6.949862421E-03
  1.742259913E-01  6.954350182E-03
  1.758110456E-01  6.959368166E-03
  1.773820287E-01  6.964975306E-03
  1.789389730E-01  6.971269363E-03
  1.804817567E-01  6.978344320E-03
  1.820100553E-01  6.986318247E-03
  1.835236960E-01  6.995319552E-03
  1.850223249E-01  7.005519953E-03
  1.865054621E-01  7.017124081E-03
  1.879724409E-01  7.030394100E-03
  1.894220784E-01  7.045634563E-03
  1.908528376E-01  7.063247047E-03
  1.922625244E-01  7.083758507E-03
  1.936479145E-01  7.107812962E-03
  1.950037614E-01  7.136274326E-03
  1.963200422E-01  7.170175464E-03
  1.975745004E-01  7.212005964E-03
  1.987601326E-01  7.294781754E-03
  1.999022757E-01  7.430405408E-03
  2.010205016E-01  7.618718254E-03
  2.021251485E-01  7.859869310E-03
  2.032226154E-01  8.154256192E-03
  2.043181150E-01  8.502516238E-03
  2.054147810E-01  8.905357165E-03
  2.065155725E-01  9.363572865E-03
  2.076227372E-01  9.878094019E-03
  2.087391007E-01  1.045004477E-02
  2.098676261E-01  1.108067143E-02
  2.110106118E-01  1.176744839E-02
  2.121674701E-01  1.250518681E-02
  2.133366787E-01  1.328768988E-02
  2.145161710E-01  1.410765732E-02
  2.157034988E-01  1.495761279E-02
  2.168962885E-01  1.582951245E-02
  2.180911547E-01  1.671500047E-02
  2.192834865E-01  1.760539531E-02
  2.204695936E-01  1.849773644E-02
  2.216482586E-01  1.939212143E-02
  2.228190001E-01  2.028951055E-02
  2.239824062E-01  2.119138299E-02
  2.251397213E-01  2.209993969E-02
  2.262928553E-01  2.301774275E-02
  2.274451345E-01  2.394830929E-02
  2.286021870E-01  2.489708361E-02
  2.297712663E-01  2.586502558E-02
  2.309573091E-01  2.684377730E-02
  2.321634965E-01  2.782244008E-02
  2.333921114E-01  2.878879300E-02
  2.346462370E-01  2.973045667E-02
  2.359287082E-01  3.063362619E-02
  2.372528986E-01  3.148868095E-02
  2.386198467E-01  3.227373378E-02
  2.400267154E-01  3.296296346E-02
  2.414603309E-01  3.352495790E-02
  2.428965357E-01  3.394267935E-02
  2.443131619E-01  3.423016442E-02
  2.456969604E-01  3.440934224E-02
  2.470403161E-01  3.450455283E-02
  2.483422664E-01  3.453917644E-02
  2.495945076E-01  3.452301731E-02
  2.508049820E-01  3.450416036E-02
  2.520000041E-01  3.449180966E-02
 -2.328310045E-10  3.548956100E-02
  1.218747942E-03  3.550419566E-02
  2.453956171E-03  3.552739765E-02
  3.732934552E-03  3.554819817E-02
  5.063840090E-03  3.551753116E-02
  6.438572823E-03  3.542533333E-02
  7.855865844E-03  3.524750080E-02
  9.308112690E-03  3.495939927E-02
  1.078151263E-02  3.453803366E-02
  1.225301972E-02  3.396946393E-02
  1.369756031E-02  3.327126354E-02
  1.510073412E-02  3.247562914E-02
  1.645850674E-02  3.160975932E-02
  1.777141230E-02  3.069639091E-02
  1.905225122E-02  2.974629012E-02
  2.030432214E-02  2.877328847E-02
  2.153016016E-02  2.779015443E-02
  2.273256360E-02  2.680912058E-02
  2.391463188E-02  2.584098785E-02
  2.508156748E-02  2.489402068E-02
  2.624110225E-02  2.396658862E-02
  2.739953771E-02  2.305308871E-02
  2.856040475E-02  2.215015770E-02
  2.972610512E-02  2.125475819E-02
  3.089787182E-02  2.036489342E-02
  3.207633758E-02  1.947906149E-02
  3.326120444E-02  1.859639691E-02
  3.445103815E-02  1.771689969E-02
  3.564220396E-02  1.684396799E-02
  3.682966904E-02  1.598603830E-02
  3.800990047E-02  1.515160770E-02
  3.918009930E-02  1.434837792E-02
  4.033746528E-02  1.358384787E-02
  4.148002774E-02  1.286465193E-02
  4.260612517E-02  1.219665544E-02
  4.371532052E-02  1.158452516E-02
  4.480981790E-02  1.103009571E-02
  4.589324704E-02  1.053169875E-02
  4.696830770E-02  1.008797500E-02
  4.803803717E-02  9.697543298E-03
  4.910549654E-02  9.359345940E-03
  5.017479243E-02  9.072310267E-03
  5.125118748E-02  8.835597433E-03
  5.234208145E-02  8.648578147E-03
  5.345784445E-02  8.510997509E-03
  5.461873830E-02  8.422870085E-03
  5.585003545E-02  8.373235308E-03
  5.714553087E-02  8.331777257E-03
  5.848295988E-02  8.296379118E-03
  5.985262554E-02  8.266050903E-03
  6.124892120E-02  8.239929904E-03
  6.266808684E-02  8.217308930E-03
  6.410775052E-02  8.197624831E-03
  6.556614526E-02  8.180400453E-03
  6.704181565E-02  8.165273187E-03
  6.853404386E-02  8.151932586E-03
  7.004210974E-02  8.140132152E-03
  7.156551150E-02  8.129664498E-03
  7.310374252E-02  8.120361053E-03
  7.465670843E-02  8.112063797E-03
  7.622424028E-02  8.104653511E-03
  7.780600782E-02  8.098033334E-03
  7.940214263E-02  8.092102681E-03
  8.101237394E-02  8.086789216E-03
  8.263680614E-02  8.082022462E-03
  8.427530757E-02  8.077745610E-03
  8.592806949E-02  8.073905262E-03
  8.759500485E-02  8.070461671E-03
  8.927603929E-02  8.067354933E-03
  9.097147074E-02  8.064577892E-03
  9.268113530E-02  8.062077788E-03
  9.440523416E-02  8.059844668E-03
  9.614383680E-02  8.057837565E-03
  9.789687126E-02  8.056040949E-03
  9.966453620E-02  8.054437439E-03
  1.014469036E-01  8.053004060E-03
  1.032441052E-01  8.051730566E-03
  1.050561011E-01  8.050597402E-03
  1.068831373E-01  8.049603934E-03
  1.087251317E-01  8.048724101E-03
  1.105825340E-01  8.047967204E-03
  1.124552001E-01  8.047310279E-03
  1.143431696E-01  8.046757044E-03
  1.162466016E-01  8.046290427E-03
  1.181655680E-01  8.045920364E-03
  1.201003024E-01  8.045630395E-03
  1.220508667E-01  8.045427045E-03
  1.240172313E-01  8.045303796E-03
  1.259998977E-01  8.045260332E-03
  1.279825716E-01  8.045303796E-03
  1.299491373E-01  8.045430152E-03
  1.318995999E-01  8.045640329E-03
  1.338344360E-01  8.045930609E-03
  1.357534670E-01  8.046310606E-03
  1.376570307E-01  8.046777223E-03
  1.395448984E-01  8.047333565E-03
  1.414173334E-01  8.047990491E-03
  1.432746687E-01  8.048757321E-03
  1.451167649E-01  8.049637154E-03
  1.469438359E-01  8.050637137E-03
  1.487557971E-01  8.051770613E-03
  1.505530011E-01  8.053047524E-03
  1.523354678E-01  8.054480904E-03
  1.541031278E-01  8.056084414E-03
  1.558562293E-01  8.057877612E-03
  1.575946631E-01  8.059884715E-03
  1.593186626E-01  8.062117835E-03
  1.610283967E-01  8.064611423E-03
  1.627237362E-01  8.067384736E-03
  1.644047608E-01  8.070481540E-03
  1.660717334E-01  8.073925130E-03
  1.677243264E-01  8.077755234E-03
  1.693628626E-01  8.082025570E-03
  1.709872278E-01  8.086785799E-03
  1.725975908E-01  8.092093057E-03
  1.741936932E-01  8.098009738E-03
  1.757755551E-01  8.104620291E-03
  1.773429578E-01  8.112010087E-03
  1.788960206E-01  8.120290583E-03
  1.804343609E-01  8.129591542E-03
  1.819575864E-01  8.140035289E-03
  1.834656572E-01  8.151819272E-03
  1.849577836E-01  8.165139695E-03
  1.864334540E-01  8.180243984E-03
  1.878918437E-01  8.197444456E-03
  1.893315422E-01  8.217115204E-03
  1.907508407E-01  8.239709793E-03
  1.921470768E-01  8.265807506E-03
  1.935168381E-01  8.296112124E-03
  1.948544670E-01  8.331483568E-03
  1.961499003E-01  8.372918023E-03
  1.973812583E-01  8.422533242E-03
  1.985420590E-01  8.510627446E-03
  1.996578878E-01  8.648188216E-03
  2.007487421E-01  8.835177699E-03
  2.018252066E-01  9.071870354E-03
  2.028944392E-01  9.358885538E-03
  2.039620625E-01  9.697083518E-03
  2.050318268E-01  1.008750777E-02
  2.061069209E-01  1.053126503E-02
  2.071902805E-01  1.102959559E-02
  2.082849058E-01  1.158409206E-02
  2.093941099E-01  1.219622173E-02
  2.105202073E-01  1.286421821E-02
  2.116627313E-01  1.358341477E-02
  2.128202015E-01  1.434797776E-02
  2.139902985E-01  1.515120786E-02
  2.151704343E-01  1.598570486E-02
  2.163578920E-01  1.684363517E-02
  2.175490602E-01  1.771659980E-02
  2.187388977E-01  1.859606409E-02
  2.199237235E-01  1.947872867E-02
  2.211021571E-01  2.036459354E-02
  2.222738307E-01  2.125445830E-02
  2.234394943E-01  2.214995716E-02
  2.246002956E-01  2.305298999E-02
  2.257587031E-01  2.396635575E-02
  2.269182286E-01  2.489378782E-02
  2.280852697E-01  2.584088727E-02
  2.292673368E-01  2.680895421E-02
  2.304696452E-01  2.778995513E-02
  2.316956075E-01  2.877308854E-02
  2.329475778E-01  2.974618954E-02
  2.342286210E-01  3.069639091E-02
  2.355414291E-01  3.160965874E-02
  2.368991647E-01  3.247552856E-02
  2.383022400E-01  3.327116296E-02
  2.397468502E-01  3.396953095E-02
  2.412184513E-01  3.453813177E-02
  2.426919248E-01  3.495929869E-02
  2.441442286E-01  3.524756535E-02
  2.455615390E-01  3.542533333E-02
  2.469362465E-01  3.551753116E-02
  2.482671492E-01  3.554819817E-02
  2.495460615E-01  3.552739765E-02
  2.507812732E-01  3.550419566E-02
  2.520000041E-01  3.548956100E-02
 -2.328310045E-10  3.660967966E-02
  1.245068011E-03  3.662690097E-02
  2.507461474E-03  3.665544407E-02
  3.815355157E-03  3.668188849E-02
  5.177352357E-03  3.665612683E-02
  6.585272784E-03  3.656796050E-02
  8.037866025E-03  3.639268479E-02
  9.527371717E-03  3.610519756E-02
  1.103969818E-02  3.568169548E-02
  1.255117394E-02  3.510807105E-02
  1.403555034E-02  3.440223040E-02
  1.547731990E-02  3.359748117E-02
  1.687137455E-02  3.272202852E-02
  1.821741171E-02  3.179957747E-02
  1.952822817E-02  3.084173293E-02
  2.080661868E-02  2.986269975E-02
  2.205518651E-02  2.887578033E-02
  2.327653007E-02  2.789317617E-02
  2.447414689E-02  2.692558633E-02
  2.565324042E-02  2.598100846E-02
  2.682201494E-02  2.505754082E-02
  2.798737207E-02  2.414948381E-02
  2.915321154E-02  2.325313688E-02
  3.032204093E-02  2.236559632E-02
  3.149545780E-02  2.148476531E-02
  3.267416428E-02  2.060914626E-02
  3.385795620E-02  1.973803516E-02
  3.504544265E-02  1.887163314E-02
  3.623261287E-02  1.801344674E-02
  3.741437430E-02  1.717186804E-02
  3.858682177E-02  1.635530000E-02
  3.974694781E-02  1.557124105E-02
  4.089186270E-02  1.482678581E-02
  4.201925812E-02  1.412813566E-02
  4.312753718E-02  1.348078223E-02
  4.421649866E-02  1.288862320E-02
  4.528844601E-02  1.235295299E-02
  4.634707833E-02  1.187177200E-02
  4.739580051E-02  1.144327641E-02
  4.843781247E-02  1.106576533E-02
  4.947672391E-02  1.073793383E-02
  5.051712929E-02  1.045838455E-02
  5.156463628E-02  1.022611362E-02
  5.262714373E-02  1.004022047E-02
  5.371555668E-02  9.900393611E-03
  5.485017302E-02  9.806514332E-03
  5.605639917E-02  9.748496191E-03
  5.732883331E-02  9.698737232E-03
  5.864558060E-02  9.655551509E-03
  5.999704942E-02  9.618048856E-03
  6.137742861E-02  9.585400731E-03
  6.278282145E-02  9.556897590E-03
  6.421032718E-02  9.531907168E-03
  6.565814532E-02  9.509930263E-03
  6.712467519E-02  9.490547107E-03
  6.860870636E-02  9.473387575E-03
  7.010964998E-02  9.458161002E-03
  7.162670156E-02  9.444627299E-03
  7.315925519E-02  9.432565991E-03
  7.470721401E-02  9.421795897E-03
  7.627017569E-02  9.412167669E-03
  7.784784705E-02  9.403542067E-03
  7.944031157E-02  9.395818263E-03
  8.104718911E-02  9.388885543E-03
  8.266866350E-02  9.382663577E-03
  8.430443797E-02  9.377073235E-03
  8.595461800E-02  9.372054152E-03
  8.761930314E-02  9.367545578E-03
  8.929828208E-02  9.363487449E-03
  9.099166425E-02  9.359850299E-03
  9.269965072E-02  9.356584173E-03
  9.442213603E-02  9.353648575E-03
  9.615912993E-02  9.351024195E-03
  9.791081648E-02  9.348670256E-03
  9.967710113E-02  9.346565307E-03
  1.014581975E-01  9.344682323E-03
  1.032542832E-01  9.343008497E-03
  1.050652714E-01  9.341535183E-03
  1.068912660E-01  9.340223448E-03
  1.087323570E-01  9.339071460E-03
  1.105887513E-01  9.338068823E-03
  1.124605459E-01  9.337207521E-03
  1.143477337E-01  9.336486645E-03
  1.162503302E-01  9.335875543E-03
  1.181685282E-01  9.335384345E-03
  1.201025204E-01  9.335013331E-03
  1.220523091E-01  9.334743798E-03
  1.240179077E-01  9.334583141E-03
  1.259998977E-01  9.334522123E-03
  1.279817910E-01  9.334583141E-03
  1.299476949E-01  9.334752999E-03
  1.318973867E-01  9.335013331E-03
  1.338314757E-01  9.335403668E-03
  1.357496665E-01  9.335894865E-03
  1.376524642E-01  9.336505968E-03
  1.395395550E-01  9.337248285E-03
  1.414111484E-01  9.338109587E-03
  1.432675427E-01  9.339111025E-03
  1.451086337E-01  9.340264211E-03
  1.469347315E-01  9.341575947E-03
  1.487456165E-01  9.343059382E-03
  1.505417023E-01  9.344732010E-03
  1.523228882E-01  9.346615283E-03
  1.540891875E-01  9.348719023E-03
  1.558408655E-01  9.351075080E-03
  1.575777625E-01  9.353699460E-03
  1.593001448E-01  9.356624937E-03
  1.610080258E-01  9.359891062E-03
  1.627014227E-01  9.363528213E-03
  1.643803944E-01  9.367575022E-03
  1.660449848E-01  9.372073475E-03
  1.676951626E-01  9.377093478E-03
  1.693309308E-01  9.382663577E-03
  1.709523157E-01  9.388875421E-03
  1.725593784E-01  9.395788819E-03
  1.741517608E-01  9.403512622E-03
  1.757296271E-01  9.412118902E-03
  1.772923804E-01  9.421725689E-03
  1.788404495E-01  9.432485662E-03
  1.803731970E-01  9.444526727E-03
  1.818900547E-01  9.458041108E-03
  1.833908880E-01  9.473247438E-03
  1.848749191E-01  9.490376317E-03
  1.863413583E-01  9.509740150E-03
  1.877891777E-01  9.531685492E-03
  1.892167802E-01  9.556646471E-03
  1.906221658E-01  9.585121088E-03
  1.920025498E-01  9.617738849E-03
  1.933542186E-01  9.655210860E-03
  1.946711669E-01  9.698367138E-03
  1.959436048E-01  9.748095444E-03
  1.971499302E-01  9.806084142E-03
  1.982844436E-01  9.899933055E-03
  1.993727573E-01  1.003971915E-02
  2.004352721E-01  1.022561230E-02
  2.014829704E-01  1.045788322E-02
  2.025232800E-01  1.073733405E-02
  2.035622811E-01  1.106526280E-02
  2.046044009E-01  1.144267543E-02
  2.056531159E-01  1.187127069E-02
  2.067117530E-01  1.235235230E-02
  2.077837959E-01  1.288812069E-02
  2.088726643E-01  1.348027971E-02
  2.099810404E-01  1.412763434E-02
  2.111084320E-01  1.482618601E-02
  2.122533505E-01  1.557073973E-02
  2.134133809E-01  1.635480081E-02
  2.145858235E-01  1.717136764E-02
  2.157675799E-01  1.801304387E-02
  2.169547587E-01  1.887123267E-02
  2.181421422E-01  1.973763350E-02
  2.193258409E-01  2.060874461E-02
  2.205045425E-01  2.148436669E-02
  2.216779662E-01  2.236529644E-02
  2.228467802E-01  2.325283699E-02
  2.240124356E-01  2.414928264E-02
  2.251777929E-01  2.505734031E-02
  2.263465643E-01  2.598070794E-02
  2.275257584E-01  2.692548575E-02
  2.287233783E-01  2.789297687E-02
  2.299447151E-01  2.887558220E-02
  2.311933760E-01  2.986260101E-02
  2.324716697E-01  3.084153482E-02
  2.337825924E-01  3.179957747E-02
  2.351286277E-01  3.272192794E-02
  2.365225747E-01  3.359738058E-02
  2.379642470E-01  3.440212987E-02
  2.394487240E-01  3.510817164E-02
  2.409603049E-01  3.568179237E-02
  2.424726660E-01  3.610509698E-02
  2.439623232E-01  3.639278537E-02
  2.454147749E-01  3.656796050E-02
  2.468227024E-01  3.665612683E-02
  2.481847209E-01  3.668188849E-02
  2.494925174E-01  3.665544407E-02
  2.507549139E-01  3.662690097E-02
  2.520000041E-01  3.660967966E-02
 -2.328310045E-10  3.786251949E-02
  1.273588319E-03  3.788303688E-02
  2.565275164E-03  3.791805236E-02
  3.903995598E-03  3.795125206E-02
  5.298776533E-03  3.793170027E-02
  6.741327776E-03  3.784890813E-02
  8.230453851E-03  3.767773170E-02
  9.758345693E-03  3.739249568E-02
  1.131068831E-02  3.696903116E-02
  1.286348347E-02  3.639260421E-02
  1.438944792E-02  3.568148230E-02
  1.587187415E-02  3.486990497E-02
  1.730455944E-02  3.398705735E-02
  1.868656535E-02  3.305759359E-02
  2.003024014E-02  3.209365229E-02
  2.133798131E-02  3.111026765E-02
  2.261215531E-02  3.012084041E-02
  2.385544551E-02  2.913792532E-02
  2.507131909E-02  2.817205198E-02
  2.626512546E-02  2.723110430E-02
  2.744549898E-02  2.631292983E-02
  2.861971072E-02  2.541161527E-02
  2.979200920E-02  2.452340473E-02
  3.096539886E-02  2.364535258E-02
  3.214153051E-02  2.277530454E-02
  3.332123526E-02  2.191201528E-02
  3.450438294E-02  2.105470003E-02
  3.568947481E-02  2.020381065E-02
  3.687260479E-02  1.936291153E-02
  3.804842513E-02  1.854016932E-02
  3.921280625E-02  1.774388521E-02
  4.036230303E-02  1.698132216E-02
  4.149412406E-02  1.625901166E-02
  4.260585063E-02  1.558297088E-02
  4.369598264E-02  1.495786066E-02
  4.476423362E-02  1.438694471E-02
  4.581317581E-02  1.387095594E-02
  4.684697583E-02  1.340764038E-02
  4.786920117E-02  1.299481415E-02
  4.888352240E-02  1.263050915E-02
  4.989392264E-02  1.231302477E-02
  5.090535244E-02  1.204099380E-02
  5.192398322E-02  1.181294640E-02
  5.295790102E-02  1.162815182E-02
  5.401826664E-02  1.148585648E-02
  5.512550504E-02  1.138606179E-02
  5.630526053E-02  1.131930421E-02
  5.755252301E-02  1.126074614E-02
  5.884631284E-02  1.120907235E-02
  6.017721345E-02  1.116356693E-02
  6.153912459E-02  1.112351362E-02
  6.292805744E-02  1.108829770E-02
  6.434113903E-02  1.105705099E-02
  6.577607359E-02  1.102943964E-02
  6.723119924E-02  1.100498190E-02
  6.870510117E-02  1.098327623E-02
  7.019700528E-02  1.096385519E-02
  7.170603398E-02  1.094658739E-02
  7.323146416E-02  1.093110237E-02
  7.477294801E-02  1.091735532E-02
  7.633008318E-02  1.090490839E-02
  7.790254499E-02  1.089382870E-02
  7.949026599E-02  1.088383410E-02
  8.109286385E-02  1.087490779E-02
  8.271032993E-02  1.086686539E-02
  8.434253955E-02  1.085962379E-02
  8.598954327E-02  1.085314995E-02
  8.765119485E-02  1.084727652E-02
  8.932736564E-02  1.084207119E-02
  9.101828742E-02  1.083728113E-02
  9.272390291E-02  1.083306017E-02
  9.444419292E-02  1.082923953E-02
  9.617927077E-02  1.082581857E-02
  9.792904233E-02  1.082278142E-02
  9.969369859E-02  1.082002827E-02
  1.014732408E-01  1.081759167E-02
  1.032677718E-01  1.081542350E-02
  1.050772948E-01  1.081347051E-02
  1.069019188E-01  1.081180231E-02
  1.087417495E-01  1.081033356E-02
  1.105970392E-01  1.080896539E-02
  1.124676541E-01  1.080788123E-02
  1.143537459E-01  1.080691260E-02
  1.162552584E-01  1.080612833E-02
  1.181724539E-01  1.080552855E-02
  1.201053489E-01  1.080504431E-02
  1.220542252E-01  1.080466036E-02
  1.240189029E-01  1.080446027E-02
  1.259998977E-01  1.080436047E-02
  1.279808785E-01  1.080446027E-02
  1.299457777E-01  1.080466036E-02
  1.318944692E-01  1.080504431E-02
  1.338275427E-01  1.080552855E-02
  1.357447457E-01  1.080612833E-02
  1.376464530E-01  1.080699730E-02
  1.395324530E-01  1.080789696E-02
  1.414029409E-01  1.080906583E-02
  1.432581566E-01  1.081033356E-02
  1.450979810E-01  1.081181804E-02
  1.469226940E-01  1.081357095E-02
  1.487322095E-01  1.081552315E-02
  1.505267469E-01  1.081767638E-02
  1.523062992E-01  1.082012885E-02
  1.540709606E-01  1.082286534E-02
  1.558207105E-01  1.082591822E-02
  1.575556025E-01  1.082933918E-02
  1.592757306E-01  1.083316061E-02
  1.609813143E-01  1.083738157E-02
  1.626721482E-01  1.084208692E-02
  1.643484081E-01  1.084736044E-02
  1.660101541E-01  1.085314995E-02
  1.676569590E-01  1.085962379E-02
  1.692891890E-01  1.086686539E-02
  1.709066410E-01  1.087490779E-02
  1.725094161E-01  1.088383410E-02
  1.740970415E-01  1.089382870E-02
  1.756696307E-01  1.090490839E-02
  1.772266537E-01  1.091725567E-02
  1.787681363E-01  1.093100272E-02
  1.802936811E-01  1.094648694E-02
  1.818025953E-01  1.096375554E-02
  1.832944139E-01  1.098309265E-02
  1.847683072E-01  1.100478167E-02
  1.862234023E-01  1.102924019E-02
  1.876583595E-01  1.105683502E-02
  1.890714490E-01  1.108791390E-02
  1.904604809E-01  1.112321373E-02
  1.918224914E-01  1.116318234E-02
  1.931534895E-01  1.120867204E-02
  1.944474698E-01  1.126026190E-02
  1.956948182E-01  1.131880409E-02
  1.968744910E-01  1.138556167E-02
  1.979817331E-01  1.148535714E-02
  1.990420993E-01  1.162755127E-02
  2.000760183E-01  1.181234663E-02
  2.010946479E-01  1.204030918E-02
  2.021060803E-01  1.231234108E-02
  2.031166632E-01  1.262980880E-02
  2.041310844E-01  1.299411380E-02
  2.051533115E-01  1.340695591E-02
  2.061871231E-01  1.387027146E-02
  2.072361520E-01  1.438624528E-02
  2.083043814E-01  1.495716030E-02
  2.093944458E-01  1.558228640E-02
  2.105061749E-01  1.625841174E-02
  2.116379948E-01  1.698063768E-02
  2.127874921E-01  1.774330131E-02
  2.139517738E-01  1.853956955E-02
  2.151275765E-01  1.936231019E-02
  2.163108071E-01  2.020332705E-02
  2.174958179E-01  2.105428398E-02
  2.186789435E-01  2.191159923E-02
  2.198586324E-01  2.277490407E-02
  2.210346195E-01  2.364496800E-02
  2.222079715E-01  2.452310484E-02
  2.233801840E-01  2.541133096E-02
  2.245543972E-01  2.631262995E-02
  2.257346737E-01  2.723082029E-02
  2.269286600E-01  2.817195139E-02
  2.281444751E-01  2.913772602E-02
  2.293878245E-01  3.012065670E-02
  2.306621047E-01  3.111008236E-02
  2.319697471E-01  3.209355171E-02
  2.333135250E-01  3.305759359E-02
  2.346954365E-01  3.398695676E-02
  2.361280418E-01  3.486980439E-02
  2.376103480E-01  3.568138231E-02
  2.391364166E-01  3.639262009E-02
  2.406892326E-01  3.696904704E-02
  2.422416222E-01  3.739239509E-02
  2.437696615E-01  3.767783228E-02
  2.452587540E-01  3.784890813E-02
  2.467013037E-01  3.793170027E-02
  2.480960121E-01  3.795125206E-02
  2.494346757E-01  3.791805236E-02
  2.507264390E-01  3.788303688E-02
  2.520000041E-01  3.786251949E-02
 -2.328310045E-10  3.925228895E-02
  1.303886266E-03  3.927644476E-02
  2.626545133E-03  3.931902492E-02
  3.997618773E-03  3.936027182E-02
  5.426527695E-03  3.934835098E-02
  6.904848183E-03  3.927240381E-02
  8.431489648E-03  3.910702889E-02
  9.998656049E-03  3.882607988E-02
  1.159200357E-02  3.840480803E-02
  1.318720876E-02  3.782813829E-02
  1.475615989E-02  3.711456263E-02
  1.628086489E-02  3.629911381E-02
  1.775431376E-02  3.541161931E-02
  1.917464291E-02  3.447770824E-02
  2.055372426E-02  3.351015954E-02
  2.189359225E-02  3.252448800E-02
  2.319628354E-02  3.153464997E-02
  2.446431894E-02  3.055315278E-02
  2.570107631E-02  2.959077490E-02
  2.691207480E-02  2.865497175E-02
  2.810627973E-02  2.774368772E-02
  2.929135507E-02  2.685079595E-02
  3.047196327E-02  2.597246131E-02
  3.165128811E-02  2.510588187E-02
  3.283112942E-02  2.424867783E-02
  3.401263112E-02  2.339982747E-02
  3.519571307E-02  2.255861759E-02
  3.637885657E-02  2.172556208E-02
  3.755811801E-02  2.090426482E-02
  3.872793777E-02  2.010288596E-02
  3.988389419E-02  1.932921848E-02
  4.102256493E-02  1.859015892E-02
  4.214095181E-02  1.789198308E-02
  4.323677306E-02  1.724000797E-02
  4.430841007E-02  1.663830350E-02
  4.535584408E-02  1.608960619E-02
  4.638195661E-02  1.559407208E-02
  4.739103332E-02  1.514903542E-02
  4.838703491E-02  1.475213253E-02
  4.937404585E-02  1.440114630E-02
  5.035641042E-02  1.409412851E-02
  5.133932779E-02  1.382946306E-02
  5.232924497E-02  1.360578570E-02
  5.333458059E-02  1.342197742E-02
  5.436658291E-02  1.327729333E-02
  5.544579903E-02  1.317153261E-02
  5.659778232E-02  1.309608814E-02
  5.781847142E-02  1.302847934E-02
  5.908744033E-02  1.296788938E-02
  6.039542652E-02  1.291386277E-02
  6.173653113E-02  1.286578179E-02
  6.310676036E-02  1.282296496E-02
  6.450292513E-02  1.278481267E-02
  6.592274367E-02  1.275080655E-02
  6.736430345E-02  1.272052744E-02
  6.882607017E-02  1.269343119E-02
  7.030699662E-02  1.266918115E-02
  7.180613192E-02  1.264749458E-02
  7.332275696E-02  1.262798987E-02
  7.485623376E-02  1.261053196E-02
  7.640619581E-02  1.259491941E-02
  7.797212553E-02  1.258080706E-02
  7.955388242E-02  1.256815906E-02
  8.115102225E-02  1.255677518E-02
  8.276359304E-02  1.254649118E-02
  8.439130330E-02  1.253728839E-02
  8.603412199E-02  1.252895094E-02
  8.769197720E-02  1.252151239E-02
  8.936470216E-02  1.251475610E-02
  9.105242513E-02  1.250876381E-02
  9.275509387E-02  1.250329048E-02
  9.447258299E-02  1.249838016E-02
  9.620511473E-02  1.249398804E-02
  9.795253632E-02  1.249005987E-02
  9.971496724E-02  1.248653217E-02
  1.014924456E-01  1.248340417E-02
  1.032850262E-01  1.248065761E-02
  1.050927266E-01  1.247811146E-02
  1.069156707E-01  1.247596561E-02
  1.087539283E-01  1.247400190E-02
  1.106075750E-01  1.247233732E-02
  1.124768170E-01  1.247095547E-02
  1.143614469E-01  1.246969135E-02
  1.162615865E-01  1.246870920E-02
  1.181775161E-01  1.246782747E-02
  1.201091394E-01  1.246724561E-02
  1.220566670E-01  1.246676358E-02
  1.240201749E-01  1.246646354E-02
  1.260000020E-01  1.246644561E-02
  1.279796280E-01  1.246646354E-02
  1.299432502E-01  1.246676358E-02
  1.318907603E-01  1.246724561E-02
  1.338224818E-01  1.246792712E-02
  1.357384176E-01  1.246870920E-02
  1.376387396E-01  1.246969135E-02
  1.395233585E-01  1.247097356E-02
  1.413923309E-01  1.247243790E-02
  1.432459715E-01  1.247410156E-02
  1.450842352E-01  1.247604734E-02
  1.469072714E-01  1.247821188E-02
  1.487149779E-01  1.248067570E-02
  1.505075585E-01  1.248350382E-02
  1.522850482E-01  1.248663198E-02
  1.540473696E-01  1.249015952E-02
  1.557947963E-01  1.249406977E-02
  1.575270549E-01  1.249847999E-02
  1.592445017E-01  1.250337222E-02
  1.609471705E-01  1.250876381E-02
  1.626347953E-01  1.251483859E-02
  1.643075403E-01  1.252151239E-02
  1.659654003E-01  1.252896887E-02
  1.676080959E-01  1.253728839E-02
  1.692359279E-01  1.254649118E-02
  1.708483896E-01  1.255669269E-02
  1.724457180E-01  1.256814114E-02
  1.740274701E-01  1.258078914E-02
  1.755934779E-01  1.259481976E-02
  1.771432872E-01  1.261043154E-02
  1.786767654E-01  1.262787213E-02
  1.801934886E-01  1.264731243E-02
  1.816925976E-01  1.266898107E-02
  1.831734446E-01  1.269314940E-02
  1.846351752E-01  1.272024547E-02
  1.860767363E-01  1.275050574E-02
  1.874965535E-01  1.278451279E-02
  1.888927370E-01  1.282258334E-02
  1.902630563E-01  1.286529960E-02
  1.916042696E-01  1.291336265E-02
  1.929123830E-01  1.296738926E-02
  1.941815282E-01  1.302789766E-02
  1.954022416E-01  1.309548837E-02
  1.965542163E-01  1.317093284E-02
  1.976333962E-01  1.327669356E-02
  1.986655234E-01  1.342119533E-02
  1.996707577E-01  1.360500379E-02
  2.006607769E-01  1.382868098E-02
  2.016436881E-01  1.409332850E-02
  2.026260701E-01  1.440026381E-02
  2.036132474E-01  1.475125079E-02
  2.046092644E-01  1.514815368E-02
  2.056183418E-01  1.559319034E-02
  2.066444731E-01  1.608880695E-02
  2.076919913E-01  1.663750290E-02
  2.087637257E-01  1.723922546E-02
  2.098595309E-01  1.789128273E-02
  2.109779339E-01  1.858947817E-02
  2.121165061E-01  1.932843564E-02
  2.132724407E-01  2.010220369E-02
  2.144421841E-01  2.090364696E-02
  2.156215031E-01  2.172498040E-02
  2.168045815E-01  2.255803591E-02
  2.179875660E-01  2.339932828E-02
  2.191691665E-01  2.424827736E-02
  2.203489171E-01  2.510538269E-02
  2.215281404E-01  2.597216143E-02
  2.227086394E-01  2.685049606E-02
  2.238936139E-01  2.774340593E-02
  2.250878247E-01  2.865467187E-02
  2.262989421E-01  2.959059336E-02
  2.275357029E-01  3.055295196E-02
  2.288037138E-01  3.153444914E-02
  2.301065262E-01  3.252436933E-02
  2.314463788E-01  3.351004153E-02
  2.328256414E-01  3.447772632E-02
  2.342457843E-01  3.541160122E-02
  2.357190330E-01  3.629901628E-02
  2.372437209E-01  3.711446205E-02
  2.388126752E-01  3.782823582E-02
  2.404080757E-01  3.840490861E-02
  2.420013395E-01  3.882597929E-02
  2.435686373E-01  3.910712948E-02
  2.450952805E-01  3.927240381E-02
  2.465734957E-01  3.934835098E-02
  2.480024395E-01  3.936035431E-02
  2.493734161E-01  3.931910741E-02
  2.506961442E-01  3.927644476E-02
  2.520000041E-01  3.925228895E-02
 -2.328310045E-10  4.078215085E-02
  1.335422764E-03  4.081071348E-02
  2.690209454E-03  4.086215181E-02
  4.094651222E-03  4.091276439E-02
  5.558528665E-03  4.090978979E-02
  7.073255886E-03  4.084233755E-02
  8.637898349E-03  4.068469410E-02
  1.024477521E-02  4.041018815E-02
  1.187957373E-02  3.999381947E-02
  1.351773601E-02  3.942000908E-02
  1.513056597E-02  3.870744420E-02
  1.669880291E-02  3.789162157E-02
  1.821457062E-02  3.700320927E-02
  1.967500155E-02  3.606820984E-02
  2.109169913E-02  3.510018951E-02
  2.246609238E-02  3.411523997E-02
  2.379987038E-02  3.312764683E-02
  2.509526121E-02  3.215020347E-02
  2.635546514E-02  3.119341632E-02
  2.758607941E-02  3.026507968E-02
  2.879629472E-02  2.936270637E-02
  2.999430254E-02  2.848028245E-02
  3.118490453E-02  2.761401623E-02
  3.237167302E-02  2.676090526E-02
  3.355661800E-02  2.591894452E-02
  3.474101907E-02  2.508674596E-02
  3.592469409E-02  2.426399254E-02
  3.710633642E-02  2.345108935E-02
  3.828203065E-02  2.265183620E-02
  3.944590370E-02  2.187393939E-02
  4.059363506E-02  2.112491046E-02
  4.172154682E-02  2.041126419E-02
  4.282653329E-02  1.973871729E-02
  4.390648736E-02  1.911197713E-02
  4.495990149E-02  1.853457303E-02
  4.598698637E-02  1.800870827E-02
  4.699072231E-02  1.753391124E-02
  4.797590168E-02  1.710728179E-02
  4.894652173E-02  1.672632190E-02
  4.990707683E-02  1.638863534E-02
  5.086224556E-02  1.609204264E-02
  5.181743655E-02  1.583482452E-02
  5.277943247E-02  1.561540145E-02
  5.375663754E-02  1.543276349E-02
  5.476054430E-02  1.528601976E-02
  5.581164773E-02  1.517458118E-02
  5.693526805E-02  1.509062394E-02
  5.812827800E-02  1.501407940E-02
  5.937094324E-02  1.494453379E-02
  6.065436450E-02  1.488178333E-02
  6.197273876E-02  1.482523181E-02
  6.332205506E-02  1.477436845E-02
  6.469922067E-02  1.472878659E-02
  6.610173526E-02  1.468779119E-02
  6.752751120E-02  1.465098448E-02
  6.897494662E-02  1.461785837E-02
  7.044293932E-02  1.458812720E-02
  7.193039262E-02  1.456137622E-02
  7.343631466E-02  1.453731275E-02
  7.496010891E-02  1.451573735E-02
  7.650128219E-02  1.449624964E-02
  7.805921897E-02  1.447865561E-02
  7.963364531E-02  1.446284850E-02
  8.122414828E-02  1.444854176E-02
  8.283063559E-02  1.443571665E-02
  8.445271144E-02  1.442409115E-02
  8.609036328E-02  1.441365366E-02
  8.774350725E-02  1.440421548E-02
  8.941184392E-02  1.439576508E-02
  9.109547805E-02  1.438811556E-02
  9.279448004E-02  1.438125897E-02
  9.450849399E-02  1.437509648E-02
  9.623779147E-02  1.436953376E-02
  9.798227562E-02  1.436456461E-02
  9.974187511E-02  1.436009557E-02
  1.015168499E-01  1.435612046E-02
  1.033069190E-01  1.435254577E-02
  1.051123961E-01  1.434945785E-02
  1.069331570E-01  1.434667696E-02
  1.087693179E-01  1.434419507E-02
  1.106209894E-01  1.434210735E-02
  1.124884381E-01  1.434021991E-02
  1.143712023E-01  1.433872668E-02
  1.162697493E-01  1.433743902E-02
  1.181838982E-01  1.433634532E-02
  1.201139532E-01  1.433555152E-02
  1.220599012E-01  1.433495714E-02
  1.240217488E-01  1.433465719E-02
  1.260000020E-01  1.433455754E-02
  1.279780472E-01  1.433465719E-02
  1.299399980E-01  1.433495714E-02
  1.318859461E-01  1.433555152E-02
  1.338160989E-01  1.433634532E-02
  1.357303512E-01  1.433743902E-02
  1.376289051E-01  1.433873288E-02
  1.395117606E-01  1.434032050E-02
  1.413789233E-01  1.434220793E-02
  1.432305749E-01  1.434429561E-02
  1.450668410E-01  1.434677662E-02
  1.468876080E-01  1.434955756E-02
  1.486930716E-01  1.435263921E-02
  1.504831542E-01  1.435621479E-02
  1.522580377E-01  1.436018990E-02
  1.540176242E-01  1.436466432E-02
  1.557620114E-01  1.436962721E-02
  1.574911082E-01  1.437519613E-02
  1.592051212E-01  1.438135242E-02
  1.609040263E-01  1.438821527E-02
  1.625876540E-01  1.439577128E-02
  1.642560880E-01  1.440430980E-02
  1.659091337E-01  1.441365366E-02
  1.675467930E-01  1.442409115E-02
  1.691688693E-01  1.443571665E-02
  1.707752583E-01  1.444853555E-02
  1.723659564E-01  1.446275505E-02
  1.739402854E-01  1.447856129E-02
  1.754983255E-01  1.449614911E-02
  1.770392982E-01  1.451554332E-02
  1.785631902E-01  1.453721304E-02
  1.800692025E-01  1.456117598E-02
  1.815565585E-01  1.458792696E-02
  1.830244674E-01  1.461756474E-02
  1.844719867E-01  1.465059027E-02
  1.858977566E-01  1.468739165E-02
  1.873002842E-01  1.472838617E-02
  1.886775337E-01  1.477396804E-02
  1.900268655E-01  1.482473169E-02
  1.913453303E-01  1.488118889E-02
  1.926287651E-01  1.494393397E-02
  1.938717151E-01  1.501347870E-02
  1.950647293E-01  1.508992359E-02
  1.961883458E-01  1.517388082E-02
  1.972393584E-01  1.528522595E-02
  1.982434706E-01  1.543187004E-02
  1.992206722E-01  1.561460057E-02
  2.001826681E-01  1.583392486E-02
  2.011378486E-01  1.609104240E-02
  2.020931280E-01  1.638764136E-02
  2.030537839E-01  1.672542050E-02
  2.040244908E-01  1.710638202E-02
  2.050095821E-01  1.753291726E-02
  2.060134165E-01  1.800771429E-02
  2.070404979E-01  1.853367337E-02
  2.080941093E-01  1.911108373E-02
  2.091739795E-01  1.973781763E-02
  2.102790563E-01  2.041046511E-02
  2.114068643E-01  2.112411138E-02
  2.125544985E-01  2.187313845E-02
  2.137183586E-01  2.265113584E-02
  2.148940700E-01  2.345048958E-02
  2.160756955E-01  2.426339277E-02
  2.172593676E-01  2.508624040E-02
  2.184436899E-01  2.591835101E-02
  2.196286328E-01  2.676049853E-02
  2.208152952E-01  2.761371008E-02
  2.220057866E-01  2.848007688E-02
  2.232037011E-01  2.936240649E-02
  2.244139261E-01  3.026477979E-02
  2.256446389E-01  3.119331748E-02
  2.269048341E-01  3.215000253E-02
  2.282002264E-01  3.312753999E-02
  2.295340147E-01  3.411513938E-02
  2.309084072E-01  3.510008892E-02
  2.323253001E-01  3.606820984E-02
  2.337856154E-01  3.700311495E-02
  2.353011937E-01  3.789161531E-02
  2.368693295E-01  3.870734711E-02
  2.384821604E-01  3.942010966E-02
  2.401205197E-01  3.999392005E-02
  2.417554217E-01  4.041008757E-02
  2.433622822E-01  4.068479446E-02
  2.449268819E-01  4.084233755E-02
  2.464416296E-01  4.090978979E-02
  2.479053164E-01  4.091276439E-02
  2.493097552E-01  4.086215181E-02
  2.506645281E-01  4.081071348E-02
  2.520000041E-01  4.078215085E-02
 -2.328310045E-10  4.245374432E-02
  1.367551613E-03  4.248736212E-02
  2.754987797E-03  4.254901760E-02
  4.193162001E-03  4.261032866E-02
  5.692191897E-03  4.261785365E-02
  7.243354504E-03  4.256074553E-02
  8.845874245E-03  4.241290185E-02
  1.049225076E-02  4.214733866E-02
  1.216826945E-02  4.173881980E-02
  1.384941578E-02  4.117151212E-02
  1.550625317E-02  4.046401225E-02
  1.711852645E-02  3.965217648E-02
  1.867742774E-02  3.876708388E-02
  2.017920098E-02  3.783545562E-02
  2.163512925E-02  3.687120297E-02
  2.304595790E-02  3.589096478E-02
  2.441284907E-02  3.490914065E-02
  2.573774988E-02  3.393898585E-02
  2.702365985E-02  3.299103922E-02
  2.827605923E-02  3.207282112E-02
  2.950438809E-02  3.118205825E-02
  3.071724169E-02  3.031264050E-02
  3.191974161E-02  2.946089502E-02
  3.311554341E-02  2.862377761E-02
  3.430700790E-02  2.779926950E-02
  3.549528823E-02  2.698620585E-02
  3.668057032E-02  2.618423376E-02
  3.786155169E-02  2.539382502E-02
  3.903425203E-02  2.461870660E-02
  4.019277047E-02  2.386619918E-02
  4.133257097E-02  2.314352695E-02
  4.245008775E-02  2.245667306E-02
  4.354222442E-02  2.181079989E-02
  4.460695915E-02  2.121007299E-02
  4.564294986E-02  2.065741991E-02
  4.665059681E-02  2.015441932E-02
  4.763309531E-02  1.970035631E-02
  4.859548737E-02  1.929217528E-02
  4.954218645E-02  1.892699470E-02
  5.047781294E-02  1.860241178E-02
  5.140728556E-02  1.831611311E-02
  5.233620176E-02  1.806631240E-02
  5.327148379E-02  1.785145874E-02
  5.422174689E-02  1.767020326E-02
  5.519845379E-02  1.752171333E-02
  5.622174510E-02  1.740534989E-02
  5.731714480E-02  1.731368576E-02
  5.848214477E-02  1.722868566E-02
  5.969769898E-02  1.715053025E-02
  6.095544416E-02  1.707917501E-02
  6.224959764E-02  1.701422170E-02
  6.357636336E-02  1.695520211E-02
  6.493255146E-02  1.690180296E-02
  6.631575335E-02  1.685350255E-02
  6.772377385E-02  1.680975683E-02
  6.915501445E-02  1.677024728E-02
  7.060806089E-02  1.673455616E-02
  7.208179288E-02  1.670230214E-02
  7.357522286E-02  1.667310185E-02
  7.508763966E-02  1.664680171E-02
  7.661833141E-02  1.662303782E-02
  7.816659164E-02  1.660152791E-02
  7.973222868E-02  1.658211906E-02
  8.131463834E-02  1.656454612E-02
  8.291368178E-02  1.654869173E-02
  8.452896816E-02  1.653437334E-02
  8.616032276E-02  1.652145568E-02
  8.780761349E-02  1.650977380E-02
  8.947063917E-02  1.649929146E-02
  9.114938220E-02  1.648982765E-02
  9.284359874E-02  1.648128333E-02
  9.455342154E-02  1.647357313E-02
  9.627875443E-02  1.646664677E-02
  9.801951138E-02  1.646045581E-02
  9.977571814E-02  1.645494692E-02
  1.015473313E-01  1.644995519E-02
  1.033344533E-01  1.644550108E-02
  1.051370006E-01  1.644161049E-02
  1.069550642E-01  1.643807400E-02
  1.087887278E-01  1.643510137E-02
  1.106380120E-01  1.643236429E-02
  1.125030121E-01  1.643012792E-02
  1.143835108E-01  1.642819178E-02
  1.162799078E-01  1.642655517E-02
  1.181919251E-01  1.642523710E-02
  1.201199274E-01  1.642421857E-02
  1.220638658E-01  1.642350025E-02
  1.240237830E-01  1.642301902E-02
  1.260000020E-01  1.642290048E-02
  1.279760124E-01  1.642310131E-02
  1.299361382E-01  1.642350025E-02
  1.318799595E-01  1.642421857E-02
  1.338079732E-01  1.642523710E-02
  1.357201756E-01  1.642655517E-02
  1.376166883E-01  1.642819178E-02
  1.394971931E-01  1.643012792E-02
  1.413620774E-01  1.643246453E-02
  1.432111706E-01  1.643511932E-02
  1.450448356E-01  1.643817306E-02
  1.468629845E-01  1.644162845E-02
  1.486655318E-01  1.644558185E-02
  1.504525508E-01  1.645005577E-02
  1.522241741E-01  1.645496488E-02
  1.539802841E-01  1.646053658E-02
  1.557210485E-01  1.646674583E-02
  1.574461991E-01  1.647365541E-02
  1.591559190E-01  1.648130162E-02
  1.608501959E-01  1.648984594E-02
  1.625288643E-01  1.649930975E-02
  1.641918108E-01  1.650985608E-02
  1.658391746E-01  1.652145568E-02
  1.674704385E-01  1.653437334E-02
  1.690858217E-01  1.654869173E-02
  1.706846783E-01  1.656454612E-02
  1.722672572E-01  1.658202034E-02
  1.738328028E-01  1.660142919E-02
  1.753812689E-01  1.662285647E-02
  1.769117846E-01  1.664660088E-02
  1.784241763E-01  1.667290102E-02
  1.799177235E-01  1.670202054E-02
  1.813914602E-01  1.673425627E-02
  1.828445019E-01  1.676994740E-02
  1.842757175E-01  1.680935636E-02
  1.856837441E-01  1.685301979E-02
  1.870669520E-01  1.690138453E-02
  1.884232444E-01  1.695470257E-02
  1.897500826E-01  1.701362159E-02
  1.910442588E-01  1.707847619E-02
  1.923020057E-01  1.714982989E-02
  1.935178532E-01  1.722796701E-02
  1.946827725E-01  1.731288517E-02
  1.957781767E-01  1.740444837E-02
  1.968015472E-01  1.752079420E-02
  1.977783571E-01  1.766920336E-02
  1.987285914E-01  1.785045850E-02
  1.996639015E-01  1.806529386E-02
  2.005929153E-01  1.831501228E-02
  2.015224708E-01  1.860129453E-02
  2.024582132E-01  1.892589388E-02
  2.034049146E-01  1.929105650E-02
  2.043673097E-01  1.969931983E-02
  2.053499027E-01  2.015332036E-02
  2.063576435E-01  2.065640138E-02
  2.073937195E-01  2.120905598E-02
  2.084583787E-01  2.180981794E-02
  2.095506106E-01  2.245577188E-02
  2.106680254E-01  2.314262577E-02
  2.118077541E-01  2.386538029E-02
  2.129662651E-01  2.461790719E-02
  2.141389675E-01  2.539320696E-02
  2.153199360E-01  2.618355170E-02
  2.165052069E-01  2.698560608E-02
  2.176934946E-01  2.779868649E-02
  2.188848548E-01  2.862327842E-02
  2.200805824E-01  2.946049489E-02
  2.212828721E-01  3.031242290E-02
  2.224957064E-01  3.118177701E-02
  2.237240448E-01  3.207260539E-02
  2.249765433E-01  3.299095693E-02
  2.262623638E-01  3.393880297E-02
  2.275872727E-01  3.490904007E-02
  2.289542381E-01  3.589086792E-02
  2.303650714E-01  3.687118468E-02
  2.318210918E-01  3.783555620E-02
  2.333228709E-01  3.876708388E-02
  2.348815970E-01  3.965215819E-02
  2.364937518E-01  4.046392996E-02
  2.381505979E-01  4.117161202E-02
  2.398319497E-01  4.173892039E-02
  2.415079519E-01  4.214725636E-02
  2.431543982E-01  4.241292014E-02
  2.447568685E-01  4.256074553E-02
  2.463079067E-01  4.261793595E-02
  2.478068667E-01  4.261032866E-02
  2.492450070E-01  4.254901760E-02
  2.506324507E-01  4.248736212E-02
  2.520000041E-01  4.245374432E-02
 -2.328310045E-10  4.426259591E-02
  1.399663420E-03  4.430173038E-02
  2.819637165E-03  4.437484962E-02
  4.291293893E-03  4.444818214E-02
  5.825097788E-03  4.446781435E-02
  7.412137005E-03  4.442280147E-02
  9.051869398E-03  4.428688778E-02
  1.073697913E-02  4.403287295E-02
  1.245345037E-02  4.363535126E-02
  1.417700363E-02  4.307832435E-02
  1.587732276E-02  4.238024343E-02
  1.753349694E-02  4.157725686E-02
  1.913561643E-02  4.070045991E-02
  2.067931673E-02  3.977701327E-02
  2.217524114E-02  3.882137016E-02
  2.362363965E-02  3.785028879E-02
  2.502508950E-02  3.687866635E-02
  2.638109693E-02  3.591970724E-02
  2.769439685E-02  3.498421405E-02
  2.897034818E-02  3.407948166E-02
  3.021859078E-02  3.320341593E-02
  3.144799151E-02  3.234991832E-02
  3.266394525E-02  3.151527921E-02
  3.387030416E-02  3.069676839E-02
  3.506952829E-02  2.989227094E-02
  3.626311025E-02  2.910074772E-02
  3.745105845E-02  2.832179306E-02
  3.863226552E-02  2.755595818E-02
  3.980274412E-02  2.680678982E-02
  4.095668208E-02  2.608128952E-02
  4.208928617E-02  2.538624233E-02
  4.319725605E-02  2.472709665E-02
  4.427744320E-02  2.410854137E-02
  4.532794477E-02  2.353412105E-02
  4.634772370E-02  2.300627279E-02
  4.733727598E-02  2.252610249E-02
  4.830010658E-02  2.209259197E-02
  4.924146283E-02  2.170239988E-02
  5.016595933E-02  2.135282116E-02
  5.107844481E-02  2.104110630E-02
  5.198406721E-02  2.076505144E-02
  5.288852997E-02  2.052280857E-02
  5.379883118E-02  2.031263102E-02
  5.472362601E-02  2.013331169E-02
  5.567436987E-02  1.998385110E-02
  5.667109604E-02  1.986340333E-02
  5.773895606E-02  1.976496770E-02
  5.887621157E-02  1.967251692E-02
  6.006462359E-02  1.958656085E-02
  6.129615480E-02  1.950715037E-02
  6.256538915E-02  1.943419369E-02
  6.386849537E-02  1.936738301E-02
  6.520251871E-02  1.930632677E-02
  6.656486386E-02  1.925067034E-02
  6.795353010E-02  1.919997323E-02
  6.936675947E-02  1.915387698E-02
  7.080321049E-02  1.911194096E-02
  7.226157660E-02  1.907390433E-02
  7.374086211E-02  1.903937554E-02
  7.524011375E-02  1.900805357E-02
  7.675862796E-02  1.897958491E-02
  7.829581189E-02  1.895382215E-02
  7.985115223E-02  1.893051311E-02
  8.142405641E-02  1.890941264E-02
  8.301437156E-02  1.889026296E-02
  8.462144934E-02  1.887286950E-02
  8.624532791E-02  1.885722753E-02
  8.788567508E-02  1.884303917E-02
  8.954222302E-02  1.883025930E-02
  9.121498264E-02  1.881872394E-02
  9.290374585E-02  1.880829634E-02
  9.460835953E-02  1.879886898E-02
  9.632888737E-02  1.879044866E-02
  9.806511680E-02  1.878282841E-02
  9.981709982E-02  1.877600723E-02
  1.015847366E-01  1.876994016E-02
  1.033681828E-01  1.876452563E-02
  1.051672756E-01  1.875971273E-02
  1.069819732E-01  1.875539901E-02
  1.088124733E-01  1.875163825E-02
  1.106587754E-01  1.874837854E-02
  1.125208842E-01  1.874557119E-02
  1.143987430E-01  1.874316431E-02
  1.162924458E-01  1.874115689E-02
  1.182019026E-01  1.873950412E-02
  1.201273181E-01  1.873830358E-02
  1.220688309E-01  1.873739613E-02
  1.240261875E-01  1.873689694E-02
  1.259999534E-01  1.873669763E-02
  1.279735602E-01  1.873689694E-02
  1.299311692E-01  1.873739613E-02
  1.318725816E-01  1.873835041E-02
  1.337981015E-01  1.873960371E-02
  1.357076512E-01  1.874121065E-02
  1.376014622E-01  1.874321707E-02
  1.394792685E-01  1.874562494E-02
  1.413412247E-01  1.874843130E-02
  1.431874750E-01  1.875173884E-02
  1.450179231E-01  1.875549873E-02
  1.468327210E-01  1.875975869E-02
  1.486317722E-01  1.876462621E-02
  1.504150628E-01  1.877003975E-02
  1.521827994E-01  1.877610781E-02
  1.539347418E-01  1.878292713E-02
  1.556709155E-01  1.879049462E-02
  1.573912868E-01  1.879896857E-02
  1.590958559E-01  1.880834317E-02
  1.607845183E-01  1.881872394E-02
  1.624572333E-01  1.883030526E-02
  1.641137295E-01  1.884313975E-02
  1.657541244E-01  1.885722753E-02
  1.673779547E-01  1.887286950E-02
  1.689850815E-01  1.889016424E-02
  1.705752398E-01  1.890931206E-02
  1.721483000E-01  1.893041439E-02
  1.737036444E-01  1.895372157E-02
  1.752408694E-01  1.897948433E-02
  1.767593802E-01  1.900785240E-02
  1.782586353E-01  1.903912841E-02
  1.797379699E-01  1.907360445E-02
  1.811962944E-01  1.911164008E-02
  1.826327414E-01  1.915347651E-02
  1.840459747E-01  1.919952000E-02
  1.854346335E-01  1.925016929E-02
  1.867970756E-01  1.930577296E-02
  1.881311581E-01  1.936673048E-02
  1.894343151E-01  1.943354016E-02
  1.907034950E-01  1.950645002E-02
  1.919351701E-01  1.958575991E-02
  1.931237925E-01  1.967166409E-02
  1.942610403E-01  1.976411400E-02
  1.953289563E-01  1.986240309E-02
  1.963256879E-01  1.998285086E-02
  1.972764746E-01  2.013226549E-02
  1.982013217E-01  2.031153119E-02
  1.991116284E-01  2.052166178E-02
  2.000161449E-01  2.076385189E-02
  2.009218535E-01  2.103990675E-02
  2.018344341E-01  2.135162161E-02
  2.027590385E-01  2.170124716E-02
  2.037004427E-01  2.209139243E-02
  2.046633221E-01  2.252494977E-02
  2.056529807E-01  2.300512601E-02
  2.066728010E-01  2.353306705E-02
  2.077232560E-01  2.410754213E-02
  2.088034429E-01  2.472619513E-02
  2.099113102E-01  2.538534268E-02
  2.110439663E-01  2.608048957E-02
  2.121978606E-01  2.680594391E-02
  2.133684314E-01  2.755525783E-02
  2.145495971E-01  2.832109271E-02
  2.157375361E-01  2.910014795E-02
  2.169310304E-01  2.989177088E-02
  2.181301954E-01  3.069636792E-02
  2.193365091E-01  3.151498525E-02
  2.205522597E-01  3.234966340E-02
  2.217816076E-01  3.320316967E-02
  2.230299063E-01  3.407933425E-02
  2.243059050E-01  3.498416029E-02
  2.256191603E-01  3.591970724E-02
  2.269752105E-01  3.687866635E-02
  2.283767137E-01  3.785028879E-02
  2.298251589E-01  3.882142392E-02
  2.313211359E-01  3.977721071E-02
  2.328646800E-01  4.070056050E-02
  2.344666981E-01  4.157725686E-02
  2.361228295E-01  4.238029520E-02
  2.378231990E-01  4.307847868E-02
  2.395467483E-01  4.363555242E-02
  2.412633229E-01  4.403281919E-02
  2.429484723E-01  4.428688778E-02
  2.445880532E-01  4.442280147E-02
  2.461750592E-01  4.446781435E-02
  2.477088000E-01  4.444818214E-02
  2.491803775E-01  4.437484962E-02
  2.506002974E-01  4.430177721E-02
  2.520000041E-01  4.426259591E-02
 -2.328310045E-10  4.619853627E-02
  1.431168237E-03  4.624376924E-02
  2.883002696E-03  4.632942612E-02
  4.387338465E-03  4.641598001E-02
  5.954962490E-03  4.644912653E-02
  7.576816484E-03  4.641786761E-02
  9.252537146E-03  4.629590724E-02
  1.097512248E-02  4.605604516E-02
  1.273079870E-02  4.567277643E-02
  1.449545268E-02  4.512980552E-02
  1.623819402E-02  4.444564126E-02
  1.793732740E-02  4.365626857E-02
  1.958206575E-02  4.279300615E-02
  2.116741248E-02  4.188303735E-02
  2.270337434E-02  4.094116335E-02
  2.418975924E-02  3.998428863E-02
  2.562637231E-02  3.902760965E-02
  2.701441950E-02  3.808422088E-02
  2.835620286E-02  3.716512506E-02
  2.965692742E-02  3.627771968E-02
  3.092629653E-02  3.541960839E-02
  3.217359505E-02  3.458509229E-02
  3.340432697E-02  3.377056008E-02
  3.462259282E-02  3.297331734E-02
  3.583088884E-02  3.219136091E-02
  3.703081491E-02  3.142359084E-02
  3.822257036E-02  3.066961121E-02
  3.940505174E-02  2.993021481E-02
  4.057436044E-02  2.920850921E-02
  4.172469531E-02  2.851129399E-02
  4.285125815E-02  2.784468103E-02
  4.395074475E-02  2.721377022E-02
  4.502025583E-02  2.662276729E-02
  4.605789428E-02  2.607467823E-02
  4.706294892E-02  2.557141113E-02
  4.803611908E-02  2.511376687E-02
  4.898110870E-02  2.470044438E-02
  4.990341089E-02  2.432805337E-02
  5.080772232E-02  2.399358861E-02
  5.169924544E-02  2.369464828E-02
  5.258307550E-02  2.342893479E-02
  5.346510897E-02  2.319435151E-02
  5.435245519E-02  2.298939185E-02
  5.525360713E-02  2.281256177E-02
  5.618016443E-02  2.266286279E-02
  5.715173300E-02  2.253938902E-02
  5.819331706E-02  2.243554276E-02
  5.930380570E-02  2.233680727E-02
  6.046569319E-02  2.224407857E-02
  6.167137357E-02  2.215765029E-02
  6.291544872E-02  2.207752595E-02
  6.419451594E-02  2.200359963E-02
  6.550566699E-02  2.193547178E-02
  6.684639827E-02  2.187284699E-02
  6.821462864E-02  2.181542004E-02
  6.960873853E-02  2.176289095E-02
  7.102723841E-02  2.171495267E-02
  7.246883128E-02  2.167111590E-02
  7.393250224E-02  2.163117501E-02
  7.541726663E-02  2.159473129E-02
  7.692231876E-02  2.156158278E-02
  7.844695968E-02  2.153143047E-02
  7.999059416E-02  2.150397629E-02
  8.155271495E-02  2.147911692E-02
  8.313293504E-02  2.145645734E-02
  8.473074292E-02  2.143598950E-02
  8.634594228E-02  2.141742332E-02
  8.797823288E-02  2.140055325E-02
  8.962721742E-02  2.138528133E-02
  9.129299961E-02  2.137150710E-02
  9.297527476E-02  2.135902850E-02
  9.467384354E-02  2.134774946E-02
  9.638861009E-02  2.133766904E-02
  9.811956876E-02  2.132858440E-02
  9.986652586E-02  2.132040123E-02
  1.016295808E-01  2.131301442E-02
  1.034086270E-01  2.130652460E-02
  1.052034785E-01  2.130073513E-02
  1.070143255E-01  2.129554725E-02
  1.088410651E-01  2.129105519E-02
  1.106838054E-01  2.128706508E-02
  1.125424481E-01  2.128367114E-02
  1.144169922E-01  2.128077638E-02
  1.163075228E-01  2.127837996E-02
  1.182138587E-01  2.127638491E-02
  1.201362971E-01  2.127488633E-02
  1.220747303E-01  2.127379004E-02
  1.240292659E-01  2.127319027E-02
  1.260000020E-01  2.127298915E-02
  1.279706383E-01  2.127319027E-02
  1.299252735E-01  2.127379004E-02
  1.318636967E-01  2.127488633E-02
  1.337861309E-01  2.127638491E-02
  1.356926796E-01  2.127838267E-02
  1.375833172E-01  2.128077638E-02
  1.394577454E-01  2.128376901E-02
  1.413162854E-01  2.128716296E-02
  1.431589291E-01  2.129115396E-02
  1.449855743E-01  2.129564602E-02
  1.467964241E-01  2.130083571E-02
  1.485914611E-01  2.130662518E-02
  1.503704132E-01  2.131311500E-02
  1.521333667E-01  2.132049729E-02
  1.538803336E-01  2.132868498E-02
  1.556111928E-01  2.133776781E-02
  1.573258597E-01  2.134785004E-02
  1.590243197E-01  2.135912727E-02
  1.607064980E-01  2.137150710E-02
  1.623722729E-01  2.138528133E-02
  1.640212619E-01  2.140055591E-02
  1.656535551E-01  2.141742332E-02
  1.672686576E-01  2.143598950E-02
  1.688664655E-01  2.145645467E-02
  1.704465813E-01  2.147901815E-02
  1.720088064E-01  2.150387752E-02
  1.735525351E-01  2.153123384E-02
  1.750772757E-01  2.156138434E-02
  1.765822353E-01  2.159453199E-02
  1.780669879E-01  2.163087780E-02
  1.795307702E-01  2.167081691E-02
  1.809723607E-01  2.171455492E-02
  1.823908559E-01  2.176248781E-02
  1.837849657E-01  2.181492080E-02
  1.851531936E-01  2.187224994E-02
  1.864939422E-01  2.193487468E-02
  1.878050955E-01  2.200289928E-02
  1.890841483E-01  2.207682741E-02
  1.903284264E-01  2.215694903E-02
  1.915341096E-01  2.224327768E-02
  1.926961972E-01  2.233591034E-02
  1.938067813E-01  2.243454523E-02
  1.948484594E-01  2.253838878E-02
  1.958200317E-01  2.266185988E-02
  1.967465945E-01  2.281136489E-02
  1.976478442E-01  2.298819230E-02
  1.985351830E-01  2.319315196E-02
  1.994173307E-01  2.342773520E-02
  2.003011573E-01  2.369344874E-02
  2.011927809E-01  2.399238906E-02
  2.020971965E-01  2.432675596E-02
  2.030194948E-01  2.469914696E-02
  2.039645814E-01  2.511256551E-02
  2.049377554E-01  2.557031217E-02
  2.059430074E-01  2.607357927E-02
  2.069806334E-01  2.662176705E-02
  2.080501581E-01  2.721287056E-02
  2.091495358E-01  2.784378137E-02
  2.102760064E-01  2.851039701E-02
  2.114263365E-01  2.920771009E-02
  2.125957458E-01  2.992951445E-02
  2.137782210E-01  3.066901144E-02
  2.149699846E-01  3.142299107E-02
  2.161698129E-01  3.219085809E-02
  2.173780007E-01  3.297291511E-02
  2.185961700E-01  3.377035901E-02
  2.198268084E-01  3.458498899E-02
  2.210740000E-01  3.541941356E-02
  2.223434632E-01  3.627761920E-02
  2.236442975E-01  3.716522293E-02
  2.249859831E-01  3.808431875E-02
  2.263740304E-01  3.902770751E-02
  2.278107420E-01  3.998438922E-02
  2.292970327E-01  4.094126394E-02
  2.308331831E-01  4.188333628E-02
  2.324183349E-01  4.279320097E-02
  2.340630633E-01  4.365636905E-02
  2.357620021E-01  4.444573551E-02
  2.375048420E-01  4.513000668E-02
  2.392694989E-01  4.567297488E-02
  2.410252811E-01  4.605604245E-02
  2.427478679E-01  4.629590985E-02
  2.444234899E-01  4.641786761E-02
  2.460452103E-01  4.644912653E-02
  2.476127461E-01  4.641598001E-02
  2.491169869E-01  4.632942612E-02
  2.505687326E-01  4.624376924E-02
  2.520000041E-01  4.619853627E-02
 -2.328310045E-10  4.825278591E-02
  1.461363912E-03  4.830461007E-02
  2.943670217E-03  4.840375018E-02
  4.479168916E-03  4.850448091E-02
  6.078947495E-03  4.855240926E-02
  7.733791870E-03  4.853642614E-02
  9.443590495E-03  4.843048162E-02
  1.120153780E-02  4.820732809E-02
  1.299437677E-02  4.784156261E-02
  1.479794491E-02  4.731668585E-02
  1.658114923E-02  4.665124324E-02
  1.832138845E-02  4.588080136E-02
  2.000728044E-02  4.503670016E-02
  2.163293102E-02  4.414594809E-02
  2.320814140E-02  4.322354677E-02
  2.473176819E-02  4.228653642E-02
  2.620342424E-02  4.135007845E-02
  2.762356146E-02  4.042741317E-02
  2.899413369E-02  3.952939534E-02
  3.032014039E-02  3.866327718E-02
  3.161154049E-02  3.782710735E-02
  3.287762051E-02  3.701507628E-02
  3.412413652E-02  3.622384920E-02
  3.535523526E-02  3.545065482E-02
  3.657381326E-02  3.469375651E-02
  3.778122198E-02  3.395204406E-02
  3.897795843E-02  3.322512815E-02
  4.016292385E-02  3.251364687E-02
  4.133236388E-02  3.182071454E-02
  4.248033597E-02  3.115257872E-02
  4.360228108E-02  3.051504606E-02
  4.469479615E-02  2.991261799E-02
  4.575519546E-02  2.934905446E-02
  4.678185800E-02  2.882696042E-02
  4.777414416E-02  2.834793697E-02
  4.873314534E-02  2.791233708E-02
  4.966255890E-02  2.751861304E-02
  5.056813929E-02  2.716356953E-02
  5.145487652E-02  2.684414991E-02
  5.232787052E-02  2.655785331E-02
  5.319242590E-02  2.630238438E-02
  5.405459005E-02  2.607584018E-02
  5.492130950E-02  2.587647665E-02
  5.580123901E-02  2.570293085E-02
  5.670582932E-02  2.555421393E-02
  5.765432806E-02  2.542907814E-02
  5.867159337E-02  2.532131207E-02
  5.975711653E-02  2.521800542E-02
  6.089394625E-02  2.512005785E-02
  6.207462356E-02  2.502800927E-02
  6.329449084E-02  2.494201925E-02
  6.454991302E-02  2.486203068E-02
  6.583821793E-02  2.478779399E-02
  6.715711122E-02  2.471915642E-02
  6.850455171E-02  2.465581994E-02
  6.987882644E-02  2.459753019E-02
  7.127859643E-02  2.454388769E-02
  7.270259646E-02  2.449474535E-02
  7.414959437E-02  2.444964950E-02
  7.561872477E-02  2.440845403E-02
  7.710919602E-02  2.437075367E-02
  7.862005932E-02  2.433629974E-02
  8.015095961E-02  2.430484566E-02
  8.170105241E-02  2.427628604E-02
  8.327003389E-02  2.425022597E-02
  8.485736151E-02  2.422646148E-02
  8.646283368E-02  2.420494328E-02
  8.808594024E-02  2.418537718E-02
  8.972649100E-02  2.416765299E-02
  9.138428728E-02  2.415152882E-02
  9.305902857E-02  2.413700465E-02
  9.475056140E-02  2.412387453E-02
  9.645884408E-02  2.411194582E-02
  9.818361677E-02  2.410126218E-02
  9.992484085E-02  2.409167936E-02
  1.016823538E-01  2.408304459E-02
  1.034561665E-01  2.407540907E-02
  1.052462771E-01  2.406852042E-02
  1.070524338E-01  2.406243085E-02
  1.088747859E-01  2.405708991E-02
  1.107133392E-01  2.405244943E-02
  1.125680387E-01  2.404840774E-02
  1.144386835E-01  2.404496003E-02
  1.163253832E-01  2.404206568E-02
  1.182280739E-01  2.403977198E-02
  1.201469200E-01  2.403802399E-02
  1.220818155E-01  2.403672386E-02
  1.240328082E-01  2.403597797E-02
  1.260000511E-01  2.403567809E-02
  1.279671919E-01  2.403597797E-02
  1.299182815E-01  2.403672386E-02
  1.318531735E-01  2.403802399E-02
  1.337720766E-01  2.403981850E-02
  1.356749188E-01  2.404216626E-02
  1.375617650E-01  2.404501322E-02
  1.394324059E-01  2.404845514E-02
  1.412867657E-01  2.405244943E-02
  1.431252181E-01  2.405718962E-02
  1.449475702E-01  2.406253143E-02
  1.467538273E-01  2.406861914E-02
  1.485438797E-01  2.407540907E-02
  1.503176924E-01  2.408314418E-02
  1.520752566E-01  2.409177994E-02
  1.538163873E-01  2.410136276E-02
  1.555411048E-01  2.411204454E-02
  1.572491863E-01  2.412387453E-02
  1.589406740E-01  2.413700465E-02
  1.606154074E-01  2.415158200E-02
  1.622731103E-01  2.416765299E-02
  1.639135611E-01  2.418537718E-02
  1.655367228E-01  2.420489588E-02
  1.671420355E-01  2.422646148E-02
  1.687294158E-01  2.425012725E-02
  1.702982930E-01  2.427613893E-02
  1.718485874E-01  2.430474606E-02
  1.733794416E-01  2.433615275E-02
  1.748904991E-01  2.437050697E-02
  1.763808770E-01  2.440815414E-02
  1.778500073E-01  2.444940280E-02
  1.792971969E-01  2.449439806E-02
  1.807210982E-01  2.454354041E-02
  1.821208682E-01  2.459707752E-02
  1.834951464E-01  2.465532075E-02
  1.848425401E-01  2.471860404E-02
  1.861614330E-01  2.478719324E-02
  1.874497930E-01  2.486133032E-02
  1.887053046E-01  2.494131890E-02
  1.899251830E-01  2.502720933E-02
  1.911060011E-01  2.511920471E-02
  1.922430298E-01  2.521705258E-02
  1.933285549E-01  2.532035923E-02
  1.943459206E-01  2.542802472E-02
  1.952944765E-01  2.555311310E-02
  1.961990593E-01  2.570183091E-02
  1.970791405E-01  2.587532363E-02
  1.979459642E-01  2.607464064E-02
  1.988081249E-01  2.630118484E-02
  1.996727752E-01  2.655665376E-02
  2.005458316E-01  2.684294938E-02
  2.014325632E-01  2.716231592E-02
  2.023381361E-01  2.751741251E-02
  2.032677528E-01  2.791118405E-02
  2.042267023E-01  2.834688453E-02
  2.052190912E-01  2.882600757E-02
  2.062457516E-01  2.934815382E-02
  2.073061985E-01  2.991176485E-02
  2.083987194E-01  3.051419292E-02
  2.095205619E-01  3.115182617E-02
  2.106685321E-01  3.182001419E-02
  2.118380771E-01  3.251314768E-02
  2.130229945E-01  3.322467460E-02
  2.142196836E-01  3.395164545E-02
  2.154270374E-01  3.469345477E-02
  2.166455185E-01  3.545050105E-02
  2.178766041E-01  3.622379602E-02
  2.191229738E-01  3.701507628E-02
  2.203889645E-01  3.782715300E-02
  2.216804038E-01  3.866337777E-02
  2.230064654E-01  3.952964018E-02
  2.243770368E-01  4.042765998E-02
  2.257972211E-01  4.135032329E-02
  2.272688754E-01  4.228683444E-02
  2.287926031E-01  4.322379533E-02
  2.303678189E-01  4.414634845E-02
  2.319932659E-01  4.503690133E-02
  2.336791575E-01  4.588094759E-02
  2.354191481E-01  4.665134383E-02
  2.372024054E-01  4.731693244E-02
  2.390060726E-01  4.784176180E-02
  2.407989114E-01  4.820732809E-02
  2.425568748E-01  4.843058221E-02
  2.442665968E-01  4.853652476E-02
  2.459212737E-01  4.855245666E-02
  2.475210186E-01  4.850453409E-02
  2.490563717E-01  4.840375018E-02
  2.505385819E-01  4.830461007E-02
  2.520000041E-01  4.825278591E-02
 -2.328310045E-10  5.040229857E-02
  1.489909948E-03  5.046100169E-02
  3.000949975E-03  5.057429895E-02
  4.565769807E-03  5.068999901E-02
  6.195719820E-03  5.075360090E-02
  7.881449535E-03  5.075420067E-02
  9.623079561E-03  5.066579953E-02
  1.141410042E-02  5.046150088E-02
  1.324160025E-02  5.011589825E-02
  1.508169994E-02  4.961270094E-02
  1.690289937E-02  4.897009954E-02
  1.868190058E-02  4.822339863E-02
  2.040679939E-02  4.740349948E-02
  2.207089961E-02  4.653729871E-02
  2.368360013E-02  4.563980177E-02
  2.524339966E-02  4.472799972E-02
  2.674899995E-02  4.381690174E-02
  2.820060030E-02  4.291969910E-02
  2.959959954E-02  4.204709828E-02
  3.095090017E-02  4.120650142E-02
  3.226440027E-02  4.039569944E-02
  3.354959935E-02  3.960949928E-02
  3.481239825E-02  3.884449974E-02
  3.605709970E-02  3.809820116E-02
  3.728650138E-02  3.736859933E-02
  3.850239888E-02  3.665500134E-02
  3.970510140E-02  3.595669940E-02
  4.089369997E-02  3.527459875E-02
  4.206439853E-02  3.461140022E-02
  4.321140051E-02  3.397300094E-02
  4.433010146E-02  3.336479887E-02
  4.541720077E-02  3.279099986E-02
  4.647029936E-02  3.225469962E-02
  4.748779908E-02  3.175830096E-02
  4.846930131E-02  3.130299971E-02
  4.941619933E-02  3.088890016E-02
  5.033230036E-02  3.051449917E-02
  5.122350156E-02  3.017649986E-02
  5.209489912E-02  2.987189963E-02
  5.295180157E-02  2.959820069E-02
  5.379959941E-02  2.935319953E-02
  5.464420095E-02  2.913499996E-02
  5.549279973E-02  2.894189954E-02
  5.635390058E-02  2.877249941E-02
  5.723879859E-02  2.862570062E-02
  5.816650018E-02  2.850029990E-02
  5.916170031E-02  2.839029953E-02
  6.022420153E-02  2.828400023E-02
  6.133769825E-02  2.818249911E-02
  6.249520183E-02  2.808650024E-02
  6.369189918E-02  2.799610049E-02
  6.492479891E-02  2.791149914E-02
  6.619100273E-02  2.783250064E-02
  6.748849899E-02  2.775890008E-02
  6.881540269E-02  2.769069932E-02
  7.016990334E-02  2.762760036E-02
  7.155080140E-02  2.756920084E-02
  7.295680046E-02  2.751540020E-02
  7.438670099E-02  2.746579982E-02
  7.583969831E-02  2.742029913E-02
  7.731480151E-02  2.737849951E-02
  7.881130278E-02  2.734019980E-02
  8.032850176E-02  2.730510011E-02
  8.186589926E-02  2.727299929E-02
  8.342289925E-02  2.724380046E-02
  8.499889821E-02  2.721700072E-02
  8.659370244E-02  2.719270065E-02
  8.820690215E-02  2.717049979E-02
  8.983799815E-02  2.715039998E-02
  9.148699790E-02  2.713209949E-02
  9.315349907E-02  2.711549960E-02
  9.483730048E-02  2.710049972E-02
  9.653829783E-02  2.708690055E-02
  9.825620055E-02  2.707470022E-02
  9.999089688E-02  2.706360072E-02
  1.017422974E-01  2.705370076E-02
  1.035102978E-01  2.704489976E-02
  1.052948982E-01  2.703700028E-02
  1.070958972E-01  2.703000046E-02
  1.089133024E-01  2.702379972E-02
  1.107470989E-01  2.701839991E-02
  1.125971973E-01  2.701379918E-02
  1.144633964E-01  2.700980008E-02
  1.163458005E-01  2.700649947E-02
  1.182442978E-01  2.700380050E-02
  1.201590002E-01  2.700169943E-02
  1.220899001E-01  2.700030059E-02
  1.240369007E-01  2.699940093E-02
  1.260001063E-01  2.699909918E-02
  1.279633045E-01  2.699940093E-02
  1.299103051E-01  2.700030059E-02
  1.318411976E-01  2.700180002E-02
  1.337559968E-01  2.700380050E-02
  1.356545985E-01  2.700649947E-02
  1.375371963E-01  2.700990066E-02
  1.394034028E-01  2.701379918E-02
  1.412532032E-01  2.701850049E-02
  1.430869997E-01  2.702390030E-02
  1.449043006E-01  2.703009918E-02
  1.467052996E-01  2.703710087E-02
  1.484899074E-01  2.704500034E-02
  1.502579004E-01  2.705379948E-02
  1.520092934E-01  2.706369944E-02
  1.537439972E-01  2.707470022E-02
  1.554618031E-01  2.708690055E-02
  1.571626067E-01  2.710049972E-02
  1.588463038E-01  2.711549960E-02
  1.605128050E-01  2.713209949E-02
  1.621616930E-01  2.715039998E-02
  1.637928039E-01  2.717049979E-02
  1.654060036E-01  2.719260007E-02
  1.670006961E-01  2.721700072E-02
  1.685767025E-01  2.724359930E-02
  1.701336056E-01  2.727290057E-02
  1.716711074E-01  2.730490081E-02
  1.731884032E-01  2.734000050E-02
  1.746850014E-01  2.737830020E-02
  1.761599928E-01  2.741999924E-02
  1.776130050E-01  2.746549994E-02
  1.790430993E-01  2.751499973E-02
  1.804490983E-01  2.756880037E-02
  1.818298995E-01  2.762709931E-02
  1.831845045E-01  2.769020014E-02
  1.845113039E-01  2.775840089E-02
  1.858087927E-01  2.783180028E-02
  1.870750934E-01  2.791080065E-02
  1.883080006E-01  2.799540013E-02
  1.895048022E-01  2.808569930E-02
  1.906623989E-01  2.818159945E-02
  1.917760968E-01  2.828310058E-02
  1.928385943E-01  2.838939987E-02
  1.938339025E-01  2.849929966E-02
  1.947616935E-01  2.862470038E-02
  1.956465989E-01  2.877140045E-02
  1.965077966E-01  2.894080058E-02
  1.973565072E-01  2.913389914E-02
  1.982011050E-01  2.935210057E-02
  1.990489066E-01  2.959709987E-02
  1.999059021E-01  2.987080067E-02
  2.007773966E-01  3.017540090E-02
  2.016686052E-01  3.051350079E-02
  2.025849074E-01  3.088789992E-02
  2.035318017E-01  3.130200133E-02
  2.045135051E-01  3.175739944E-02
  2.055310011E-01  3.225389868E-02
  2.065842003E-01  3.279029950E-02
  2.076711953E-01  3.336419910E-02
  2.087897956E-01  3.397250175E-02
  2.099367976E-01  3.461090103E-02
  2.111074030E-01  3.527430072E-02
  2.122959942E-01  3.595649824E-02
  2.134986967E-01  3.665480018E-02
  2.147144973E-01  3.736859933E-02
  2.159439027E-01  3.809820116E-02
  2.171885073E-01  3.884470090E-02
  2.184512019E-01  3.960980102E-02
  2.197362930E-01  4.039600119E-02
  2.210498005E-01  4.120679945E-02
  2.224013060E-01  4.204760119E-02
  2.238003016E-01  4.292010143E-02
  2.252517939E-01  4.381730035E-02
  2.267574966E-01  4.472839832E-02
  2.283172011E-01  4.564020038E-02
  2.299299985E-01  4.653780162E-02
  2.315939963E-01  4.740380123E-02
  2.333187014E-01  4.822370037E-02
  2.350976020E-01  4.897030070E-02
  2.369188070E-01  4.961299896E-02
  2.387589067E-01  5.011620000E-02
  2.405864000E-01  5.046150088E-02
  2.423774004E-01  5.066590011E-02
  2.441190034E-01  5.075420067E-02
  2.458045930E-01  5.075370148E-02
  2.474343926E-01  5.069009960E-02
  2.489991039E-01  5.057439953E-02
  2.505100071E-01  5.046109855E-02
  2.520000041E-01  5.040229857E-02
 -2.328310045E-10  5.263067209E-02
  1.516253654E-03  5.269645192E-02
  3.053757872E-03  5.282421933E-02
  4.645487294E-03  5.295519059E-02
  6.303058173E-03  5.303502994E-02
  8.016985540E-03  5.305302894E-02
  9.787611019E-03  5.298355498E-02
  1.160872377E-02  5.279989589E-02
  1.346781607E-02  5.247711952E-02
  1.534117826E-02  5.199891842E-02
  1.719710506E-02  5.138324735E-02
  1.901179664E-02  5.066483967E-02
  2.077268844E-02  4.987424952E-02
  2.247243250E-02  4.903801626E-02
  2.412021783E-02  4.817089124E-02
  2.571383984E-02  4.728966620E-02
  2.725169566E-02  4.640913955E-02
  2.873317691E-02  4.554241313E-02
  3.015948204E-02  4.469998295E-02
  3.153530678E-02  4.388899113E-02
  3.287034796E-02  4.310759666E-02
  3.417451407E-02  4.235064650E-02
  3.545369843E-02  4.161499756E-02
  3.671230442E-02  4.089815015E-02
  3.795319037E-02  4.019839986E-02
  3.917819370E-02  3.951475049E-02
  4.038772809E-02  3.884685443E-02
  4.158098485E-02  3.819525827E-02
  4.275416638E-02  3.756266307E-02
  4.390147971E-02  3.695461276E-02
  4.501836802E-02  3.637595284E-02
  4.610188540E-02  3.583057593E-02
  4.714948119E-02  3.532133486E-02
  4.815991205E-02  3.485022062E-02
  4.913297103E-02  3.441818606E-02
  5.007002116E-02  3.402527441E-02
  5.097526064E-02  3.366984056E-02
  5.185453919E-02  3.334853228E-02
  5.271330612E-02  3.305869837E-02
  5.355671606E-02  3.279769296E-02
  5.439031721E-02  3.256346807E-02
  5.522010896E-02  3.235412369E-02
  5.605324872E-02  3.216795945E-02
  5.689812171E-02  3.200366755E-02
  5.776589199E-02  3.186011378E-02
  5.867550186E-02  3.173588345E-02
  5.965114096E-02  3.162549026E-02
  6.069322301E-02  3.151803696E-02
  6.178584691E-02  3.141492622E-02
  6.292216847E-02  3.131681372E-02
  6.409784099E-02  3.122394356E-02
  6.530970844E-02  3.113642188E-02
  6.655533001E-02  3.105434554E-02
  6.783265939E-02  3.097751710E-02
  6.913983878E-02  3.090588829E-02
  7.047527936E-02  3.083920652E-02
  7.183777600E-02  3.077737031E-02
  7.322607812E-02  3.071998970E-02
  7.463903679E-02  3.066695548E-02
  7.607575297E-02  3.061802094E-02
  7.753542551E-02  3.057293928E-02
  7.901720600E-02  3.053145821E-02
  8.052054814E-02  3.049337549E-02
  8.204464666E-02  3.045844726E-02
  8.358905358E-02  3.042641828E-02
  8.515326828E-02  3.039714234E-02
  8.673688635E-02  3.037031956E-02
  8.833941606E-02  3.034594424E-02
  8.996059569E-02  3.032367293E-02
  9.160023342E-02  3.030340309E-02
  9.325778253E-02  3.028503303E-02
  9.493323538E-02  3.026831530E-02
  9.662623942E-02  3.025319856E-02
  9.833660237E-02  3.023953374E-02
  1.000642220E-01  3.022722224E-02
  1.018089407E-01  3.021615866E-02
  1.035705668E-01  3.020624626E-02
  1.053490909E-01  3.019738814E-02
  1.071442755E-01  3.018947719E-02
  1.089561609E-01  3.018257129E-02
  1.107847486E-01  3.017651186E-02
  1.126298393E-01  3.017125336E-02
  1.144911276E-01  3.016674743E-02
  1.163687238E-01  3.016299503E-02
  1.182625662E-01  3.015998950E-02
  1.201726618E-01  3.015763595E-02
  1.220990554E-01  3.015598374E-02
  1.240415039E-01  3.015498350E-02
  1.260002509E-01  3.015463621E-02
  1.279588493E-01  3.015498350E-02
  1.299014439E-01  3.015603594E-02
  1.318278340E-01  3.015768913E-02
  1.337379842E-01  3.016004269E-02
  1.356319792E-01  3.016304155E-02
  1.375097213E-01  3.016680061E-02
  1.393710643E-01  3.017125336E-02
  1.412158575E-01  3.017651186E-02
  1.430442928E-01  3.018261869E-02
  1.448561289E-01  3.018957591E-02
  1.466514084E-01  3.019743466E-02
  1.484298872E-01  3.020624626E-02
  1.501914603E-01  3.021615866E-02
  1.519361864E-01  3.022722224E-02
  1.536637509E-01  3.023953374E-02
  1.553741064E-01  3.025319856E-02
  1.570669698E-01  3.026831530E-02
  1.587423244E-01  3.028498563E-02
  1.603998601E-01  3.030340309E-02
  1.620393005E-01  3.032357333E-02
  1.636604416E-01  3.034584366E-02
  1.652630721E-01  3.037026637E-02
  1.668464889E-01  3.039699525E-02
  1.684107002E-01  3.042627118E-02
  1.699550063E-01  3.045824708E-02
  1.714793020E-01  3.049317619E-02
  1.729825417E-01  3.053125705E-02
  1.744644738E-01  3.057273910E-02
  1.759241016E-01  3.061777326E-02
  1.773609177E-01  3.066665461E-02
  1.787739245E-01  3.071963762E-02
  1.801622281E-01  3.077692431E-02
  1.815247720E-01  3.083875385E-02
  1.828602126E-01  3.090538714E-02
  1.841673920E-01  3.097697051E-02
  1.854447217E-01  3.105374577E-02
  1.866904402E-01  3.113577471E-02
  1.879024119E-01  3.122319668E-02
  1.890780845E-01  3.131601476E-02
  1.902145028E-01  3.141417935E-02
  1.913072784E-01  3.151723690E-02
  1.923494082E-01  3.162469021E-02
  1.933251076E-01  3.173503797E-02
  1.942348067E-01  3.185921424E-02
  1.951026780E-01  3.200272039E-02
  1.959476022E-01  3.216705793E-02
  1.967807929E-01  3.235312356E-02
  1.976106875E-01  3.256252091E-02
  1.984443889E-01  3.279674777E-02
  1.992878976E-01  3.305774946E-02
  2.001466684E-01  3.334768394E-02
  2.010260930E-01  3.366899399E-02
  2.019314348E-01  3.402452666E-02
  2.028684834E-01  3.441753868E-02
  2.038415916E-01  3.484957346E-02
  2.048520717E-01  3.532083774E-02
  2.058997209E-01  3.583018114E-02
  2.069831376E-01  3.637560545E-02
  2.081000221E-01  3.695436793E-02
  2.092472841E-01  3.756246768E-02
  2.104205245E-01  3.819526406E-02
  2.116137224E-01  3.884690761E-02
  2.128232092E-01  3.951485686E-02
  2.140481139E-01  4.019865246E-02
  2.152889464E-01  4.089850136E-02
  2.165475108E-01  4.161544935E-02
  2.178265400E-01  4.235119888E-02
  2.191306069E-01  4.310814903E-02
  2.204656500E-01  4.388954351E-02
  2.218415690E-01  4.470068331E-02
  2.232678777E-01  4.554306608E-02
  2.247493544E-01  4.640979250E-02
  2.262872129E-01  4.729027176E-02
  2.278808314E-01  4.817144558E-02
  2.295287264E-01  4.903866922E-02
  2.312283118E-01  4.987474871E-02
  2.329889998E-01  5.066519088E-02
  2.348034468E-01  5.138354713E-02
  2.366594176E-01  5.199931879E-02
  2.385328369E-01  5.247741952E-02
  2.403918799E-01  5.279999648E-02
  2.422130032E-01  5.298370121E-02
  2.439835180E-01  5.305312952E-02
  2.456972254E-01  5.303512855E-02
  2.473546783E-01  5.295519059E-02
  2.489462745E-01  5.282426673E-02
  2.504837173E-01  5.269645192E-02
  2.520000041E-01  5.263067209E-02
 -2.328310045E-10  5.490608590E-02
  1.540304328E-03  5.497896194E-02
  3.101899223E-03  5.512111278E-02
  4.718066630E-03  5.526717850E-02
  6.400648676E-03  5.536345789E-02
  8.140015165E-03  5.539925115E-02
  9.936737324E-03  5.534936843E-02
  1.178487859E-02  5.518761602E-02
  1.367226183E-02  5.488939671E-02
  1.557556174E-02  5.443871392E-02
  1.746287682E-02  5.385306451E-02
  1.930990162E-02  5.316674203E-02
  2.110343376E-02  5.240963830E-02
  2.283576236E-02  5.160764451E-02
  2.451578884E-02  5.077545874E-02
  2.614070832E-02  4.992937582E-02
  2.770831643E-02  4.908389620E-02
  2.921780149E-02  4.825190526E-02
  3.066986836E-02  4.744350599E-02
  3.206871376E-02  4.666580241E-02
  3.342452665E-02  4.591708574E-02
  3.474691969E-02  4.519235924E-02
  3.604209005E-02  4.448863321E-02
  3.731443730E-02  4.380369434E-02
  3.856686151E-02  4.313556175E-02
  3.980136510E-02  4.248371937E-02
  4.101825050E-02  4.184747569E-02
  4.221691351E-02  4.122743330E-02
  4.339345830E-02  4.062617796E-02
  4.454228122E-02  4.004872078E-02
  4.565888644E-02  3.949984386E-02
  4.674017472E-02  3.898285935E-02
  4.778404318E-02  3.850045011E-02
  4.878919885E-02  3.805422704E-02
  4.975564262E-02  3.764527462E-02
  5.068497276E-02  3.727319960E-02
  5.158149096E-02  3.693640390E-02
  5.245110703E-02  3.663178789E-02
  5.329940750E-02  3.635664812E-02
  5.413170343E-02  3.610859002E-02
  5.495349244E-02  3.588541658E-02
  5.577087363E-02  3.568532366E-02
  5.659084714E-02  3.550691184E-02
  5.742191648E-02  3.534858801E-02
  5.827506985E-02  3.520944282E-02
  5.916902181E-02  3.508788242E-02
  6.012775177E-02  3.497870994E-02
  6.115187828E-02  3.487193121E-02
  6.222599670E-02  3.476894684E-02
  6.334351022E-02  3.467055778E-02
  6.450021773E-02  3.457696791E-02
  6.569312479E-02  3.448836842E-02
  6.691983775E-02  3.440486966E-02
  6.817855116E-02  3.432646279E-02
  6.946746156E-02  3.425295748E-02
  7.078507723E-02  3.418424491E-02
  7.213009856E-02  3.412013580E-02
  7.350152292E-02  3.406061928E-02
  7.489814776E-02  3.400530749E-02
  7.631918130E-02  3.395409091E-02
  7.776372684E-02  3.390667684E-02
  7.923097229E-02  3.386296018E-02
  8.072041865E-02  3.382264380E-02
  8.223127837E-02  3.378562440E-02
  8.376314389E-02  3.375151063E-02
  8.531541452E-02  3.372019717E-02
  8.688758908E-02  3.369158193E-02
  8.847936892E-02  3.366536577E-02
  9.009025728E-02  3.364145083E-02
  9.172015005E-02  3.361963424E-02
  9.336855066E-02  3.359972298E-02
  9.503525010E-02  3.358161103E-02
  9.671995798E-02  3.356520144E-02
  9.842246830E-02  3.355039011E-02
  1.001425847E-01  3.353697938E-02
  1.018802101E-01  3.352487159E-02
  1.036351337E-01  3.351406383E-02
  1.054071617E-01  3.350435513E-02
  1.071962890E-01  3.349584959E-02
  1.090023241E-01  3.348814671E-02
  1.108251585E-01  3.348153744E-02
  1.126648009E-01  3.347573446E-02
  1.145208377E-01  3.347083027E-02
  1.163933775E-01  3.346672601E-02
  1.182822217E-01  3.346342007E-02
  1.201873679E-01  3.346081982E-02
  1.221089154E-01  3.345901779E-02
  1.240465537E-01  3.345781825E-02
  1.260004068E-01  3.345751378E-02
  1.279541484E-01  3.345781825E-02
  1.298918983E-01  3.345901779E-02
  1.318134362E-01  3.346081982E-02
  1.337185847E-01  3.346342007E-02
  1.356076231E-01  3.346672340E-02
  1.374802670E-01  3.347083027E-02
  1.393363980E-01  3.347573174E-02
  1.411757379E-01  3.348153744E-02
  1.429984725E-01  3.348814399E-02
  1.448044136E-01  3.349574901E-02
  1.465935406E-01  3.350435513E-02
  1.483655735E-01  3.351406112E-02
  1.501203955E-01  3.352487159E-02
  1.518581150E-01  3.353697938E-02
  1.535781344E-01  3.355038740E-02
  1.552806377E-01  3.356519873E-02
  1.569651516E-01  3.358160832E-02
  1.586317496E-01  3.359962239E-02
  1.602800578E-01  3.361953365E-02
  1.619098390E-01  3.364134753E-02
  1.635207372E-01  3.366526519E-02
  1.651125129E-01  3.369147862E-02
  1.666846963E-01  3.372009397E-02
  1.682368654E-01  3.375130946E-02
  1.697686296E-01  3.378542696E-02
  1.712795834E-01  3.382244273E-02
  1.727691339E-01  3.386275911E-02
  1.742365806E-01  3.390647296E-02
  1.756810290E-01  3.395378916E-02
  1.771020626E-01  3.400500574E-02
  1.784988889E-01  3.406022328E-02
  1.798702160E-01  3.411973709E-02
  1.812153271E-01  3.418374834E-02
  1.825329400E-01  3.425245466E-02
  1.838218532E-01  3.432596268E-02
  1.850804696E-01  3.440437047E-02
  1.863073738E-01  3.448786913E-02
  1.875002882E-01  3.457636814E-02
  1.886569954E-01  3.466986015E-02
  1.897747068E-01  3.476824920E-02
  1.908490192E-01  3.487123356E-02
  1.918731464E-01  3.497801229E-02
  1.928319759E-01  3.508718478E-02
  1.937259245E-01  3.520864731E-02
  1.945791882E-01  3.534788766E-02
  1.954103590E-01  3.550621420E-02
  1.962304248E-01  3.568462601E-02
  1.970478137E-01  3.588471885E-02
  1.978697972E-01  3.610789239E-02
  1.987021928E-01  3.635605378E-02
  1.995504934E-01  3.663128871E-02
  2.004202143E-01  3.693590732E-02
  2.013167392E-01  3.727280371E-02
  2.022461561E-01  3.764487772E-02
  2.032127079E-01  3.805402859E-02
  2.042178525E-01  3.850025437E-02
  2.052617236E-01  3.898276420E-02
  2.063430127E-01  3.949984929E-02
  2.074595176E-01  4.004882408E-02
  2.086082453E-01  4.062628669E-02
  2.097849859E-01  4.122783462E-02
  2.109834641E-01  4.184788335E-02
  2.122004309E-01  4.248422490E-02
  2.134347423E-01  4.313616424E-02
  2.146870732E-01  4.380430215E-02
  2.159594207E-01  4.448943687E-02
  2.172543826E-01  4.519326347E-02
  2.185767838E-01  4.591788929E-02
  2.199324989E-01  4.666670293E-02
  2.213314394E-01  4.744441294E-02
  2.227834943E-01  4.825271163E-02
  2.242928833E-01  4.908479671E-02
  2.258606981E-01  4.993017938E-02
  2.274854100E-01  5.077616182E-02
  2.291655417E-01  5.160844535E-02
  2.308976720E-01  5.241023807E-02
  2.326910010E-01  5.316724394E-02
  2.345377277E-01  5.385346684E-02
  2.364251389E-01  5.443911524E-02
  2.383284361E-01  5.488979261E-02
  2.402157278E-01  5.518781447E-02
  2.420639950E-01  5.534956678E-02
  2.438605504E-01  5.539935173E-02
  2.455997125E-01  5.536355848E-02
  2.472821701E-01  5.526727898E-02
  2.488982112E-01  5.512111550E-02
  2.504597502E-01  5.497896194E-02
  2.520000041E-01  5.490618376E-02
 -2.328310045E-10  5.720632018E-02
  1.561779323E-03  5.728577687E-02
  3.144849935E-03  5.744173674E-02
  4.782712475E-03  5.760248465E-02
  6.487385452E-03  5.771466365E-02
  8.249145288E-03  5.776806204E-02
  1.006872254E-02  5.773797915E-02
  1.194055935E-02  5.759890350E-02
  1.385262879E-02  5.732652436E-02
  1.578208342E-02  5.690534453E-02
  1.769676556E-02  5.635246136E-02
  1.957218578E-02  5.570143187E-02
  2.139460036E-02  5.498148062E-02
  2.315586183E-02  5.421770860E-02
  2.486462179E-02  5.342456783E-02
  2.651764318E-02  5.261788350E-02
  2.811217820E-02  5.181169144E-02
  2.964703424E-02  5.101836509E-02
  3.112256307E-02  5.024784618E-02
  3.254281943E-02  4.950684864E-02
  3.391780658E-02  4.879396481E-02
  3.525737119E-02  4.810439629E-02
  3.656771068E-02  4.743523264E-02
  3.785322487E-02  4.678428264E-02
  3.911706670E-02  4.614993426E-02
  4.036098175E-02  4.553129811E-02
  4.158557201E-02  4.492811606E-02
  4.279013489E-02  4.434064106E-02
  4.397092115E-02  4.377127738E-02
  4.512222589E-02  4.322503180E-02
  4.623965795E-02  4.270595134E-02
  4.732021154E-02  4.221739062E-02
  4.836183268E-02  4.176165854E-02
  4.936347417E-02  4.134030669E-02
  5.032522794E-02  4.095402996E-02
  5.124879818E-02  4.060263264E-02
  5.213858072E-02  4.028447123E-02
  5.300082328E-02  3.999652980E-02
  5.384087869E-02  3.973621824E-02
  5.466429111E-02  3.950117710E-02
  5.547666086E-02  3.928950526E-02
  5.628389278E-02  3.909946037E-02
  5.709318189E-02  3.892938136E-02
  5.791292775E-02  3.877812640E-02
  5.875388611E-02  3.864448877E-02
  5.963470417E-02  3.852702093E-02
  6.057914489E-02  3.842082093E-02
  6.158804513E-02  3.831651709E-02
  6.264630655E-02  3.821563005E-02
  6.374761903E-02  3.811884255E-02
  6.488783818E-02  3.802646155E-02
  6.606405802E-02  3.793878706E-02
  6.727418519E-02  3.785576680E-02
  6.851626083E-02  3.777749988E-02
  6.978867909E-02  3.770389240E-02
  7.109000163E-02  3.763483015E-02
  7.241916789E-02  3.757023162E-02
  7.377493567E-02  3.750993234E-02
  7.515633861E-02  3.745378637E-02
  7.656264165E-02  3.740158388E-02
  7.799293954E-02  3.735319183E-02
  7.944643533E-02  3.730835333E-02
  8.092266350E-02  3.726685854E-02
  8.242074461E-02  3.722861951E-02
  8.394031744E-02  3.719337935E-02
  8.548083104E-02  3.716094059E-02
  8.704188974E-02  3.713110011E-02
  8.862293914E-02  3.710381305E-02
  9.022362891E-02  3.707877446E-02
  9.184372399E-02  3.705588203E-02
  9.348285196E-02  3.703504185E-02
  9.514072997E-02  3.701600297E-02
  9.681700026E-02  3.699876341E-02
  9.851151022E-02  3.698302314E-02
  1.002240765E-01  3.696888302E-02
  1.019544250E-01  3.695608986E-02
  1.037023751E-01  3.694459682E-02
  1.054678718E-01  3.693430505E-02
  1.072505612E-01  3.692511052E-02
  1.090505057E-01  3.691706350E-02
  1.108675321E-01  3.690997002E-02
  1.127015155E-01  3.690382490E-02
  1.145520989E-01  3.689853074E-02
  1.164191745E-01  3.689413117E-02
  1.183027498E-01  3.689053748E-02
  1.202028242E-01  3.688779180E-02
  1.221192490E-01  3.688579132E-02
  1.240517710E-01  3.688459178E-02
  1.260005909E-01  3.688419118E-02
  1.279493176E-01  3.688459178E-02
  1.298819440E-01  3.688579132E-02
  1.317983727E-01  3.688773805E-02
  1.336984431E-01  3.689053748E-02
  1.355821638E-01  3.689408434E-02
  1.374495482E-01  3.689847698E-02
  1.393001248E-01  3.690377807E-02
  1.411338028E-01  3.690987143E-02
  1.429506387E-01  3.691701667E-02
  1.447505349E-01  3.692511052E-02
  1.465333177E-01  3.693420447E-02
  1.482986692E-01  3.694449797E-02
  1.500466154E-01  3.695598927E-02
  1.517769705E-01  3.696878244E-02
  1.534894850E-01  3.698292256E-02
  1.551839504E-01  3.699866282E-02
  1.568601164E-01  3.701590239E-02
  1.585178378E-01  3.703489643E-02
  1.601568734E-01  3.705573462E-02
  1.617769083E-01  3.707862211E-02
  1.633776057E-01  3.710366070E-02
  1.649587072E-01  3.713095444E-02
  1.665196655E-01  3.716074116E-02
  1.680601341E-01  3.719317991E-02
  1.695796477E-01  3.722841835E-02
  1.710778808E-01  3.726665936E-02
  1.725541130E-01  3.730809841E-02
  1.740077542E-01  3.735289182E-02
  1.754379513E-01  3.740133761E-02
  1.768443026E-01  3.745348462E-02
  1.782259141E-01  3.750963059E-02
  1.795816267E-01  3.756987811E-02
  1.809107964E-01  3.763443154E-02
  1.822121120E-01  3.770349206E-02
  1.834845333E-01  3.777709755E-02
  1.847266607E-01  3.785536646E-02
  1.859367811E-01  3.793833271E-02
  1.871130572E-01  3.802600745E-02
  1.882532754E-01  3.811839018E-02
  1.893546927E-01  3.821517569E-02
  1.904131944E-01  3.831601791E-02
  1.914221466E-01  3.842031307E-02
  1.923666339E-01  3.852656684E-02
  1.932475097E-01  3.864398265E-02
  1.940885632E-01  3.877767230E-02
  1.949083643E-01  3.892892900E-02
  1.957177025E-01  3.909900602E-02
  1.965251261E-01  3.928915175E-02
  1.973375502E-01  3.950087041E-02
  1.981611172E-01  3.973590956E-02
  1.990012212E-01  3.999632344E-02
  1.998635137E-01  4.028431195E-02
  2.007533969E-01  4.060257888E-02
  2.016769651E-01  4.095407679E-02
  2.026388160E-01  4.134044717E-02
  2.036404615E-01  4.176190480E-02
  2.046821358E-01  4.221773547E-02
  2.057626339E-01  4.270644360E-02
  2.068799652E-01  4.322552406E-02
  2.080312256E-01  4.377192596E-02
  2.092121067E-01  4.434138651E-02
  2.104165150E-01  4.492891008E-02
  2.116410602E-01  4.553219097E-02
  2.128849312E-01  4.615087888E-02
  2.141486181E-01  4.678527582E-02
  2.154341343E-01  4.743637843E-02
  2.167442724E-01  4.810558890E-02
  2.180837422E-01  4.879511234E-02
  2.194587272E-01  4.950799641E-02
  2.208789842E-01  5.024899396E-02
  2.223545127E-01  5.101945712E-02
  2.238893263E-01  5.181279040E-02
  2.254839035E-01  5.261887495E-02
  2.271368235E-01  5.342546935E-02
  2.288455410E-01  5.421865322E-02
  2.306066033E-01  5.498218097E-02
  2.324287604E-01  5.570198481E-02
  2.343038786E-01  5.635290680E-02
  2.362186183E-01  5.690584372E-02
  2.381480711E-01  5.732692297E-02
  2.400600849E-01  5.759900209E-02
  2.419318823E-01  5.773822714E-02
  2.437514174E-01  5.776820945E-02
  2.455130757E-01  5.771481106E-02
  2.472175204E-01  5.760258523E-02
  2.488552341E-01  5.744183732E-02
  2.504381334E-01  5.728583063E-02
  2.520000041E-01  5.720632018E-02
 -2.328310045E-10  5.949680668E-02
  1.580825992E-03  5.958253327E-02
  3.182877398E-03  5.975127106E-02
  4.839833635E-03  5.992547078E-02
  6.563862977E-03  6.005262412E-02
  8.345107358E-03  6.012291527E-02
  1.018447964E-02  6.011222262E-02
  1.207658798E-02  5.999565985E-02
  1.400992391E-02  5.974968753E-02
  1.596177002E-02  5.935906751E-02
  1.790022267E-02  5.884062221E-02
  1.980010500E-02  5.822703868E-02
  2.164764987E-02  5.754683674E-02
  2.343417669E-02  5.682424707E-02
  2.516810241E-02  5.607324425E-02
  2.684586651E-02  5.530902748E-02
  2.846438444E-02  5.454522455E-02
  3.002187487E-02  5.379366091E-02
  3.151851085E-02  5.306378797E-02
  3.295805442E-02  5.236223979E-02
  3.435052897E-02  5.168764919E-02
  3.570584414E-02  5.103528505E-02
  3.703017338E-02  5.040265616E-02
  3.832820752E-02  4.978748297E-02
  3.960279066E-02  4.918830012E-02
  4.085589821E-02  4.860433778E-02
  4.208817937E-02  4.803504431E-02
  4.329889181E-02  4.748082575E-02
  4.448432515E-02  4.694404392E-02
  4.563877257E-02  4.642908929E-02
  4.675790934E-02  4.594010605E-02
  4.783875251E-02  4.547988817E-02
  4.887940695E-02  4.505069659E-02
  4.987883533E-02  4.465396655E-02
  5.083743385E-02  4.429030460E-02
  5.175682507E-02  4.395940358E-02
  5.264167304E-02  4.365974694E-02
  5.349817124E-02  4.338852175E-02
  5.433192553E-02  4.314315757E-02
  5.514841853E-02  4.292158447E-02
  5.595316470E-02  4.272173865E-02
  5.675234460E-02  4.254210290E-02
  5.755296485E-02  4.238117288E-02
  5.836333758E-02  4.223773819E-02
  5.919444699E-02  4.211067483E-02
  6.006434685E-02  4.199861865E-02
  6.099681840E-02  4.189675557E-02
  6.199294603E-02  4.179657294E-02
  6.303792612E-02  4.169944708E-02
  6.412535014E-02  4.160593578E-02
  6.525138103E-02  4.151654669E-02
  6.641334000E-02  4.143139258E-02
  6.760891124E-02  4.135057404E-02
  6.883640484E-02  4.127409108E-02
  7.009429207E-02  4.120202834E-02
  7.138126704E-02  4.113418365E-02
  7.269612072E-02  4.107057327E-02
  7.403787709E-02  4.101104615E-02
  7.540551407E-02  4.095537370E-02
  7.679833129E-02  4.090351866E-02
  7.821543333E-02  4.085526293E-02
  7.965619909E-02  4.081042600E-02
  8.112002507E-02  4.076890797E-02
  8.260615199E-02  4.073049007E-02
  8.411422491E-02  4.069497281E-02
  8.564358143E-02  4.066219060E-02
  8.719399531E-02  4.063207195E-02
  8.876477840E-02  4.060429146E-02
  9.035572343E-02  4.057891072E-02
  9.196645312E-02  4.055552674E-02
  9.359654280E-02  4.053424382E-02
  9.524581366E-02  4.051476395E-02
  9.691385185E-02  4.049698212E-02
  9.860055440E-02  4.048089971E-02
  1.003056362E-01  4.046631859E-02
  1.020287978E-01  4.045313818E-02
  1.037699282E-01  4.044127246E-02
  1.055287564E-01  4.043059104E-02
  1.073051273E-01  4.042110985E-02
  1.090989997E-01  4.041272761E-02
  1.109101533E-01  4.040534443E-02
  1.127384074E-01  4.039894438E-02
  1.145834435E-01  4.039346346E-02
  1.164452631E-01  4.038888103E-02
  1.183235669E-01  4.038518182E-02
  1.202183837E-01  4.038228286E-02
  1.221296799E-01  4.038020077E-02
  1.240571019E-01  4.037891825E-02
  1.260008798E-01  4.037851965E-02
  1.279443747E-01  4.037891825E-02
  1.298719850E-01  4.038020077E-02
  1.317831796E-01  4.038220057E-02
  1.336781007E-01  4.038509952E-02
  1.355565968E-01  4.038878045E-02
  1.374186189E-01  4.039338118E-02
  1.392636551E-01  4.039886513E-02
  1.410916890E-01  4.040524689E-02
  1.429026665E-01  4.041262703E-02
  1.446964169E-01  4.042100927E-02
  1.464728319E-01  4.043049114E-02
  1.482316337E-01  4.044115359E-02
  1.499726625E-01  4.045295531E-02
  1.516958275E-01  4.046613572E-02
  1.534008239E-01  4.048079980E-02
  1.550875149E-01  4.049688222E-02
  1.567554618E-01  4.051456278E-02
  1.584046181E-01  4.053404638E-02
  1.600346875E-01  4.055532557E-02
  1.616453203E-01  4.057870955E-02
  1.632361875E-01  4.060410858E-02
  1.648070613E-01  4.063187384E-02
  1.663572875E-01  4.066199248E-02
  1.678866428E-01  4.069477231E-02
  1.693947109E-01  4.073027366E-02
  1.708809218E-01  4.076869224E-02
  1.723447742E-01  4.081022856E-02
  1.737857276E-01  4.085496423E-02
  1.752028296E-01  4.090321759E-02
  1.765956469E-01  4.095509024E-02
  1.779634721E-01  4.101074440E-02
  1.793051431E-01  4.107025391E-02
  1.806200950E-01  4.113388190E-02
  1.819069907E-01  4.120170897E-02
  1.831648577E-01  4.127377408E-02
  1.843924305E-01  4.135027229E-02
  1.855880105E-01  4.143107253E-02
  1.867499573E-01  4.151622665E-02
  1.878761021E-01  4.160561878E-02
  1.889637163E-01  4.169912772E-02
  1.900088109E-01  4.179635348E-02
  1.910049416E-01  4.189651783E-02
  1.919375243E-01  4.199840224E-02
  1.928075044E-01  4.211047366E-02
  1.936386304E-01  4.223760170E-02
  1.944491060E-01  4.238113697E-02
  1.952498337E-01  4.254208460E-02
  1.960490969E-01  4.272172036E-02
  1.968539467E-01  4.292164847E-02
  1.976705318E-01  4.314331910E-02
  1.985042898E-01  4.338878386E-02
  1.993608750E-01  4.366009439E-02
  2.002458145E-01  4.395976628E-02
  2.011652270E-01  4.429076788E-02
  2.021238255E-01  4.465453278E-02
  2.031233589E-01  4.505137865E-02
  2.041640912E-01  4.548064948E-02
  2.052448332E-01  4.594097098E-02
  2.063638128E-01  4.643013405E-02
  2.075182328E-01  4.694510698E-02
  2.087037569E-01  4.748207100E-02
  2.099143610E-01  4.803622623E-02
  2.111464958E-01  4.860560133E-02
  2.123995776E-01  4.918966424E-02
  2.136740317E-01  4.978886539E-02
  2.149719023E-01  5.040412086E-02
  2.162961384E-01  5.103684967E-02
  2.176513309E-01  5.168903160E-02
  2.190437276E-01  5.236370450E-02
  2.204832932E-01  5.306526792E-02
  2.219799031E-01  5.379494274E-02
  2.235373205E-01  5.454650638E-02
  2.251558300E-01  5.531020873E-02
  2.268334836E-01  5.607424567E-02
  2.285674052E-01  5.682522784E-02
  2.303537126E-01  5.754763767E-02
  2.322009752E-01  5.822772074E-02
  2.341005760E-01  5.884112139E-02
  2.360389322E-01  5.935956670E-02
  2.379907739E-01  5.975008613E-02
  2.399240095E-01  5.999586034E-02
  2.418161992E-01  6.011252368E-02
  2.436555439E-01  6.012311576E-02
  2.454365073E-01  6.005280700E-02
  2.471604575E-01  5.992557137E-02
  2.488172414E-01  5.975137165E-02
  2.504191972E-01  5.958263385E-02
  2.520000041E-01  5.949682497E-02
 -2.328310045E-10  6.175106400E-02
  1.597516858E-03  6.184229346E-02
  3.216139193E-03  6.202217925E-02
  4.889679859E-03  6.220818006E-02
  6.630389914E-03  6.234882663E-02
  8.428265124E-03  6.243453909E-02
  1.028437647E-02  6.244213743E-02
  1.219350577E-02  6.234753755E-02
  1.414454153E-02  6.212778451E-02
  1.611511470E-02  6.176817391E-02
  1.807329977E-02  6.128510911E-02
  1.999382211E-02  6.071054886E-02
  2.186255692E-02  6.007187434E-02
  2.367059799E-02  5.939255667E-02
  2.542615270E-02  5.868597412E-02
  2.712519990E-02  5.796680471E-02
  2.876452880E-02  5.724783669E-02
  3.034173834E-02  5.654044418E-02
  3.185691855E-02  5.585352692E-02
  3.331346087E-02  5.519365804E-02
  3.472147235E-02  5.455915412E-02
  3.609084528E-02  5.394601119E-02
  3.742797947E-02  5.335153188E-02
  3.873728450E-02  5.277353312E-02
  4.002195364E-02  5.221080307E-02
  4.128378969E-02  5.166233984E-02
  4.252339519E-02  5.112785471E-02
  4.374016760E-02  5.060754558E-02
  4.493049856E-02  5.010369845E-02
  4.608851271E-02  4.962031680E-02
  4.720988506E-02  4.916138401E-02
  4.829193152E-02  4.872950540E-02
  4.933254682E-02  4.832686407E-02
  5.033103503E-02  4.795457150E-02
  5.128759988E-02  4.761341335E-02
  5.220424735E-02  4.730300606E-02
  5.308566699E-02  4.702193917E-02
  5.393797587E-02  4.676742451E-02
  5.476686393E-02  4.653716656E-02
  5.557803713E-02  4.632916462E-02
  5.637700097E-02  4.614162564E-02
  5.716984425E-02  4.597295122E-02
  5.796358278E-02  4.582183798E-02
  5.876660459E-02  4.568690376E-02
  5.958961147E-02  4.556734210E-02
  6.045079268E-02  4.546184007E-02
  6.137355025E-02  4.536573418E-02
  6.235918707E-02  4.527111334E-02
  6.339301641E-02  4.517909925E-02
  6.446892947E-02  4.509056189E-02
  6.558313298E-02  4.500561691E-02
  6.673292235E-02  4.492456604E-02
  6.791620447E-02  4.484750362E-02
  6.913129867E-02  4.477443263E-02
  7.037677175E-02  4.470544769E-02
  7.165115211E-02  4.464035336E-02
  7.295362957E-02  4.457914989E-02
  7.428301711E-02  4.452173720E-02
  7.563850307E-02  4.446792037E-02
  7.701938902E-02  4.441768639E-02
  7.842477848E-02  4.437075026E-02
  7.985407591E-02  4.432719930E-02
  8.130668384E-02  4.428665069E-02
  8.278199971E-02  4.424899434E-02
  8.427960817E-02  4.421413567E-02
  8.579874502E-02  4.418196905E-02
  8.733927946E-02  4.415219802E-02
  8.890062146E-02  4.412481706E-02
  9.048237566E-02  4.409964399E-02
  9.208424455E-02  4.407655599E-02
  9.370600695E-02  4.405527356E-02
  9.534709185E-02  4.403588477E-02
  9.700738341E-02  4.401819819E-02
  9.868657615E-02  4.400210375E-02
  1.003845801E-01  4.398751059E-02
  1.021008884E-01  4.397421757E-02
  1.038354118E-01  4.396231876E-02
  1.055879344E-01  4.395162249E-02
  1.073581721E-01  4.394202242E-02
  1.091462102E-01  4.393353105E-02
  1.109516510E-01  4.392603458E-02
  1.127744049E-01  4.391953418E-02
  1.146141482E-01  4.391403542E-02
  1.164706066E-01  4.390933433E-02
  1.183437633E-01  4.390562887E-02
  1.202335264E-01  4.390263603E-02
  1.221398829E-01  4.390053496E-02
  1.240623457E-01  4.389923484E-02
  1.260010069E-01  4.389883623E-02
  1.279396682E-01  4.389923484E-02
  1.298622287E-01  4.390053496E-02
  1.317683886E-01  4.390262977E-02
  1.336583473E-01  4.390553454E-02
  1.355316977E-01  4.390932808E-02
  1.373884622E-01  4.391393483E-02
  1.392281201E-01  4.391943709E-02
  1.410506604E-01  4.392592797E-02
  1.428560039E-01  4.393342422E-02
  1.446438468E-01  4.394183100E-02
  1.464141754E-01  4.395142482E-02
  1.481666020E-01  4.396211759E-02
  1.499011250E-01  4.397401640E-02
  1.516174267E-01  4.398730317E-02
  1.533152360E-01  4.400190631E-02
  1.549944423E-01  4.401799100E-02
  1.566547204E-01  4.403568708E-02
  1.582957993E-01  4.405507239E-02
  1.599173734E-01  4.407625424E-02
  1.615191375E-01  4.409943681E-02
  1.631008857E-01  4.412461612E-02
  1.646622416E-01  4.415199409E-02
  1.662026653E-01  4.418166730E-02
  1.677218985E-01  4.421393197E-02
  1.692193193E-01  4.424879317E-02
  1.706947395E-01  4.428635520E-02
  1.721474382E-01  4.432690731E-02
  1.735769359E-01  4.437054909E-02
  1.749823263E-01  4.441738814E-02
  1.763632182E-01  4.446771295E-02
  1.777188081E-01  4.452143894E-02
  1.790482799E-01  4.457895222E-02
  1.803507499E-01  4.464015868E-02
  1.816251433E-01  4.470525278E-02
  1.828705270E-01  4.477424122E-02
  1.840856976E-01  4.484730894E-02
  1.852690001E-01  4.492437113E-02
  1.864187825E-01  4.500542825E-02
  1.875329921E-01  4.509046757E-02
  1.886091003E-01  4.517909925E-02
  1.896432281E-01  4.527111960E-02
  1.906288647E-01  4.536574647E-02
  1.915517188E-01  4.546185235E-02
  1.924129073E-01  4.556753977E-02
  1.932359142E-01  4.568711096E-02
  1.940390401E-01  4.582204794E-02
  1.948328657E-01  4.597326199E-02
  1.956258094E-01  4.614203399E-02
  1.964247832E-01  4.632967356E-02
  1.972360570E-01  4.653777259E-02
  1.980651432E-01  4.676803680E-02
  1.989174480E-01  4.702265181E-02
  1.997988809E-01  4.730381928E-02
  2.007155149E-01  4.761432716E-02
  2.016721771E-01  4.795558589E-02
  2.026706760E-01  4.832797555E-02
  2.037113852E-01  4.873081178E-02
  2.047932298E-01  4.916269664E-02
  2.059145959E-01  4.962173003E-02
  2.070725069E-01  5.010511421E-02
  2.082628446E-01  5.060915625E-02
  2.094795190E-01  5.112946887E-02
  2.107190181E-01  5.166395400E-02
  2.119807570E-01  5.221250829E-02
  2.132652220E-01  5.277523811E-02
  2.145744292E-01  5.335324314E-02
  2.159112724E-01  5.394781050E-02
  2.172805412E-01  5.456085911E-02
  2.186885325E-01  5.519526593E-02
  2.201451759E-01  5.585522588E-02
  2.216602679E-01  5.654195150E-02
  2.232373729E-01  5.724924366E-02
  2.248765132E-01  5.796811109E-02
  2.265755431E-01  5.868717367E-02
  2.283310958E-01  5.939365586E-02
  2.301388492E-01  6.007277214E-02
  2.320073799E-01  6.071125197E-02
  2.339276036E-01  6.128570888E-02
  2.358856913E-01  6.176877740E-02
  2.378562551E-01  6.212828719E-02
  2.398071933E-01  6.234773871E-02
  2.417163208E-01  6.244243545E-02
  2.435722427E-01  6.243473676E-02
  2.453699691E-01  6.234902176E-02
  2.471106007E-01  6.220837773E-02
  2.487839247E-01  6.202227357E-02
  2.504024562E-01  6.184229948E-02
  2.520000041E-01  6.175115832E-02
 -2.328310045E-10  6.394331619E-02
  1.612071637E-03  6.403885395E-02
  3.245076979E-03  6.422779969E-02
  4.932906073E-03  6.442362015E-02
  6.687817406E-03  6.457548402E-02
  8.499640879E-03  6.467476269E-02
  1.036949799E-02  6.469911064E-02
  1.229254119E-02  6.462506054E-02
  1.425782050E-02  6.443083190E-02
  1.624347109E-02  6.410193373E-02
  1.821767702E-02  6.365458198E-02
  2.015497195E-02  6.311970614E-02
  2.204120291E-02  6.252381808E-02
  2.386706972E-02  6.188912760E-02
  2.564059054E-02  6.122868228E-02
  2.735759245E-02  6.055627398E-02
  2.901437711E-02  5.988388072E-02
  3.060848997E-02  5.922230093E-02
  3.213946769E-02  5.858012953E-02
  3.361073695E-02  5.796341429E-02
  3.503221667E-02  5.737067265E-02
  3.641400372E-02  5.679800664E-02
  3.776240367E-02  5.624283103E-02
  3.908184922E-02  5.570318219E-02
  4.037548613E-02  5.517772926E-02
  4.164525285E-02  5.466566586E-02
  4.289182689E-02  5.416651394E-02
  4.411441207E-02  5.368058895E-02
  4.530952672E-02  5.320992026E-02
  4.647125055E-02  5.275834452E-02
  4.759532076E-02  5.232950601E-02
  4.867906302E-02  5.192592247E-02
  4.972037090E-02  5.154964445E-02
  5.071867353E-02  5.120180095E-02
  5.167433516E-02  5.088297977E-02
  5.258932929E-02  5.059305919E-02
  5.346828364E-02  5.033041522E-02
  5.431768687E-02  5.009280764E-02
  5.514313438E-02  4.987785546E-02
  5.595036575E-02  4.968371478E-02
  5.674494086E-02  4.950873144E-02
  5.753296480E-02  4.935145470E-02
  5.832138735E-02  4.921059055E-02
  5.911863486E-02  4.908493572E-02
  5.993526866E-02  4.897370871E-02
  6.078942946E-02  4.887561109E-02
  6.170435521E-02  4.878639577E-02
  6.268150730E-02  4.869852384E-02
  6.370640737E-02  4.861307214E-02
  6.477298481E-02  4.853066628E-02
  6.587745071E-02  4.845155730E-02
  6.701725461E-02  4.837601450E-02
  6.819026441E-02  4.830403788E-02
  6.939505585E-02  4.823580439E-02
  7.062993024E-02  4.817115451E-02
  7.189388037E-02  4.811008516E-02
  7.318575781E-02  4.805258199E-02
  7.450463003E-02  4.799852327E-02
  7.584969850E-02  4.794776516E-02
  7.722017345E-02  4.790025405E-02
  7.861546745E-02  4.785584172E-02
  8.003467558E-02  4.781447522E-02
  8.147756523E-02  4.777588901E-02
  8.294328985E-02  4.774000668E-02
  8.443145319E-02  4.770668470E-02
  8.594160069E-02  4.767584803E-02
  8.747329804E-02  4.764737493E-02
  8.902609544E-02  4.762099918E-02
  9.059961409E-02  4.759670706E-02
  9.219356384E-02  4.757431417E-02
  9.380755189E-02  4.755380615E-02
  9.544134358E-02  4.753497639E-02
  9.709454923E-02  4.751774850E-02
  9.876689302E-02  4.750210372E-02
  1.004582344E-01  4.748785660E-02
  1.021682114E-01  4.747489457E-02
  1.038966073E-01  4.746314712E-02
  1.056433206E-01  4.745268171E-02
  1.074079538E-01  4.744330089E-02
  1.091904065E-01  4.743493587E-02
  1.109906399E-01  4.742755554E-02
  1.128082210E-01  4.742117358E-02
  1.146429073E-01  4.741569247E-02
  1.164944976E-01  4.741109174E-02
  1.183628842E-01  4.740739252E-02
  1.202479055E-01  4.740440870E-02
  1.221494920E-01  4.740240822E-02
  1.240672139E-01  4.740110809E-02
  1.260012316E-01  4.740070881E-02
  1.279351211E-01  4.740110809E-02
  1.298530442E-01  4.740230763E-02
  1.317545450E-01  4.740439061E-02
  1.336397563E-01  4.740729194E-02
  1.355082632E-01  4.741099115E-02
  1.373601394E-01  4.741557380E-02
  1.391948158E-01  4.742105490E-02
  1.410121956E-01  4.742743686E-02
  1.428122527E-01  4.743473843E-02
  1.445945924E-01  4.744309973E-02
  1.463592282E-01  4.745246551E-02
  1.481058259E-01  4.746294596E-02
  1.498342266E-01  4.747469341E-02
  1.515441961E-01  4.748755791E-02
  1.532354420E-01  4.750190256E-02
  1.549077932E-01  4.751755039E-02
  1.565609181E-01  4.753477895E-02
  1.581946068E-01  4.755350508E-02
  1.598085775E-01  4.757411606E-02
  1.614024277E-01  4.759640836E-02
  1.629758621E-01  4.762070115E-02
  1.645287577E-01  4.764707386E-02
  1.660603381E-01  4.767562944E-02
  1.675705043E-01  4.770646917E-02
  1.690585573E-01  4.773978743E-02
  1.705244731E-01  4.777560840E-02
  1.719673789E-01  4.781419156E-02
  1.733867881E-01  4.785564055E-02
  1.747820647E-01  4.790005288E-02
  1.761525496E-01  4.794756466E-02
  1.774977285E-01  4.799834087E-02
  1.788166989E-01  4.805248140E-02
  1.801086497E-01  4.810998458E-02
  1.813725278E-01  4.817107201E-02
  1.826074122E-01  4.823572190E-02
  1.838121067E-01  4.830403788E-02
  1.849852148E-01  4.837601450E-02
  1.861251203E-01  4.845157539E-02
  1.872295875E-01  4.853070179E-02
  1.882963548E-01  4.861319081E-02
  1.893213631E-01  4.869876051E-02
  1.902986021E-01  4.878669379E-02
  1.912136090E-01  4.887594529E-02
  1.920677872E-01  4.897412846E-02
  1.928846010E-01  4.908545300E-02
  1.936818734E-01  4.921112592E-02
  1.944703740E-01  4.935209065E-02
  1.952584082E-01  4.950946797E-02
  1.960530907E-01  4.968453380E-02
  1.968603995E-01  4.987879249E-02
  1.976858695E-01  5.009382411E-02
  1.985353491E-01  5.033155036E-02
  1.994144027E-01  5.059429797E-02
  2.003294029E-01  5.088431540E-02
  2.012849647E-01  5.120323784E-02
  2.022832867E-01  5.155117886E-02
  2.033246710E-01  5.192755986E-02
  2.044082356E-01  5.233124092E-02
  2.055321841E-01  5.276007944E-02
  2.066938128E-01  5.321165517E-02
  2.078889261E-01  5.368250694E-02
  2.091114134E-01  5.416844935E-02
  2.103577862E-01  5.466758385E-02
  2.116274486E-01  5.517964725E-02
  2.129209645E-01  5.570518267E-02
  2.142402920E-01  5.624484960E-02
  2.155884077E-01  5.679992462E-02
  2.169700041E-01  5.737257255E-02
  2.183914044E-01  5.796513110E-02
  2.198627500E-01  5.858192885E-02
  2.213936111E-01  5.922391717E-02
  2.229876387E-01  5.988538201E-02
  2.246443197E-01  6.055757411E-02
  2.263612137E-01  6.122988182E-02
  2.281347088E-01  6.189032714E-02
  2.299602945E-01  6.252471826E-02
  2.318462332E-01  6.312050335E-02
  2.337832210E-01  6.365519678E-02
  2.357573418E-01  6.410253112E-02
  2.377429796E-01  6.443133109E-02
  2.397081519E-01  6.462526036E-02
  2.416311202E-01  6.469933057E-02
  2.435008765E-01  6.467496386E-02
  2.453125641E-01  6.457568518E-02
  2.470672962E-01  6.442372446E-02
  2.487550487E-01  6.422792142E-02
  2.503878412E-01  6.403895692E-02
  2.520000041E-01  6.394331619E-02
 -2.328310045E-10  6.604757108E-02
  1.624836628E-03  6.614637163E-02
  3.270406006E-03  6.634186655E-02
  4.970586798E-03  6.654480813E-02
  6.737546672E-03  6.670557862E-02
  8.560919927E-03  6.681596589E-02
  1.044193091E-02  6.685484282E-02
  1.237580425E-02  6.679970982E-02
  1.435224639E-02  6.662955076E-02
  1.634966744E-02  6.633059890E-02
  1.833642000E-02  6.591861891E-02
  2.028706672E-02  6.542341587E-02
  2.218724517E-02  6.487044997E-02
  2.402757172E-02  6.428105463E-02
  2.581584586E-02  6.366750409E-02
  2.754761852E-02  6.304262669E-02
  2.921897561E-02  6.241775243E-02
  3.082710295E-02  6.180301450E-02
  3.237148206E-02  6.120646581E-02
  3.385511268E-02  6.063369156E-02
  3.528816445E-02  6.008349219E-02
  3.668057037E-02  5.955208183E-02
  3.803869559E-02  5.903685907E-02
  3.936697459E-02  5.853614102E-02
  4.066867678E-02  5.804842955E-02
  4.194552837E-02  5.757302489E-02
  4.319831556E-02  5.710960941E-02
  4.442634370E-02  5.665821487E-02
  4.562598947E-02  5.622069098E-02
  4.679139198E-02  5.580084263E-02
  4.791822755E-02  5.540195260E-02
  4.900390220E-02  5.502650781E-02
  5.004641232E-02  5.467640188E-02
  5.104507343E-02  5.435280516E-02
  5.200047569E-02  5.405615230E-02
  5.291452547E-02  5.378644274E-02
  5.379204683E-02  5.354228851E-02
  5.463942021E-02  5.332139422E-02
  5.546246549E-02  5.312177156E-02
  5.626687549E-02  5.294164082E-02
  5.705815248E-02  5.277942874E-02
  5.784241691E-02  5.263372501E-02
  5.862681586E-02  5.250352437E-02
  5.941959945E-02  5.238756162E-02
  6.023126930E-02  5.228523442E-02
  6.107996050E-02  5.219526108E-02
  6.198863220E-02  5.211383807E-02
  6.295904611E-02  5.203361833E-02
  6.397672139E-02  5.195558122E-02
  6.503570270E-02  5.188032906E-02
  6.613231416E-02  5.180806047E-02
  6.726393472E-02  5.173904486E-02
  6.842870057E-02  5.167329808E-02
  6.962480552E-02  5.161074879E-02
  7.085106964E-02  5.155153973E-02
  7.210622436E-02  5.149551225E-02
  7.338927524E-02  5.144264030E-02
  7.469932702E-02  5.139284937E-02
  7.603558132E-02  5.134611338E-02
  7.739742052E-02  5.130225979E-02
  7.878398389E-02  5.126117644E-02
  8.019465614E-02  5.122275904E-02
  8.162912556E-02  5.118692915E-02
  8.308661021E-02  5.115347934E-02
  8.456670894E-02  5.112240057E-02
  8.606892255E-02  5.109360757E-02
  8.759303970E-02  5.106688074E-02
  8.913837021E-02  5.104213910E-02
  9.070463764E-02  5.101928088E-02
  9.229159768E-02  5.099820670E-02
  9.389887467E-02  5.097881595E-02
  9.552609018E-02  5.096094433E-02
  9.717291720E-02  5.094462128E-02
  9.883924355E-02  5.092970206E-02
  1.005246975E-01  5.091607984E-02
  1.022289708E-01  5.090374441E-02
  1.039519463E-01  5.089260598E-02
  1.056933542E-01  5.088255435E-02
  1.074528554E-01  5.087350051E-02
  1.092304758E-01  5.086553408E-02
  1.110259172E-01  5.085846484E-02
  1.128388549E-01  5.085227869E-02
  1.146689222E-01  5.084701250E-02
  1.165161549E-01  5.084252823E-02
  1.183801287E-01  5.083894176E-02
  1.202608973E-01  5.083614406E-02
  1.221581779E-01  5.083407476E-02
  1.240717451E-01  5.083287522E-02
  1.260015211E-01  5.083247602E-02
  1.279311000E-01  5.083285934E-02
  1.298447653E-01  5.083405888E-02
  1.317420369E-01  5.083605936E-02
  1.336229023E-01  5.083884431E-02
  1.354870783E-01  5.084242765E-02
  1.373345479E-01  5.084681134E-02
  1.391646764E-01  5.085209654E-02
  1.409774130E-01  5.085826426E-02
  1.427726532E-01  5.086531703E-02
  1.445500888E-01  5.087328406E-02
  1.463096831E-01  5.088233730E-02
  1.480509968E-01  5.089238952E-02
  1.497738754E-01  5.090354383E-02
  1.514782303E-01  5.091586593E-02
  1.531635862E-01  5.092940031E-02
  1.548298373E-01  5.094432326E-02
  1.564766416E-01  5.096064318E-02
  1.581038367E-01  5.097851734E-02
  1.597109278E-01  5.099790554E-02
  1.612978114E-01  5.101897972E-02
  1.628640726E-01  5.104183735E-02
  1.644095010E-01  5.106657957E-02
  1.659335112E-01  5.109330582E-02
  1.674357413E-01  5.112220254E-02
  1.689158235E-01  5.115328131E-02
  1.703734215E-01  5.118664328E-02
  1.718079940E-01  5.122257689E-02
  1.732188612E-01  5.126097528E-02
  1.746054081E-01  5.130207450E-02
  1.759672638E-01  5.134592810E-02
  1.773037129E-01  5.139276466E-02
  1.786137722E-01  5.144255560E-02
  1.798968282E-01  5.149542754E-02
  1.811519930E-01  5.155153973E-02
  1.823782481E-01  5.161084879E-02
  1.835744335E-01  5.167341141E-02
  1.847392095E-01  5.173917719E-02
  1.858709167E-01  5.180827751E-02
  1.869675662E-01  5.188064355E-02
  1.880266240E-01  5.195591413E-02
  1.890445068E-01  5.203403340E-02
  1.900149316E-01  5.211435686E-02
  1.909236861E-01  5.219587673E-02
  1.917723747E-01  5.228595065E-02
  1.925842293E-01  5.238837844E-02
  1.933770134E-01  5.250434119E-02
  1.941614240E-01  5.263473926E-02
  1.949458799E-01  5.278044613E-02
  1.957371677E-01  5.294277154E-02
  1.965415638E-01  5.312300286E-02
  1.973646225E-01  5.332272552E-02
  1.982119989E-01  5.354372039E-02
  1.990896107E-01  5.378797207E-02
  2.000036769E-01  5.405778535E-02
  2.009589755E-01  5.435453565E-02
  2.019576239E-01  5.467821707E-02
  2.030001302E-01  5.502843947E-02
  2.040856006E-01  5.540396896E-02
  2.052124240E-01  5.580285899E-02
  2.063776375E-01  5.622272263E-02
  2.075772907E-01  5.666032868E-02
  2.088052146E-01  5.711172635E-02
  2.100578038E-01  5.757522654E-02
  2.113346394E-01  5.805063120E-02
  2.126361405E-01  5.853825737E-02
  2.139642157E-01  5.903905699E-02
  2.153220487E-01  5.955417976E-02
  2.167142514E-01  6.008550855E-02
  2.181472089E-01  6.063559145E-02
  2.196309401E-01  6.120836571E-02
  2.211752006E-01  6.180471323E-02
  2.227832270E-01  6.241933471E-02
  2.244543944E-01  6.304401094E-02
  2.261859687E-01  6.366870363E-02
  2.279742279E-01  6.428225417E-02
  2.298142506E-01  6.487143306E-02
  2.317142167E-01  6.542413151E-02
  2.336644601E-01  6.591922241E-02
  2.356511313E-01  6.633120240E-02
  2.376485424E-01  6.663004995E-02
  2.396248104E-01  6.679992628E-02
  2.415587535E-01  6.685514202E-02
  2.434396383E-01  6.681625489E-02
  2.452628117E-01  6.670569822E-02
  2.470296047E-01  6.654491126E-02
  2.487296411E-01  6.634197086E-02
  2.503751079E-01  6.614645947E-02
  2.520000041E-01  6.604757108E-02
 -2.328310045E-10  6.804400064E-02
  1.636195760E-03  6.814468574E-02
  3.292883354E-03  6.834406395E-02
  5.003813813E-03  6.855124174E-02
  6.780958075E-03  6.871800922E-02
  8.613728211E-03  6.883685389E-02
  1.050340395E-02  6.888778349E-02
  1.244555403E-02  6.884946760E-02
  1.443020194E-02  6.870172481E-02
  1.643625071E-02  6.843143631E-02
  1.843239230E-02  6.805370303E-02
  2.039332697E-02  6.759764412E-02
  2.230435842E-02  6.708745623E-02
  2.415598770E-02  6.654325334E-02
  2.595601558E-02  6.597653884E-02
  2.769973889E-02  6.539942470E-02
  2.938286411E-02  6.482239889E-02
  3.100259046E-02  6.425468476E-02
  3.255792065E-02  6.370398012E-02
  3.405195296E-02  6.317548161E-02
  3.549459226E-02  6.266809272E-02
  3.689593776E-02  6.217801865E-02
  3.826228408E-02  6.170304551E-02
  3.959813624E-02  6.124128438E-02
  4.090668941E-02  6.079143273E-02
  4.218985078E-02  6.035278655E-02
  4.344811468E-02  5.992474846E-02
  4.468108251E-02  5.950771836E-02
  4.588485634E-02  5.910319877E-02
  4.705373273E-02  5.871478695E-02
  4.818341152E-02  5.834558732E-02
  4.927110107E-02  5.799800267E-02
  5.031488923E-02  5.767363108E-02
  5.131438601E-02  5.737387206E-02
  5.226988451E-02  5.709912305E-02
  5.318358395E-02  5.684939135E-02
  5.406029111E-02  5.662346886E-02
  5.490639744E-02  5.641916014E-02
  5.572780750E-02  5.623475660E-02
  5.653012159E-02  5.606856326E-02
  5.731903334E-02  5.591917572E-02
  5.810055392E-02  5.578519943E-02
  5.888186966E-02  5.566582734E-02
  5.967119091E-02  5.555985745E-02
  6.047911495E-02  5.546679675E-02
  6.132344123E-02  5.538543831E-02
  6.222727263E-02  5.531237977E-02
  6.319230553E-02  5.524032574E-02
  6.420424215E-02  5.517046848E-02
  6.525727869E-02  5.510301389E-02
  6.634752450E-02  5.503836561E-02
  6.747256704E-02  5.497651375E-02
  6.863050388E-02  5.491756628E-02
  6.981984618E-02  5.486152443E-02
  7.103899314E-02  5.480838203E-02
  7.228694394E-02  5.475814405E-02
  7.356278981E-02  5.471060559E-02
  7.486562922E-02  5.466577160E-02
  7.619457654E-02  5.462363961E-02
  7.754912290E-02  5.458391151E-02
  7.892856909E-02  5.454678369E-02
  8.033211791E-02  5.451195681E-02
  8.175955957E-02  5.447943453E-02
  8.321010541E-02  5.444901568E-02
  8.468344884E-02  5.442069543E-02
  8.617899501E-02  5.439427865E-02
  8.769653414E-02  5.436976546E-02
  8.923557322E-02  5.434704917E-02
  9.079561664E-02  5.432603644E-02
  9.237665231E-02  5.430662681E-02
  9.397808757E-02  5.428871599E-02
  9.559972757E-02  5.427210515E-02
  9.724116259E-02  5.425699692E-02
  9.890219155E-02  5.424309065E-02
  1.005825249E-01  5.423048450E-02
  1.022819590E-01  5.421887910E-02
  1.040001898E-01  5.420847330E-02
  1.057370172E-01  5.419906961E-02
  1.074921484E-01  5.419056486E-02
  1.092654739E-01  5.418306226E-02
  1.110567030E-01  5.417645742E-02
  1.128656251E-01  5.417055419E-02
  1.146917515E-01  5.416565301E-02
  1.165350790E-01  5.416145219E-02
  1.183953043E-01  5.415795042E-02
  1.202722277E-01  5.415534779E-02
  1.221658540E-01  5.415344790E-02
  1.240756780E-01  5.415224835E-02
  1.260016995E-01  5.415184970E-02
  1.279276241E-01  5.415224714E-02
  1.298375451E-01  5.415334731E-02
  1.317311628E-01  5.415524842E-02
  1.336081978E-01  5.415784983E-02
  1.354686171E-01  5.416125223E-02
  1.373122436E-01  5.416545185E-02
  1.391383763E-01  5.417045361E-02
  1.409470899E-01  5.417616061E-02
  1.427381179E-01  5.418285989E-02
  1.445113538E-01  5.419036253E-02
  1.462664849E-01  5.419876786E-02
  1.480032019E-01  5.420817160E-02
  1.497213359E-01  5.421857861E-02
  1.514207699E-01  5.423018275E-02
  1.531011021E-01  5.424278890E-02
  1.547621384E-01  5.425669889E-02
  1.564033734E-01  5.427180713E-02
  1.580250124E-01  5.428831487E-02
  1.596263433E-01  5.430622573E-02
  1.612072906E-01  5.432573842E-02
  1.627674223E-01  5.434675110E-02
  1.643065584E-01  5.436956314E-02
  1.658239110E-01  5.439407996E-02
  1.673195542E-01  5.442039857E-02
  1.687927859E-01  5.444881451E-02
  1.702435329E-01  5.447923703E-02
  1.716709757E-01  5.451176053E-02
  1.730748287E-01  5.454668190E-02
  1.744542737E-01  5.458381092E-02
  1.758088213E-01  5.462353903E-02
  1.771378593E-01  5.466577160E-02
  1.784407136E-01  5.471060559E-02
  1.797166551E-01  5.475814405E-02
  1.809645997E-01  5.480848141E-02
  1.821838412E-01  5.486172435E-02
  1.833730878E-01  5.491776744E-02
  1.845310406E-01  5.497681550E-02
  1.856562670E-01  5.503876305E-02
  1.867466110E-01  5.510351560E-02
  1.877995519E-01  5.517096767E-02
  1.888117928E-01  5.524102373E-02
  1.897768267E-01  5.531307895E-02
  1.906807612E-01  5.538633741E-02
  1.915250876E-01  5.546769339E-02
  1.923330091E-01  5.556095772E-02
  1.931224335E-01  5.566692393E-02
  1.939037503E-01  5.578649713E-02
  1.946854672E-01  5.592047343E-02
  1.954743803E-01  5.606996276E-02
  1.962767887E-01  5.623635238E-02
  1.970981080E-01  5.642085645E-02
  1.979442033E-01  5.662516638E-02
  1.988209178E-01  5.685118946E-02
  1.997346148E-01  5.710102173E-02
  2.006902078E-01  5.737587133E-02
  2.016896077E-01  5.767572973E-02
  2.027333958E-01  5.800010006E-02
  2.038208842E-01  5.834778776E-02
  2.049503593E-01  5.871698370E-02
  2.061191388E-01  5.910549606E-02
  2.073228134E-01  5.951001571E-02
  2.085556879E-01  5.992704580E-02
  2.098138463E-01  6.035498452E-02
  2.110968114E-01  6.079373006E-02
  2.124050603E-01  6.124348598E-02
  2.137407224E-01  6.170524711E-02
  2.151067634E-01  6.218021541E-02
  2.165080109E-01  6.267009809E-02
  2.179505459E-01  6.317738151E-02
  2.194445757E-01  6.370588002E-02
  2.209998132E-01  6.425638349E-02
  2.226193322E-01  6.482390381E-02
  2.243023588E-01  6.540082415E-02
  2.260457797E-01  6.597774575E-02
  2.278458101E-01  6.654445288E-02
  2.296971339E-01  6.708835776E-02
  2.316078710E-01  6.759844133E-02
  2.335684126E-01  6.805430653E-02
  2.355644547E-01  6.843203244E-02
  2.375705006E-01  6.870231969E-02
  2.395550464E-01  6.884977298E-02
  2.414971971E-01  6.888808161E-02
  2.433867443E-01  6.883715810E-02
  2.452193791E-01  6.871821039E-02
  2.469964106E-01  6.855144165E-02
  2.487071432E-01  6.834416826E-02
  2.503637806E-01  6.814478880E-02
  2.520000041E-01  6.804400064E-02
 -2.328310045E-10  6.992056689E-02
  1.646618136E-03  7.002160176E-02
  3.313393031E-03  7.022160027E-02
  5.033804709E-03  7.043000046E-02
  6.819486540E-03  7.059943130E-02
  8.659611868E-03  7.072366648E-02
  1.055559117E-02  7.078386566E-02
  1.250332358E-02  7.075989221E-02
  1.449335635E-02  7.063266004E-02
  1.650535464E-02  7.038931677E-02
  1.850792130E-02  7.004481586E-02
  2.047608598E-02  6.962710704E-02
  2.239515249E-02  6.915909865E-02
  2.425528354E-02  6.865969058E-02
  2.606434825E-02  6.813964899E-02
  2.781728079E-02  6.761004070E-02
  2.950967929E-02  6.708059630E-02
  3.113844483E-02  6.655995609E-02
  3.270260958E-02  6.605501700E-02
  3.420494078E-02  6.557084042E-02
  3.565543835E-02  6.510613504E-02
  3.706403767E-02  6.465745853E-02
  3.843717110E-02  6.422262045E-02
  3.977936854E-02  6.379977807E-02
  4.109373563E-02  6.338767094E-02
  4.238210153E-02  6.298549563E-02
  4.364520014E-02  6.259289208E-02
  4.488230128E-02  6.220991861E-02
  4.608976532E-02  6.183811255E-02
  4.726183298E-02  6.148087271E-02
  4.839403021E-02  6.114090240E-02
  4.948379893E-02  6.082069631E-02
  5.052913130E-02  6.052182659E-02
  5.152959754E-02  6.024555360E-02
  5.248556279E-02  5.999235165E-02
  5.339926474E-02  5.976231388E-02
  5.427559834E-02  5.955434506E-02
  5.512099718E-02  5.936650924E-02
  5.594129759E-02  5.919713868E-02
  5.674223024E-02  5.904480408E-02
  5.752946385E-02  5.890809976E-02
  5.830903084E-02  5.878599876E-02
  5.908813219E-02  5.867746294E-02
  5.987490026E-02  5.858169507E-02
  6.067986646E-02  5.849802454E-02
  6.152086618E-02  5.842569144E-02
  6.242096647E-02  5.836125719E-02
  6.338193311E-02  5.829798778E-02
  6.438946593E-02  5.823658595E-02
  6.543773606E-02  5.817741817E-02
  6.652307042E-02  5.812075006E-02
  6.764300278E-02  5.806654691E-02
  6.879564080E-02  5.801494783E-02
  6.997943712E-02  5.796581122E-02
  7.119300602E-02  5.791917685E-02
  7.243527456E-02  5.787504340E-02
  7.370537849E-02  5.783327689E-02
  7.500237405E-02  5.779384245E-02
  7.632558075E-02  5.775670659E-02
  7.767427589E-02  5.772164082E-02
  7.904784601E-02  5.768877306E-02
  8.044564545E-02  5.765790578E-02
  8.186734883E-02  5.762897204E-02
  8.331231786E-02  5.760186994E-02
  8.478008318E-02  5.757663798E-02
  8.627022008E-02  5.755303525E-02
  8.778248515E-02  5.753103573E-02
  8.931628740E-02  5.751063436E-02
  9.087128654E-02  5.749170080E-02
  9.244738813E-02  5.747410093E-02
  9.404402105E-02  5.745793409E-02
  9.566098656E-02  5.744290101E-02
  9.729795687E-02  5.742913333E-02
  9.895465627E-02  5.741653290E-02
  1.006307918E-01  5.740493341E-02
  1.023261622E-01  5.739439932E-02
  1.040404942E-01  5.738489966E-02
  1.057735247E-01  5.737623200E-02
  1.075249259E-01  5.736839884E-02
  1.092946306E-01  5.736146595E-02
  1.110823956E-01  5.735536508E-02
  1.128879325E-01  5.735003159E-02
  1.147107624E-01  5.734546432E-02
  1.165508650E-01  5.734149808E-02
  1.184078955E-01  5.733836507E-02
  1.202817667E-01  5.733589887E-02
  1.221721981E-01  5.733416658E-02
  1.240789661E-01  5.733306390E-02
  1.260018647E-01  5.733266529E-02
  1.279246663E-01  5.733303034E-02
  1.298315386E-01  5.733406600E-02
  1.317219700E-01  5.733579829E-02
  1.335959704E-01  5.733823093E-02
  1.354532367E-01  5.734139997E-02
  1.372935704E-01  5.734526688E-02
  1.391164648E-01  5.734983290E-02
  1.409217361E-01  5.735516515E-02
  1.427094091E-01  5.736126603E-02
  1.444789673E-01  5.736819767E-02
  1.462304057E-01  5.737593149E-02
  1.479633419E-01  5.738459915E-02
  1.496775721E-01  5.739410006E-02
  1.513729425E-01  5.740463414E-02
  1.530490407E-01  5.741616661E-02
  1.547056780E-01  5.742883283E-02
  1.563425067E-01  5.744259926E-02
  1.579594822E-01  5.745753300E-02
  1.595560481E-01  5.747380167E-02
  1.611320454E-01  5.749140153E-02
  1.626871165E-01  5.751033633E-02
  1.642210181E-01  5.753080100E-02
  1.657331491E-01  5.755273598E-02
  1.672232861E-01  5.757633623E-02
  1.686910811E-01  5.760167001E-02
  1.701361470E-01  5.762877087E-02
  1.715579522E-01  5.765773817E-02
  1.729559503E-01  5.768863892E-02
  1.743295502E-01  5.772154024E-02
  1.756783248E-01  5.775660601E-02
  1.770016533E-01  5.779384245E-02
  1.782987208E-01  5.783334392E-02
  1.795688223E-01  5.787514274E-02
  1.808110933E-01  5.791934446E-02
  1.820247242E-01  5.796607941E-02
  1.832084982E-01  5.801524585E-02
  1.843611934E-01  5.806701627E-02
  1.854811655E-01  5.812121569E-02
  1.865665570E-01  5.817805141E-02
  1.876149289E-01  5.823728631E-02
  1.886226654E-01  5.829875516E-02
  1.895836320E-01  5.836215499E-02
  1.904837721E-01  5.842665751E-02
  1.913247693E-01  5.849912723E-02
  1.921299044E-01  5.858292932E-02
  1.929166663E-01  5.867872951E-02
  1.936957688E-01  5.878743046E-02
  1.944754377E-01  5.890966684E-02
  1.952626713E-01  5.904640223E-02
  1.960636039E-01  5.919890568E-02
  1.968839031E-01  5.936830856E-02
  1.977292660E-01  5.955624496E-02
  1.986056033E-01  5.976428080E-02
  1.995193375E-01  5.999441667E-02
  2.004752668E-01  6.024768813E-02
  2.014756361E-01  6.052402575E-02
  2.025209673E-01  6.082296498E-02
  2.036105049E-01  6.114320090E-02
  2.047425408E-01  6.148314139E-02
  2.059144024E-01  6.184048057E-02
  2.071218676E-01  6.221228414E-02
  2.083587626E-01  6.259525761E-02
  2.096217644E-01  6.298779786E-02
  2.109099291E-01  6.338993837E-02
  2.122239324E-01  6.380197847E-02
  2.135659250E-01  6.422481837E-02
  2.149387876E-01  6.465962414E-02
  2.163472640E-01  6.510813179E-02
  2.177975580E-01  6.557267578E-02
  2.192999215E-01  6.605681259E-02
  2.208639260E-01  6.656159027E-02
  2.224925519E-01  6.708210131E-02
  2.241848255E-01  6.761134207E-02
  2.259375830E-01  6.814078398E-02
  2.277464534E-01  6.866079078E-02
  2.296063504E-01  6.915993562E-02
  2.315250176E-01  6.962784219E-02
  2.334928142E-01  7.004541190E-02
  2.354954398E-01  7.038992027E-02
  2.375073441E-01  7.063315922E-02
  2.394973138E-01  7.076019768E-02
  2.414450437E-01  7.078419600E-02
  2.433409026E-01  7.072396450E-02
  2.451808073E-01  7.059963247E-02
  2.469663722E-01  7.043009732E-02
  2.486866352E-01  7.022169713E-02
  2.503533779E-01  7.002169862E-02
  2.520000041E-01  6.992056689E-02
 -2.328310045E-10  7.166220205E-02
  1.656566926E-03  7.176221237E-02
  3.332832626E-03  7.195992935E-02
  5.061828285E-03  7.216648578E-02
  6.854688473E-03  7.233576110E-02
  8.700394457E-03  7.246262012E-02
  1.060062670E-02  7.252937219E-02
  1.255175857E-02  7.251736685E-02
  1.454490973E-02  7.240844751E-02
  1.656036123E-02  7.219029272E-02
  1.856722783E-02  7.187742785E-02
  2.054031168E-02  7.149661562E-02
  2.246507210E-02  7.106956635E-02
  2.433152946E-02  7.061378226E-02
  2.614734393E-02  7.013935401E-02
  2.790731614E-02  6.965625596E-02
  2.960692874E-02  6.917337635E-02
  3.124282052E-02  6.869872181E-02
  3.281391165E-02  6.823861178E-02
  3.432294591E-02  6.779770869E-02
  3.577964423E-02  6.737489258E-02
  3.719421760E-02  6.696680342E-02
  3.857285519E-02  6.657126201E-02
  3.992025461E-02  6.618656504E-02
  4.123933428E-02  6.581139308E-02
  4.253213924E-02  6.544498322E-02
  4.379922098E-02  6.508700312E-02
  4.503994458E-02  6.473734535E-02
  4.625073385E-02  6.439741375E-02
  4.742547932E-02  6.407045422E-02
  4.856007118E-02  6.375906270E-02
  4.965168256E-02  6.346549940E-02
  5.069847718E-02  6.319140362E-02
  5.169993037E-02  6.293793750E-02
  5.265652865E-02  6.270562049E-02
  5.357048636E-02  6.249467091E-02
  5.444668581E-02  6.230418869E-02
  5.529174766E-02  6.213231591E-02
  5.611128747E-02  6.197766748E-02
  5.691129323E-02  6.183876453E-02
  5.769737750E-02  6.171452610E-02
  5.847552227E-02  6.160395225E-02
  5.925294653E-02  6.150610075E-02
  6.003773479E-02  6.142041638E-02
  6.084058464E-02  6.134609097E-02
  6.167901164E-02  6.128268931E-02
  6.257618404E-02  6.122696839E-02
  6.353391686E-02  6.117234571E-02
  6.453794759E-02  6.111958850E-02
  6.558252495E-02  6.106872674E-02
  6.666408319E-02  6.102010962E-02
  6.777993788E-02  6.097363283E-02
  6.892837616E-02  6.092931954E-02
  7.010786683E-02  6.088714514E-02
  7.131707043E-02  6.084713422E-02
  7.255478519E-02  6.080908492E-02
  7.382034336E-02  6.077315952E-02
  7.511274013E-02  6.073917400E-02
  7.643121757E-02  6.070704879E-02
  7.777528106E-02  6.067668846E-02
  7.914423838E-02  6.064816671E-02
  8.053743551E-02  6.062130783E-02
  8.195451249E-02  6.059610953E-02
  8.339499319E-02  6.057245480E-02
  8.485831010E-02  6.055027891E-02
  8.634408432E-02  6.052956544E-02
  8.785202513E-02  6.051013266E-02
  8.938163875E-02  6.049214286E-02
  9.093265788E-02  6.047535333E-02
  9.250471018E-02  6.045972374E-02
  9.409748780E-02  6.044535312E-02
  9.571074182E-02  6.043198762E-02
  9.734411766E-02  6.041967919E-02
  9.899723026E-02  6.040835271E-02
  1.006699468E-01  6.039792775E-02
  1.023619790E-01  6.038848246E-02
  1.040731072E-01  6.037981865E-02
  1.058030404E-01  6.037203321E-02
  1.075515125E-01  6.036503000E-02
  1.093182831E-01  6.035874585E-02
  1.111032555E-01  6.035320433E-02
  1.129060461E-01  6.034838260E-02
  1.147262412E-01  6.034413820E-02
  1.165636712E-01  6.034067830E-02
  1.184181613E-01  6.033773475E-02
  1.202894726E-01  6.033555555E-02
  1.221774026E-01  6.033389496E-02
  1.240816083E-01  6.033291302E-02
  1.260020190E-01  6.033259484E-02
  1.279223238E-01  6.033289358E-02
  1.298266399E-01  6.033387553E-02
  1.317145698E-01  6.033545496E-02
  1.335859841E-01  6.033763717E-02
  1.354406849E-01  6.034049730E-02
  1.372783846E-01  6.034403762E-02
  1.390986705E-01  6.034818143E-02
  1.409012688E-01  6.035300316E-02
  1.426860573E-01  6.035852524E-02
  1.444527237E-01  6.036475069E-02
  1.462011957E-01  6.037173219E-02
  1.479310509E-01  6.037959805E-02
  1.496421557E-01  6.038818143E-02
  1.513341986E-01  6.039762672E-02
  1.530069031E-01  6.040797354E-02
  1.546600216E-01  6.041929930E-02
  1.562931977E-01  6.043158528E-02
  1.579063736E-01  6.044497396E-02
  1.594991498E-01  6.045942271E-02
  1.610711788E-01  6.047505158E-02
  1.626222011E-01  6.049184184E-02
  1.641518363E-01  6.050991578E-02
  1.656596682E-01  6.052926741E-02
  1.671454657E-01  6.055000032E-02
  1.686087654E-01  6.057217320E-02
  1.700493475E-01  6.059591209E-02
  1.714666070E-01  6.062120725E-02
  1.728600052E-01  6.064806613E-02
  1.742289752E-01  6.067668846E-02
  1.755730603E-01  6.070696764E-02
  1.768918202E-01  6.073919272E-02
  1.781842185E-01  6.077325710E-02
  1.794497893E-01  6.080928609E-02
  1.806875695E-01  6.084735483E-02
  1.818967717E-01  6.088746632E-02
  1.830761796E-01  6.092971743E-02
  1.842247066E-01  6.097413202E-02
  1.853405568E-01  6.102071011E-02
  1.864221136E-01  6.106942709E-02
  1.874668033E-01  6.112030457E-02
  1.884711052E-01  6.117326595E-02
  1.894288568E-01  6.122796677E-02
  1.903260456E-01  6.128380771E-02
  1.911645388E-01  6.134731067E-02
  1.919674036E-01  6.142173295E-02
  1.927522909E-01  6.150750002E-02
  1.935296131E-01  6.160547154E-02
  1.943078645E-01  6.171612497E-02
  1.950939495E-01  6.184046327E-02
  1.958939545E-01  6.197946752E-02
  1.967135748E-01  6.213421581E-02
  1.975584533E-01  6.230616973E-02
  1.984346738E-01  6.249676897E-02
  1.993486893E-01  6.270773727E-02
  2.003052058E-01  6.294005728E-02
  2.013065472E-01  6.319360298E-02
  2.023533208E-01  6.346771747E-02
  2.034446642E-01  6.376136493E-02
  2.045790526E-01  6.407275501E-02
  2.057537659E-01  6.439979412E-02
  2.069643698E-01  6.473964758E-02
  2.082049003E-01  6.508929934E-02
  2.094718583E-01  6.544726529E-02
  2.107643847E-01  6.581359101E-02
  2.120831649E-01  6.618866467E-02
  2.134303294E-01  6.657336307E-02
  2.148086757E-01  6.696888578E-02
  2.162230524E-01  6.737679248E-02
  2.176796524E-01  6.779949157E-02
  2.191886100E-01  6.824029035E-02
  2.207594753E-01  6.870020066E-02
  2.223952874E-01  6.917477706E-02
  2.240947618E-01  6.965743534E-02
  2.258545410E-01  7.014035239E-02
  2.276702493E-01  7.061484608E-02
  2.295364119E-01  7.107034485E-02
  2.314608104E-01  7.149731597E-02
  2.334335768E-01  7.187803135E-02
  2.354404262E-01  7.219087605E-02
  2.374558130E-01  7.240894670E-02
  2.394489223E-01  7.251764616E-02
  2.414000776E-01  7.252975580E-02
  2.433001558E-01  7.246291958E-02
  2.451456353E-01  7.233596226E-02
  2.469383071E-01  7.216666679E-02
  2.486671943E-01  7.196002765E-02
  2.503434595E-01  7.176230923E-02
  2.520000041E-01  7.166228019E-02
 -2.328310045E-10  7.326629232E-02
  1.666617846E-03  7.336377741E-02
  3.352235360E-03  7.355627168E-02
  5.089129069E-03  7.375799960E-02
  6.887838814E-03  7.392401022E-02
  8.737304784E-03  7.405047886E-02
  1.063966080E-02  7.412112444E-02
  1.259198951E-02  7.411864230E-02
  1.458630411E-02  7.402588055E-02
  1.660309039E-02  7.383106219E-02
  1.861211994E-02  7.354821755E-02
  2.058819224E-02  7.320292375E-02
  2.251660836E-02  7.281549999E-02
  2.438735324E-02  7.240207614E-02
  2.620792672E-02  7.197191500E-02
  2.797307099E-02  7.153410689E-02
  2.967801538E-02  7.109665755E-02
  3.131927632E-02  7.066676696E-02
  3.289567670E-02  7.025031563E-02
  3.440972310E-02  6.985169289E-02
  3.587126739E-02  6.946963846E-02
  3.729044110E-02  6.910107219E-02
  3.867345708E-02  6.874383334E-02
  4.002490209E-02  6.839634146E-02
  4.134788954E-02  6.805718520E-02
  4.264421928E-02  6.772571628E-02
  4.391463472E-02  6.740143233E-02
  4.515833649E-02  6.708423543E-02
  4.637176689E-02  6.677540481E-02
  4.754893791E-02  6.647789403E-02
  4.868559680E-02  6.619423411E-02
  4.977884156E-02  6.592658788E-02
  5.082695524E-02  6.567647391E-02
  5.182945526E-02  6.544511538E-02
  5.278674183E-02  6.523310943E-02
  5.370111560E-02  6.504070185E-02
  5.457742800E-02  6.486711365E-02
  5.542227216E-02  6.471074629E-02
  5.624151398E-02  6.457025541E-02
  5.704088599E-02  6.444446192E-02
  5.782614113E-02  6.433230887E-02
  5.860329963E-02  6.423291614E-02
  5.937948297E-02  6.414552052E-02
  6.016292643E-02  6.406955177E-02
  6.096403815E-02  6.400444345E-02
  6.180065189E-02  6.394976255E-02
  6.269559496E-02  6.390262583E-02
  6.365087863E-02  6.385663975E-02
  6.465229397E-02  6.381224477E-02
  6.569406065E-02  6.376963569E-02
  6.677261923E-02  6.372885179E-02
  6.788541635E-02  6.368991238E-02
  6.903071717E-02  6.365274701E-02
  7.020685694E-02  6.361736327E-02
  7.141264144E-02  6.358375357E-02
  7.264697011E-02  6.355177056E-02
  7.390895541E-02  6.352147391E-02
  7.519782227E-02  6.349276251E-02
  7.651275132E-02  6.346551808E-02
  7.785317627E-02  6.343976630E-02
  7.921856072E-02  6.341544005E-02
  8.060823394E-02  6.339249627E-02
  8.202181194E-02  6.337094084E-02
  8.345874425E-02  6.335057258E-02
  8.491866905E-02  6.333148995E-02
  8.640101172E-02  6.331359023E-02
  8.790569222E-02  6.329677497E-02
  8.943209024E-02  6.328110811E-02
  9.097989378E-02  6.326646337E-02
  9.254889102E-02  6.325287934E-02
  9.413868921E-02  6.324022325E-02
  9.574900325E-02  6.322851172E-02
  9.737951474E-02  6.321764044E-02
  9.902998322E-02  6.320760942E-02
  1.007000574E-01  6.319848418E-02
  1.023895851E-01  6.319014111E-02
  1.040982086E-01  6.318244298E-02
  1.058257524E-01  6.317554208E-02
  1.075719376E-01  6.316928770E-02
  1.093364810E-01  6.316371546E-02
  1.111192773E-01  6.315870208E-02
  1.129199785E-01  6.315442783E-02
  1.147380757E-01  6.315065703E-02
  1.165735189E-01  6.314747151E-02
  1.184259751E-01  6.314494489E-02
  1.202953324E-01  6.314290350E-02
  1.221813906E-01  6.314145975E-02
  1.240836422E-01  6.314061524E-02
  1.260021031E-01  6.314027257E-02
  1.279204522E-01  6.314051678E-02
  1.298228720E-01  6.314135704E-02
  1.317089218E-01  6.314280079E-02
  1.335783802E-01  6.314478677E-02
  1.354311407E-01  6.314737465E-02
  1.372667970E-01  6.315049891E-02
  1.390849953E-01  6.315422667E-02
  1.408854974E-01  6.315850091E-02
  1.426681351E-01  6.316347125E-02
  1.444325700E-01  6.316902686E-02
  1.461786997E-01  6.317524405E-02
  1.479062478E-01  6.318214337E-02
  1.496148331E-01  6.318978342E-02
  1.513043533E-01  6.319818189E-02
  1.529744274E-01  6.320731139E-02
  1.546248405E-01  6.321734082E-02
  1.562552691E-01  6.322816906E-02
  1.578655235E-01  6.323992523E-02
  1.594553185E-01  6.325252165E-02
  1.610242221E-01  6.326616375E-02
  1.625720789E-01  6.328080583E-02
  1.640985205E-01  6.329647695E-02
  1.656031041E-01  6.331329221E-02
  1.670854850E-01  6.333123071E-02
  1.685454312E-01  6.335037301E-02
  1.699824530E-01  6.337074127E-02
  1.713961395E-01  6.339239782E-02
  1.727860650E-01  6.341539701E-02
  1.741514356E-01  6.343976630E-02
  1.754919637E-01  6.346551808E-02
  1.768070876E-01  6.349280396E-02
  1.780959619E-01  6.352162777E-02
  1.793580441E-01  6.355202713E-02
  1.805923270E-01  6.358405319E-02
  1.817980529E-01  6.361776560E-02
  1.829742513E-01  6.365314616E-02
  1.841194935E-01  6.369041157E-02
  1.852322938E-01  6.372951070E-02
  1.863108535E-01  6.377033605E-02
  1.873527691E-01  6.381310166E-02
  1.883543921E-01  6.385764239E-02
  1.893096575E-01  6.390367961E-02
  1.902047076E-01  6.395096209E-02
  1.910412751E-01  6.400574304E-02
  1.918424842E-01  6.407089707E-02
  1.926259227E-01  6.414697345E-02
  1.934021110E-01  6.423445515E-02
  1.941793126E-01  6.433391075E-02
  1.949645757E-01  6.444616065E-02
  1.957640015E-01  6.457205418E-02
  1.965831863E-01  6.471259077E-02
  1.974279842E-01  6.486901355E-02
  1.983042853E-01  6.504274750E-02
  1.992186187E-01  6.523525194E-02
  2.001758462E-01  6.544731330E-02
  2.011782009E-01  6.567867502E-02
  2.022262790E-01  6.592883470E-02
  2.033193588E-01  6.619653634E-02
  2.044557627E-01  6.648013339E-02
  2.056327341E-01  6.677764736E-02
  2.068460645E-01  6.708647799E-02
  2.080895677E-01  6.740361948E-02
  2.093597826E-01  6.772785879E-02
  2.106559085E-01  6.805932771E-02
  2.119785371E-01  6.839837966E-02
  2.133297594E-01  6.874587899E-02
  2.147125209E-01  6.910301672E-02
  2.161314838E-01  6.947148294E-02
  2.175928173E-01  6.985333621E-02
  2.191068647E-01  7.025191431E-02
  2.206830268E-01  7.066810799E-02
  2.223242238E-01  7.109794318E-02
  2.240289828E-01  7.153520639E-02
  2.257938764E-01  7.197291338E-02
  2.276144023E-01  7.240297766E-02
  2.294848489E-01  7.281620034E-02
  2.314130095E-01  7.320356443E-02
  2.333886832E-01  7.354876137E-02
  2.353976095E-01  7.383162105E-02
  2.374144372E-01  7.402637973E-02
  2.394086066E-01  7.411884347E-02
  2.413609782E-01  7.412142565E-02
  2.432632504E-01  7.405072465E-02
  2.451125308E-01  7.392415172E-02
  2.469111142E-01  7.375809646E-02
  2.486478377E-01  7.355637172E-02
  2.503333424E-01  7.336387426E-02
  2.520000041E-01  7.326629232E-02
 -2.328310045E-10  7.472849281E-02
  1.677194699E-03  7.482224421E-02
  3.372302366E-03  7.500706240E-02
  5.116520086E-03  7.520152431E-02
  6.919773570E-03  7.536175264E-02
  8.771291502E-03  7.548540475E-02
  1.067400886E-02  7.555763729E-02
  1.262586175E-02  7.556254629E-02
  1.461953347E-02  7.548397063E-02
  1.663629080E-02  7.531062776E-02
  1.864595336E-02  7.505601062E-02
  2.062348040E-02  7.474434161E-02
  2.255409391E-02  7.439469867E-02
  2.442761290E-02  7.402190157E-02
  2.625145353E-02  7.363413837E-02
  2.802023819E-02  7.323971710E-02
  2.972906476E-02  7.284577795E-02
  3.137429167E-02  7.245873509E-02
  3.295461959E-02  7.208414543E-02
  3.447246450E-02  7.172598388E-02
  3.593773055E-02  7.138303557E-02
  3.736041410E-02  7.105229475E-02
  3.874681692E-02  7.073180920E-02
  4.010143989E-02  7.041991257E-02
  4.142748229E-02  7.011536548E-02
  4.272666280E-02  6.981739667E-02
  4.399967875E-02  6.952541051E-02
  4.524581661E-02  6.923940515E-02
  4.646147402E-02  6.896040535E-02
  4.764066644E-02  6.869115409E-02
  4.877901955E-02  6.843415334E-02
  4.987379109E-02  6.819127555E-02
  5.092309962E-02  6.796414543E-02
  5.192646593E-02  6.775392579E-02
  5.288445133E-02  6.756136478E-02
  5.379927367E-02  6.738659726E-02
  5.467583632E-02  6.722907499E-02
  5.552063601E-02  6.708754468E-02
  5.633967507E-02  6.696060847E-02
  5.713871376E-02  6.684733746E-02
  5.792338819E-02  6.674672080E-02
  5.869988318E-02  6.665796128E-02
  5.947511877E-02  6.658049533E-02
  6.025757154E-02  6.651384369E-02
  6.105744365E-02  6.645746875E-02
  6.189257065E-02  6.641123380E-02
  6.278590388E-02  6.637225445E-02
  6.373928453E-02  6.633447323E-02
  6.473875689E-02  6.629811263E-02
  6.577837776E-02  6.626320506E-02
  6.685470764E-02  6.622984413E-02
  6.796514987E-02  6.619795472E-02
  6.910793022E-02  6.616758281E-02
  7.028159565E-02  6.613859017E-02
  7.148477644E-02  6.611087393E-02
  7.271645711E-02  6.608457689E-02
  7.397576069E-02  6.605947187E-02
  7.526194094E-02  6.603570770E-02
  7.657414365E-02  6.601300485E-02
  7.791184224E-02  6.599153538E-02
  7.927446059E-02  6.597112121E-02
  8.066144719E-02  6.595185275E-02
  8.207234631E-02  6.593363499E-02
  8.350663062E-02  6.591635718E-02
  8.496390743E-02  6.590011617E-02
  8.644377541E-02  6.588489807E-02
  8.794585255E-02  6.587051560E-02
  8.946981448E-02  6.585707450E-02
  9.101526029E-02  6.584444769E-02
  9.258198738E-02  6.583276225E-02
  9.416950904E-02  6.582179566E-02
  9.577755462E-02  6.581164621E-02
  9.740596005E-02  6.580221563E-02
  9.905436426E-02  6.579350388E-02
  1.007224553E-01  6.578545399E-02
  1.024100386E-01  6.577818138E-02
  1.041168864E-01  6.577142790E-02
  1.058426562E-01  6.576539326E-02
  1.075871011E-01  6.575987774E-02
  1.093499549E-01  6.575496429E-02
  1.111311782E-01  6.575056995E-02
  1.129303129E-01  6.574671180E-02
  1.147468371E-01  6.574343264E-02
  1.165808317E-01  6.574065867E-02
  1.184317567E-01  6.573833794E-02
  1.202997483E-01  6.573658228E-02
  1.221843598E-01  6.573526596E-02
  1.240851674E-01  6.573454568E-02
  1.260021875E-01  6.573424765E-02
  1.279191742E-01  6.573444280E-02
  1.298201074E-01  6.573524603E-02
  1.317047160E-01  6.573648401E-02
  1.335727999E-01  6.573822116E-02
  1.354240350E-01  6.574047743E-02
  1.372582386E-01  6.574331585E-02
  1.390749576E-01  6.574659503E-02
  1.408738052E-01  6.575036879E-02
  1.426548288E-01  6.575468476E-02
  1.444175709E-01  6.575957829E-02
  1.461620093E-01  6.576509524E-02
  1.478877746E-01  6.577112988E-02
  1.495945380E-01  6.577786344E-02
  1.512821258E-01  6.578523290E-02
  1.529502109E-01  6.579320586E-02
  1.545985966E-01  6.580191760E-02
  1.562269297E-01  6.581134819E-02
  1.578350277E-01  6.582149161E-02
  1.594224769E-01  6.583243827E-02
  1.609890952E-01  6.584414966E-02
  1.625345609E-01  6.585676902E-02
  1.640586057E-01  6.587029593E-02
  1.655605921E-01  6.588467840E-02
  1.670404480E-01  6.589990111E-02
  1.684977508E-01  6.591624039E-02
  1.699322149E-01  6.593343383E-02
  1.713432198E-01  6.595174986E-02
  1.727304125E-01  6.597112121E-02
  1.740930185E-01  6.599153538E-02
  1.754308139E-01  6.601308321E-02
  1.767432177E-01  6.603579208E-02
  1.780294054E-01  6.605967161E-02
  1.792887215E-01  6.608479656E-02
  1.805204008E-01  6.611117195E-02
  1.817235691E-01  6.613890812E-02
  1.828972529E-01  6.616798514E-02
  1.840400149E-01  6.619853227E-02
  1.851505354E-01  6.623046010E-02
  1.862267883E-01  6.626390542E-02
  1.872665859E-01  6.629892976E-02
  1.882661921E-01  6.633538863E-02
  1.892195649E-01  6.637327133E-02
  1.901129044E-01  6.641234895E-02
  1.909480413E-01  6.645876515E-02
  1.917480894E-01  6.651514151E-02
  1.925304497E-01  6.658199290E-02
  1.933057717E-01  6.665945884E-02
  1.940821913E-01  6.674824432E-02
  1.948669463E-01  6.684895784E-02
  1.956659311E-01  6.696240406E-02
  1.964849486E-01  6.708934772E-02
  1.973297402E-01  6.723105928E-02
  1.982062044E-01  6.738859544E-02
  1.991209447E-01  6.756338749E-02
  2.000789108E-01  6.775603933E-02
  2.010821042E-01  6.796626500E-02
  2.021314172E-01  6.819339653E-02
  2.032259778E-01  6.843629283E-02
  2.043640299E-01  6.869327366E-02
  2.055430302E-01  6.896252491E-02
  2.067585787E-01  6.924152472E-02
  2.080045177E-01  6.952743321E-02
  2.092773362E-01  6.981933499E-02
  2.105763232E-01  7.011730381E-02
  2.119020363E-01  7.042183097E-02
  2.132563966E-01  7.073364464E-02
  2.146425835E-01  7.105411027E-02
  2.160649824E-01  7.138466985E-02
  2.175301154E-01  7.172742301E-02
  2.190479618E-01  7.208558456E-02
  2.206280899E-01  7.246003752E-02
  2.222731298E-01  7.284689913E-02
  2.239817827E-01  7.324073540E-02
  2.257503460E-01  7.363505236E-02
  2.275741050E-01  7.402271872E-02
  2.294474055E-01  7.439539902E-02
  2.313777153E-01  7.474494368E-02
  2.333548513E-01  7.505643145E-02
  2.353644841E-01  7.531114687E-02
  2.373811650E-01  7.548438543E-02
  2.393747386E-01  7.556274746E-02
  2.413266711E-01  7.555793531E-02
  2.432292862E-01  7.548560591E-02
  2.450806420E-01  7.536193389E-02
  2.468837736E-01  7.520162116E-02
  2.486277512E-01  7.500715926E-02
  2.503227200E-01  7.482234107E-02
  2.520000041E-01  7.472849281E-02
 -2.328310045E-10  7.605204303E-02
  1.688941722E-03  7.614104145E-02
  3.393971043E-03  7.631596679E-02
  5.144894019E-03  7.650087139E-02
  6.951221629E-03  7.665313728E-02
  8.803000643E-03  7.677185994E-02
  1.070428855E-02  7.684353085E-02
  1.265416423E-02  7.685381606E-02
  1.464584039E-02  7.678754202E-02
  1.666135457E-02  7.663386315E-02
  1.867041684E-02  7.640564562E-02
  2.064820745E-02  7.612596498E-02
  2.257983781E-02  7.581226794E-02
  2.445501464E-02  7.547806435E-02
  2.628086442E-02  7.513070317E-02
  2.805198767E-02  7.477757828E-02
  2.976339527E-02  7.442504089E-02
  3.141147463E-02  7.407885064E-02
  3.299456399E-02  7.374404401E-02
  3.451524216E-02  7.342425265E-02
  3.598313950E-02  7.311846113E-02
  3.740843781E-02  7.282376134E-02
  3.879734517E-02  7.253824046E-02
  4.015445004E-02  7.226030779E-02
  4.148268408E-02  7.198865510E-02
  4.278401780E-02  7.172258774E-02
  4.405914782E-02  7.146149411E-02
  4.530728952E-02  7.120519950E-02
  4.652474880E-02  7.095470100E-02
  4.770552731E-02  7.071251970E-02
  4.884531105E-02  7.048088041E-02
  4.994122560E-02  7.026166705E-02
  5.099163605E-02  7.005649681E-02
  5.199586657E-02  6.986647305E-02
  5.295442178E-02  6.969228973E-02
  5.386968647E-02  6.953433787E-02
  5.474656004E-02  6.939219169E-02
  5.559145075E-02  6.926466591E-02
  5.641045210E-02  6.915053647E-02
  5.720917717E-02  6.904908465E-02
  5.799350367E-02  6.895940788E-02
  5.876953908E-02  6.888069534E-02
  5.954418296E-02  6.881263744E-02
  6.032584404E-02  6.875473498E-02
  6.112490595E-02  6.870666547E-02
  6.195898434E-02  6.866824368E-02
  6.285099520E-02  6.863692403E-02
  6.380299442E-02  6.860681072E-02
  6.480092182E-02  6.857781953E-02
  6.583903591E-02  6.855014006E-02
  6.691366876E-02  6.852359255E-02
  6.802230715E-02  6.849826844E-02
  6.916333892E-02  6.847397984E-02
  7.033509225E-02  6.845072331E-02
  7.153634242E-02  6.842848286E-02
  7.276609107E-02  6.840727621E-02
  7.402343732E-02  6.838698812E-02
  7.530759862E-02  6.836754864E-02
  7.661784399E-02  6.834901306E-02
  7.795350371E-02  6.833131624E-02
  7.931415161E-02  6.831452269E-02
  8.069920760E-02  6.829846555E-02
  8.210815082E-02  6.828332460E-02
  8.354050310E-02  6.826889491E-02
  8.499594300E-02  6.825519181E-02
  8.647389349E-02  6.824230429E-02
  8.797422886E-02  6.823022077E-02
  8.949636702E-02  6.821876019E-02
  9.104000754E-02  6.820810362E-02
  9.260513274E-02  6.819806998E-02
  9.419105251E-02  6.818864835E-02
  9.579757140E-02  6.817993562E-02
  9.742439486E-02  6.817182811E-02
  9.907139913E-02  6.816433262E-02
  1.007381034E-01  6.815743384E-02
  1.024243051E-01  6.815106727E-02
  1.041298114E-01  6.814528823E-02
  1.058543081E-01  6.813993095E-02
  1.075976002E-01  6.813516798E-02
  1.093592891E-01  6.813092018E-02
  1.111393728E-01  6.812707645E-02
  1.129373610E-01  6.812373190E-02
  1.147528407E-01  6.812079994E-02
  1.165858225E-01  6.811837463E-02
  1.184357899E-01  6.811643932E-02
  1.203026803E-01  6.811483570E-02
  1.221863474E-01  6.811371597E-02
  1.240862186E-01  6.811301561E-02
  1.260022889E-01  6.811280593E-02
  1.279182695E-01  6.811300643E-02
  1.298182385E-01  6.811362764E-02
  1.317018239E-01  6.811473206E-02
  1.335688989E-01  6.811634246E-02
  1.354191724E-01  6.811826859E-02
  1.372523472E-01  6.812070309E-02
  1.390679343E-01  6.812353992E-02
  1.408657189E-01  6.812687528E-02
  1.426456014E-01  6.813061537E-02
  1.444072805E-01  6.813496508E-02
  1.461504856E-01  6.813972125E-02
  1.478749749E-01  6.814498341E-02
  1.495803836E-01  6.815076245E-02
  1.512666811E-01  6.815714434E-02
  1.529332964E-01  6.816403460E-02
  1.545802939E-01  6.817153009E-02
  1.562071094E-01  6.817963760E-02
  1.578136362E-01  6.818843801E-02
  1.593994666E-01  6.819777130E-02
  1.609644800E-01  6.820780559E-02
  1.625081273E-01  6.821854984E-02
  1.640304581E-01  6.823001960E-02
  1.655305954E-01  6.824210312E-02
  1.670086329E-01  6.825507964E-02
  1.684640803E-01  6.826870292E-02
  1.698965386E-01  6.828312343E-02
  1.713055929E-01  6.829836803E-02
  1.726908351E-01  6.831443435E-02
  1.740514905E-01  6.833131624E-02
  1.753872402E-01  6.834902158E-02
  1.766976936E-01  6.836764615E-02
  1.779818556E-01  6.838710095E-02
  1.792392963E-01  6.840747737E-02
  1.804689498E-01  6.842878088E-02
  1.816702074E-01  6.845111646E-02
  1.828420423E-01  6.847438217E-02
  1.839829858E-01  6.849877615E-02
  1.850918093E-01  6.852419540E-02
  1.861664404E-01  6.855084041E-02
  1.872044765E-01  6.857861674E-02
  1.882025959E-01  6.860771158E-02
  1.891546031E-01  6.863792920E-02
  1.900466974E-01  6.866925058E-02
  1.908807804E-01  6.870787353E-02
  1.916798594E-01  6.875603818E-02
  1.924615088E-01  6.881404667E-02
  1.932361535E-01  6.888219970E-02
  1.940121875E-01  6.896090610E-02
  1.947965158E-01  6.905068653E-02
  1.955953314E-01  6.915224373E-02
  1.964142339E-01  6.926637382E-02
  1.972591342E-01  6.939401244E-02
  1.981359072E-01  6.953624629E-02
  1.990510713E-01  6.969419882E-02
  2.000095382E-01  6.986839000E-02
  2.010136501E-01  7.005850955E-02
  2.020639827E-01  7.026367299E-02
  2.031596815E-01  7.048288634E-02
  2.042992586E-01  7.071452563E-02
  2.054798437E-01  7.095671374E-02
  2.066972015E-01  7.120711711E-02
  2.079450540E-01  7.146340318E-02
  2.092198982E-01  7.172439251E-02
  2.105210216E-01  7.199046666E-02
  2.118490446E-01  7.226202424E-02
  2.132058546E-01  7.253994771E-02
  2.145944727E-01  7.282546860E-02
  2.160195576E-01  7.311997401E-02
  2.174873585E-01  7.342565336E-02
  2.190079449E-01  7.374535638E-02
  2.205909281E-01  7.408005937E-02
  2.222387110E-01  7.442604845E-02
  2.239500116E-01  7.477848832E-02
  2.257209418E-01  7.513151571E-02
  2.275467727E-01  7.547877323E-02
  2.294215753E-01  7.581278484E-02
  2.313529036E-01  7.612647335E-02
  2.333303899E-01  7.640613629E-02
  2.353394409E-01  7.663436234E-02
  2.373548626E-01  7.678803202E-02
  2.393465259E-01  7.685401723E-02
  2.412964087E-01  7.684382887E-02
  2.431976448E-01  7.677206111E-02
  2.450492482E-01  7.665333845E-02
  2.468554133E-01  7.650106337E-02
  2.486060762E-01  7.631607045E-02
  2.503109718E-01  7.614104997E-02
  2.520000041E-01  7.605213816E-02
 -2.328310045E-10  7.724231638E-02
  1.702606095E-03  7.732548587E-02
  3.418221847E-03  7.748881748E-02
  5.174988313E-03  7.766232106E-02
  6.982625394E-03  7.780466433E-02
  8.832794166E-03  7.791646386E-02
  1.073109494E-02  7.798601420E-02
  1.267767847E-02  7.799983096E-02
  1.466641910E-02  7.794414596E-02
  1.667968121E-02  7.780842701E-02
  1.868743640E-02  7.760494517E-02
  2.066461232E-02  7.735526591E-02
  2.259631318E-02  7.707553609E-02
  2.447205758E-02  7.677791219E-02
  2.629894759E-02  7.646889151E-02
  2.807149385E-02  7.615488174E-02
  2.978451812E-02  7.584138841E-02
  3.143433326E-02  7.553383343E-02
  3.301932533E-02  7.523651217E-02
  3.454191506E-02  7.495301746E-02
  3.601161669E-02  7.468227131E-02
  3.743880918E-02  7.442154128E-02
  3.882951231E-02  7.416902534E-02
  4.018823685E-02  7.392303120E-02
  4.151824010E-02  7.368251871E-02
  4.282116392E-02  7.344661669E-02
  4.409779782E-02  7.321482031E-02
  4.534734498E-02  7.298673686E-02
  4.656619203E-02  7.276328513E-02
  4.774824838E-02  7.254670315E-02
  4.888912799E-02  7.233927509E-02
  4.998610918E-02  7.214254182E-02
  5.103741016E-02  7.195819228E-02
  5.204233473E-02  7.178732914E-02
  5.300146787E-02  7.163065777E-02
  5.391712286E-02  7.148866171E-02
  5.479420177E-02  7.136102326E-02
  5.563928044E-02  7.124664400E-02
  5.645827847E-02  7.114467514E-02
  5.725698030E-02  7.105423722E-02
  5.804110146E-02  7.097478111E-02
  5.881683313E-02  7.090560748E-02
  5.959107785E-02  7.084623338E-02
  6.037223285E-02  7.079651118E-02
  6.117060955E-02  7.075605583E-02
  6.200389915E-02  7.072484606E-02
  6.289499513E-02  7.070055678E-02
  6.384609275E-02  7.067737498E-02
  6.484291510E-02  7.065520882E-02
  6.587984711E-02  7.063389544E-02
  6.695327949E-02  7.061350482E-02
  6.806062265E-02  7.059387012E-02
  6.920036176E-02  7.057505388E-02
  7.037080470E-02  7.055697150E-02
  7.157075112E-02  7.053944306E-02
  7.279910315E-02  7.052265428E-02
  7.405505876E-02  7.050648842E-02
  7.533780830E-02  7.049095475E-02
  7.664657680E-02  7.047595694E-02
  7.798091760E-02  7.046158470E-02
  7.934026175E-02  7.044793405E-02
  8.072382164E-02  7.043471842E-02
  8.213146708E-02  7.042221938E-02
  8.356250897E-02  7.041033366E-02
  8.501656144E-02  7.039888295E-02
  8.649329377E-02  7.038814321E-02
  8.799242335E-02  7.037802241E-02
  8.951344538E-02  7.036841141E-02
  9.105587692E-02  7.035933973E-02
  9.261981084E-02  7.035086411E-02
  9.420471843E-02  7.034289911E-02
  9.581022769E-02  7.033545536E-02
  9.743603898E-02  7.032852143E-02
  9.908204878E-02  7.032210475E-02
  1.007478442E-01  7.031619126E-02
  1.024331443E-01  7.031069816E-02
  1.041378352E-01  7.030570825E-02
  1.058615184E-01  7.030120609E-02
  1.076040068E-01  7.029704208E-02
  1.093649837E-01  7.029337808E-02
  1.111443626E-01  7.029002272E-02
  1.129417249E-01  7.028716656E-02
  1.147565953E-01  7.028462567E-02
  1.165888742E-01  7.028257816E-02
  1.184382341E-01  7.028077113E-02
  1.203045060E-01  7.027943541E-02
  1.221875648E-01  7.027851183E-02
  1.240868353E-01  7.027790435E-02
  1.260022968E-01  7.027770318E-02
  1.279176681E-01  7.027781148E-02
  1.298171150E-01  7.027841497E-02
  1.317000911E-01  7.027942397E-02
  1.335665567E-01  7.028076051E-02
  1.354162155E-01  7.028248131E-02
  1.372487809E-01  7.028452218E-02
  1.390637481E-01  7.028696539E-02
  1.408608304E-01  7.028991443E-02
  1.426400016E-01  7.029316547E-02
  1.444008856E-01  7.029684173E-02
  1.461433701E-01  7.030091869E-02
  1.478670591E-01  7.030549565E-02
  1.495716465E-01  7.031048556E-02
  1.512570376E-01  7.031589323E-02
  1.529227428E-01  7.032189296E-02
  1.545687452E-01  7.032831627E-02
  1.561945565E-01  7.033515733E-02
  1.577999795E-01  7.034261170E-02
  1.593847844E-01  7.035056608E-02
  1.609487060E-01  7.035912795E-02
  1.624912313E-01  7.036812400E-02
  1.640122754E-01  7.037782124E-02
  1.655112892E-01  7.038802828E-02
  1.669880322E-01  7.039878527E-02
  1.684420921E-01  7.041013249E-02
  1.698733171E-01  7.042211109E-02
  1.712810676E-01  7.043470780E-02
  1.726649133E-01  7.044783719E-02
  1.740241720E-01  7.046167756E-02
  1.753586089E-01  7.047604982E-02
  1.766675727E-01  7.049105160E-02
  1.779504218E-01  7.050667896E-02
  1.792063822E-01  7.052294168E-02
  1.804347227E-01  7.053974771E-02
  1.816346766E-01  7.055728096E-02
  1.828051227E-01  7.057545622E-02
  1.839447716E-01  7.059436931E-02
  1.850523085E-01  7.061401545E-02
  1.861257417E-01  7.063459579E-02
  1.871626557E-01  7.065591980E-02
  1.881596791E-01  7.067827650E-02
  1.891106913E-01  7.070155596E-02
  1.900018938E-01  7.072584444E-02
  1.908351804E-01  7.075707626E-02
  1.916335571E-01  7.079763593E-02
  1.924146222E-01  7.084745498E-02
  1.931889490E-01  7.090693340E-02
  1.939645986E-01  7.097619244E-02
  1.947488118E-01  7.105574622E-02
  1.955475254E-01  7.114628763E-02
  1.963664187E-01  7.124834273E-02
  1.972115020E-01  7.136273344E-02
  1.980884737E-01  7.149046874E-02
  1.990040314E-01  7.163247143E-02
  1.999631572E-01  7.178914280E-02
  2.009678904E-01  7.196010362E-02
  2.020190858E-01  7.214445235E-02
  2.031157747E-01  7.234109274E-02
  2.042564568E-01  7.254861366E-02
  2.054383195E-01  7.276511023E-02
  2.066570659E-01  7.298855052E-02
  2.079064876E-01  7.321654110E-02
  2.091828305E-01  7.344833268E-02
  2.104854591E-01  7.368414265E-02
  2.118151716E-01  7.392463707E-02
  2.131736881E-01  7.417054497E-02
  2.145640965E-01  7.442306755E-02
  2.159910775E-01  7.468359059E-02
  2.174606855E-01  7.495423907E-02
  2.189831813E-01  7.523772316E-02
  2.205679770E-01  7.553485387E-02
  2.222175762E-01  7.584229392E-02
  2.239305913E-01  7.615569702E-02
  2.257028529E-01  7.646960331E-02
  2.275297433E-01  7.677861254E-02
  2.294050899E-01  7.707603528E-02
  2.313364891E-01  7.735576510E-02
  2.333133688E-01  7.760535149E-02
  2.353211112E-01  7.780892620E-02
  2.373342827E-01  7.794455891E-02
  2.393231116E-01  7.799993925E-02
  2.412695987E-01  7.798613312E-02
  2.431678513E-01  7.791666503E-02
  2.450178495E-01  7.780485887E-02
  2.468253173E-01  7.766242935E-02
  2.485818633E-01  7.748891516E-02
  2.502973471E-01  7.732557874E-02
  2.520000041E-01  7.724232782E-02
 -2.328310045E-10  7.830577716E-02
  1.719069758E-03  7.838262011E-02
  3.445865607E-03  7.853286144E-02
  5.207116342E-03  7.869351987E-02
  7.013988978E-03  7.882454345E-02
  8.860693827E-03  7.892807587E-02
  1.075468496E-02  7.899390741E-02
  1.269703983E-02  7.900991722E-02
  1.468227269E-02  7.896333761E-02
  1.669278341E-02  7.884403589E-02
  1.869857478E-02  7.866354756E-02
  2.067454327E-02  7.844205538E-02
  2.260564019E-02  7.819427666E-02
  2.448128906E-02  7.793101765E-02
  2.630851629E-02  7.765790875E-02
  2.808166842E-02  7.738058276E-02
  2.979554634E-02  7.710383082E-02
  3.144637685E-02  7.683230376E-02
  3.303248177E-02  7.657011563E-02
  3.455618717E-02  7.632049807E-02
  3.602714233E-02  7.608243070E-02
  3.745544487E-02  7.585342624E-02
  3.884732568E-02  7.563169655E-02
  4.020728208E-02  7.541569275E-02
  4.153838716E-02  7.520425170E-02
  4.284246660E-02  7.499670968E-02
  4.412017246E-02  7.479226595E-02
  4.537077774E-02  7.459073924E-02
  4.659068291E-02  7.439280818E-02
  4.777363424E-02  7.420044781E-02
  4.891546624E-02  7.401580684E-02
  5.001324493E-02  7.384038282E-02
  5.106517288E-02  7.367572282E-02
  5.207069953E-02  7.352293513E-02
  5.303035351E-02  7.338278936E-02
  5.394635279E-02  7.325578286E-02
  5.482368129E-02  7.314177308E-02
  5.566893089E-02  7.303980707E-02
  5.648800717E-02  7.294915882E-02
  5.728670659E-02  7.286901107E-02
  5.807072985E-02  7.279900326E-02
  5.884627956E-02  7.273851735E-02
  5.962025303E-02  7.268720401E-02
  6.040105271E-02  7.264489150E-02
  6.119897621E-02  7.261139843E-02
  6.203172331E-02  7.258673043E-02
  6.292219714E-02  7.256880998E-02
  6.387251692E-02  7.255176004E-02
  6.486861159E-02  7.253549121E-02
  6.590473226E-02  7.251978925E-02
  6.697728028E-02  7.250469106E-02
  6.808388014E-02  7.249006290E-02
  6.922264478E-02  7.247586114E-02
  7.039219191E-02  7.246205638E-02
  7.159123773E-02  7.244859911E-02
  7.281861029E-02  7.243561932E-02
  7.407365467E-02  7.242293036E-02
  7.535550257E-02  7.241062201E-02
  7.666342225E-02  7.239865934E-02
  7.799686725E-02  7.238714847E-02
  7.935524338E-02  7.237603459E-02
  8.073796322E-02  7.236532304E-02
  8.214478191E-02  7.235508529E-02
  8.357492800E-02  7.234529374E-02
  8.502822572E-02  7.233582585E-02
  8.650421975E-02  7.232691227E-02
  8.800254280E-02  7.231844304E-02
  8.952276493E-02  7.231039996E-02
  9.106460986E-02  7.230285790E-02
  9.262781109E-02  7.229569280E-02
  9.421208110E-02  7.228894822E-02
  9.581695196E-02  7.228270284E-02
  9.744219869E-02  7.227680496E-02
  9.908764956E-02  7.227133506E-02
  1.007528966E-01  7.226628950E-02
  1.024377167E-01  7.226164246E-02
  1.041419437E-01  7.225734673E-02
  1.058651623E-01  7.225347153E-02
  1.076072648E-01  7.224997484E-02
  1.093678615E-01  7.224683127E-02
  1.111468610E-01  7.224398010E-02
  1.129438594E-01  7.224148205E-02
  1.147583553E-01  7.223936251E-02
  1.165903327E-01  7.223750999E-02
  1.184393287E-01  7.223601215E-02
  1.203053779E-01  7.223486561E-02
  1.221881515E-01  7.223403713E-02
  1.240871263E-01  7.223351411E-02
  1.260022968E-01  7.223331294E-02
  1.279173779E-01  7.223348846E-02
  1.298165446E-01  7.223394027E-02
  1.316992980E-01  7.223478696E-02
  1.335654736E-01  7.223593912E-02
  1.354147732E-01  7.223741313E-02
  1.372470373E-01  7.223918517E-02
  1.390616357E-01  7.224135954E-02
  1.408584165E-01  7.224381021E-02
  1.426372075E-01  7.224663010E-02
  1.443977111E-01  7.224977928E-02
  1.461397368E-01  7.225332519E-02
  1.478629571E-01  7.225714556E-02
  1.495670855E-01  7.226144130E-02
  1.512520062E-01  7.226606450E-02
  1.529172313E-01  7.227113390E-02
  1.545626748E-01  7.227660562E-02
  1.561878484E-01  7.228239920E-02
  1.577926899E-01  7.228872323E-02
  1.593768668E-01  7.229546781E-02
  1.609400624E-01  7.230258371E-02
  1.624819386E-01  7.231025362E-02
  1.640022338E-01  7.231832052E-02
  1.655004525E-01  7.232681357E-02
  1.669764465E-01  7.233572900E-02
  1.684297461E-01  7.234517122E-02
  1.698600859E-01  7.235498282E-02
  1.712669415E-01  7.236532304E-02
  1.726498807E-01  7.237601077E-02
  1.740083004E-01  7.238717413E-02
  1.753418535E-01  7.239876365E-02
  1.766498995E-01  7.241072449E-02
  1.779317637E-01  7.242305849E-02
  1.791868848E-01  7.243583869E-02
  1.804143304E-01  7.244889897E-02
  1.816133781E-01  7.246235440E-02
  1.827828503E-01  7.247626348E-02
  1.839216717E-01  7.249048905E-02
  1.850283248E-01  7.250519025E-02
  1.861008616E-01  7.252041657E-02
  1.871370591E-01  7.253619157E-02
  1.881333549E-01  7.255258852E-02
  1.890836508E-01  7.256965666E-02
  1.899741484E-01  7.258765578E-02
  1.908068974E-01  7.261232377E-02
  1.916048940E-01  7.264591554E-02
  1.923855228E-01  7.268833052E-02
  1.931595922E-01  7.273974255E-02
  1.939351190E-01  7.280032532E-02
  1.947191651E-01  7.287042999E-02
  1.955178000E-01  7.295060901E-02
  1.963368393E-01  7.304135412E-02
  1.971820225E-01  7.314339878E-02
  1.980592401E-01  7.325743238E-02
  1.989752240E-01  7.338443510E-02
  1.999347974E-01  7.352458087E-02
  2.009401257E-01  7.367739800E-02
  2.019920242E-01  7.384213104E-02
  2.030895097E-01  7.401745636E-02
  2.042310656E-01  7.420219603E-02
  2.054138906E-01  7.439445954E-02
  2.066335435E-01  7.459239059E-02
  2.078840501E-01  7.479381299E-02
  2.091615356E-01  7.499818552E-02
  2.104653854E-01  7.520570189E-02
  2.117961157E-01  7.541706245E-02
  2.131557960E-01  7.563304805E-02
  2.145474584E-01  7.585477957E-02
  2.159755570E-01  7.608365407E-02
  2.174463404E-01  7.632155154E-02
  2.189700229E-01  7.657116349E-02
  2.205559248E-01  7.683322348E-02
  2.222065532E-01  7.710465748E-02
  2.239204288E-01  7.738130877E-02
  2.256933606E-01  7.765853607E-02
  2.275205083E-01  7.793163936E-02
  2.293958301E-01  7.819478146E-02
  2.313265550E-01  7.844248153E-02
  2.333022232E-01  7.866386940E-02
  2.353080142E-01  7.884446204E-02
  2.373185068E-01  7.896373432E-02
  2.393036813E-01  7.901001970E-02
  2.412460876E-01  7.899408293E-02
  2.431399215E-01  7.892827704E-02
  2.449864746E-01  7.882466413E-02
  2.467931648E-01  7.869362235E-02
  2.485542120E-01  7.853295829E-02
  2.502809340E-01  7.838264577E-02
  2.520000041E-01  7.830585020E-02
 -2.328310045E-10  7.925003474E-02
  1.739027989E-03  7.932020534E-02
  3.477091599E-03  7.945664934E-02
  5.240818684E-03  7.960358759E-02
  7.044734197E-03  7.972245897E-02
  8.886457219E-03  7.981698482E-02
  1.077526052E-02  7.987814385E-02
  1.271292124E-02  7.989520656E-02
  1.469434917E-02  7.985639354E-02
  1.670184088E-02  7.975200870E-02
  1.870545057E-02  7.959279191E-02
  2.067986933E-02  7.939756422E-02
  2.260994787E-02  7.917954853E-02
  2.448503422E-02  7.894817392E-02
  2.631202683E-02  7.870847166E-02
  2.808527580E-02  7.846513542E-02
  2.979942663E-02  7.822239523E-02
  3.145073207E-02  7.798424493E-02
  3.303738831E-02  7.775452645E-02
  3.456174920E-02  7.753613614E-02
  3.603335678E-02  7.732828216E-02
  3.746236654E-02  7.712850078E-02
  3.885497639E-02  7.693511099E-02
  4.021568849E-02  7.674670699E-02
  4.154749787E-02  7.656218908E-02
  4.285230827E-02  7.638080805E-02
  4.413077289E-02  7.620181917E-02
  4.538213411E-02  7.602501105E-02
  4.660274549E-02  7.585078828E-02
  4.778640520E-02  7.568109668E-02
  4.892886605E-02  7.551778103E-02
  5.002727673E-02  7.536229300E-02
  5.107973648E-02  7.521612634E-02
  5.208569265E-02  7.508023055E-02
  5.304574942E-02  7.495555984E-02
  5.396210492E-02  7.484261341E-02
  5.483966063E-02  7.474129420E-02
  5.568511371E-02  7.465085007E-02
  5.650426536E-02  7.457063419E-02
  5.730296578E-02  7.450005953E-02
  5.808696430E-02  7.443871372E-02
  5.886241381E-02  7.438610398E-02
  5.963626142E-02  7.434208146E-02
  6.041675843E-02  7.430640273E-02
  6.121445588E-02  7.427910900E-02
  6.204679827E-02  7.426021157E-02
  6.293684350E-02  7.424780949E-02
  6.388663555E-02  7.423610135E-02
  6.488222249E-02  7.422484093E-02
  6.591781543E-02  7.421391925E-02
  6.698980808E-02  7.420324795E-02
  6.809585231E-02  7.419271527E-02
  6.923403974E-02  7.418233123E-02
  7.040298177E-02  7.417209606E-02
  7.160142066E-02  7.416200209E-02
  7.282826757E-02  7.415205418E-02
  7.408275856E-02  7.414225026E-02
  7.536399937E-02  7.413259501E-02
  7.667138948E-02  7.412318805E-02
  7.800433266E-02  7.411398070E-02
  7.936212959E-02  7.410506756E-02
  8.074436943E-02  7.409640375E-02
  8.215066238E-02  7.408808873E-02
  8.358035636E-02  7.408001559E-02
  8.503320173E-02  7.407229402E-02
  8.650874157E-02  7.406487255E-02
  8.800663817E-02  7.405784597E-02
  8.952648175E-02  7.405117199E-02
  9.106797552E-02  7.404484038E-02
  9.263082385E-02  7.403886396E-02
  9.421476860E-02  7.403318298E-02
  9.581931421E-02  7.402795148E-02
  9.744431305E-02  7.402296444E-02
  9.908951022E-02  7.401833001E-02
  1.007545074E-01  7.401404437E-02
  1.024391570E-01  7.401010388E-02
  1.041431541E-01  7.400646887E-02
  1.058662537E-01  7.400317519E-02
  1.076081520E-01  7.400018439E-02
  1.093686000E-01  7.399754497E-02
  1.111474509E-01  7.399510050E-02
  1.129443483E-01  7.399295768E-02
  1.147587473E-01  7.399116364E-02
  1.165905978E-01  7.398956714E-02
  1.184395502E-01  7.398832325E-02
  1.203055481E-01  7.398732746E-02
  1.221882502E-01  7.398657635E-02
  1.240871996E-01  7.398612688E-02
  1.260022968E-01  7.398597926E-02
  1.279173505E-01  7.398612688E-02
  1.298164515E-01  7.398652921E-02
  1.316991536E-01  7.398722697E-02
  1.335652559E-01  7.398822257E-02
  1.354144526E-01  7.398947028E-02
  1.372466473E-01  7.399101602E-02
  1.390611468E-01  7.399286082E-02
  1.408578008E-01  7.399495651E-02
  1.426364928E-01  7.399734380E-02
  1.443968476E-01  7.400004040E-02
  1.461387487E-01  7.400307833E-02
  1.478617985E-01  7.400631743E-02
  1.495656988E-01  7.400990272E-02
  1.512503915E-01  7.401384320E-02
  1.529153925E-01  7.401812885E-02
  1.545605899E-01  7.402276327E-02
  1.561854842E-01  7.402764983E-02
  1.577900300E-01  7.403298182E-02
  1.593738777E-01  7.403866280E-02
  1.609367224E-01  7.404459208E-02
  1.624782733E-01  7.405102158E-02
  1.639981641E-01  7.405769556E-02
  1.654959563E-01  7.406477570E-02
  1.669715000E-01  7.407214744E-02
  1.684243415E-01  7.407991873E-02
  1.698542369E-01  7.408798442E-02
  1.712605868E-01  7.409640375E-02
  1.726430204E-01  7.410506756E-02
  1.740009105E-01  7.411403043E-02
  1.753339081E-01  7.412329236E-02
  1.766414025E-01  7.413274904E-02
  1.779227394E-01  7.414235457E-02
  1.791772811E-01  7.415225172E-02
  1.804041216E-01  7.416225038E-02
  1.816025605E-01  7.417239408E-02
  1.827715051E-01  7.418273357E-02
  1.839097510E-01  7.419311760E-02
  1.850158486E-01  7.420369741E-02
  1.860878301E-01  7.421446921E-02
  1.871234738E-01  7.422548774E-02
  1.881192657E-01  7.423679892E-02
  1.890691036E-01  7.424855698E-02
  1.899591509E-01  7.426106337E-02
  1.907914473E-01  7.427996080E-02
  1.915891919E-01  7.430735138E-02
  1.923696386E-01  7.434313061E-02
  1.931434818E-01  7.438725380E-02
  1.939189370E-01  7.443991068E-02
  1.947029318E-01  7.450130362E-02
  1.955015905E-01  7.457193163E-02
  1.963207311E-01  7.465224436E-02
  1.971660929E-01  7.474273926E-02
  1.980435444E-01  7.484405846E-02
  1.989597983E-01  7.495705481E-02
  1.999198063E-01  7.508172553E-02
  2.009255593E-01  7.521757140E-02
  2.019779694E-01  7.536383874E-02
  2.030760838E-01  7.551927963E-02
  2.042182984E-01  7.568264241E-02
  2.054018040E-01  7.585228689E-02
  2.066221614E-01  7.602645993E-02
  2.078733780E-01  7.620321346E-02
  2.091516414E-01  7.638210548E-02
  2.104562488E-01  7.656343680E-02
  2.117877093E-01  7.674790394E-02
  2.131481215E-01  7.693630774E-02
  2.145404804E-01  7.712965164E-02
  2.159692889E-01  7.732937843E-02
  2.174407507E-01  7.753708842E-02
  2.189651116E-01  7.775542156E-02
  2.205515705E-01  7.798509310E-02
  2.222027226E-01  7.822309280E-02
  2.239168257E-01  7.846573250E-02
  2.256898227E-01  7.870897188E-02
  2.275167656E-01  7.894872024E-02
  2.293915492E-01  7.917994807E-02
  2.313212816E-01  7.939791301E-02
  2.332953480E-01  7.959308993E-02
  2.352989614E-01  7.975235748E-02
  2.373065012E-01  7.985673870E-02
  2.392877758E-01  7.989530704E-02
  2.412255375E-01  7.987829530E-02
  2.431141891E-01  7.981713626E-02
  2.449557358E-01  7.972255583E-02
  2.467594670E-01  7.960363836E-02
  2.485229457E-01  7.945669647E-02
  2.502609576E-01  7.932020534E-02
  2.520000041E-01  7.925013160E-02
 -2.328310045E-10  8.008318144E-02
  1.761798136E-03  8.014668993E-02
  3.510351334E-03  8.026940799E-02
  5.274498903E-03  8.040258936E-02
  7.073855831E-03  8.050928710E-02
  8.909763480E-03  8.059469300E-02
  1.079305809E-02  8.065079914E-02
  1.272601228E-02  8.066815828E-02
  1.470363474E-02  8.063598817E-02
  1.670814167E-02  8.054502131E-02
  1.870952897E-02  8.040523598E-02
  2.068229304E-02  8.023406919E-02
  2.261116443E-02  8.004328085E-02
  2.448542528E-02  7.984106142E-02
  2.631189306E-02  7.963186223E-02
  2.808491513E-02  7.941954674E-02
  2.979899025E-02  7.920777411E-02
  3.145040024E-02  7.900005520E-02
  3.303726416E-02  7.879985726E-02
  3.456194726E-02  7.860985268E-02
  3.603388261E-02  7.842941216E-02
  3.746330190E-02  7.825611394E-02
  3.885631765E-02  7.808842905E-02
  4.021747271E-02  7.792504137E-02
  4.154972457E-02  7.776499456E-02
  4.285499588E-02  7.760738711E-02
  4.413396969E-02  7.745164024E-02
  4.538583962E-02  7.729740780E-02
  4.660692986E-02  7.714490319E-02
  4.779113600E-02  7.699602794E-02
  4.893402494E-02  7.685233075E-02
  5.003291449E-02  7.671519982E-02
  5.108580415E-02  7.658607342E-02
  5.209211211E-02  7.646578466E-02
  5.305248180E-02  7.635537185E-02
  5.396915317E-02  7.625536878E-02
  5.484690710E-02  7.616570704E-02
  5.569254293E-02  7.608580440E-02
  5.651177762E-02  7.601511402E-02
  5.731049715E-02  7.595324234E-02
  5.809451428E-02  7.589973726E-02
  5.886989688E-02  7.585420254E-02
  5.964369555E-02  7.581666800E-02
  6.042397997E-02  7.578687762E-02
  6.122154429E-02  7.576500038E-02
  6.205360784E-02  7.575110437E-02
  6.294333719E-02  7.574340385E-02
  6.389280329E-02  7.573622756E-02
  6.488802606E-02  7.572918196E-02
  6.592327442E-02  7.572222369E-02
  6.699492020E-02  7.571519974E-02
  6.810056909E-02  7.570800233E-02
  6.923841459E-02  7.570075039E-02
  7.040697991E-02  7.569343277E-02
  7.160504207E-02  7.568605585E-02
  7.283159153E-02  7.567856344E-02
  7.408575656E-02  7.567111470E-02
  7.536663564E-02  7.566364868E-02
  7.667371841E-02  7.565634791E-02
  7.800638276E-02  7.564901737E-02
  7.936388599E-02  7.564196144E-02
  8.074586200E-02  7.563499120E-02
  8.215186719E-02  7.562826579E-02
  8.358136539E-02  7.562165586E-02
  8.503396783E-02  7.561539374E-02
  8.650926475E-02  7.560925321E-02
  8.800698417E-02  7.560347299E-02
  8.952667909E-02  7.559796101E-02
  9.106799932E-02  7.559264407E-02
  9.263073489E-02  7.558769356E-02
  9.421455190E-02  7.558294422E-02
  9.581898838E-02  7.557856131E-02
  9.744392753E-02  7.557437211E-02
  9.908904180E-02  7.557047109E-02
  1.007539943E-01  7.556684949E-02
  1.024386349E-01  7.556350862E-02
  1.041425851E-01  7.556047190E-02
  1.058657242E-01  7.555769249E-02
  1.076075741E-01  7.555511905E-02
  1.093680295E-01  7.555292453E-02
  1.111468851E-01  7.555083300E-02
  1.129438334E-01  7.554902352E-02
  1.147582892E-01  7.554749346E-02
  1.165901781E-01  7.554614594E-02
  1.184392344E-01  7.554510389E-02
  1.203053041E-01  7.554423827E-02
  1.221880780E-01  7.554357250E-02
  1.240871278E-01  7.554318879E-02
  1.260022968E-01  7.554309193E-02
  1.279174658E-01  7.554318879E-02
  1.298166273E-01  7.554357250E-02
  1.316994012E-01  7.554415870E-02
  1.335655727E-01  7.554499958E-02
  1.354148365E-01  7.554604775E-02
  1.372470917E-01  7.554739527E-02
  1.390616444E-01  7.554892533E-02
  1.408583008E-01  7.555073614E-02
  1.426370300E-01  7.555272337E-02
  1.443974032E-01  7.555502219E-02
  1.461393415E-01  7.555757702E-02
  1.478623983E-01  7.556035030E-02
  1.495662530E-01  7.556332474E-02
  1.512508974E-01  7.556666561E-02
  1.529158573E-01  7.557026993E-02
  1.545609790E-01  7.557417094E-02
  1.561858064E-01  7.557828057E-02
  1.577902490E-01  7.558274306E-02
  1.593739817E-01  7.558749240E-02
  1.609366999E-01  7.559244290E-02
  1.624781032E-01  7.559775984E-02
  1.639978167E-01  7.560327182E-02
  1.654954319E-01  7.560915635E-02
  1.669707362E-01  7.561523459E-02
  1.684233498E-01  7.562157629E-02
  1.698530381E-01  7.562818010E-02
  1.712591228E-01  7.563499120E-02
  1.726413124E-01  7.564196144E-02
  1.739988939E-01  7.564911555E-02
  1.753315756E-01  7.565643361E-02
  1.766387613E-01  7.566383256E-02
  1.779198083E-01  7.567121901E-02
  1.791739906E-01  7.567874732E-02
  1.804004531E-01  7.568625701E-02
  1.815985166E-01  7.569371351E-02
  1.827671614E-01  7.570113411E-02
  1.839050179E-01  7.570840333E-02
  1.850107650E-01  7.571560207E-02
  1.860824033E-01  7.572272288E-02
  1.871176716E-01  7.572976072E-02
  1.881131016E-01  7.573682493E-02
  1.890626398E-01  7.574408559E-02
  1.899523946E-01  7.575187314E-02
  1.907843796E-01  7.576578643E-02
  1.915819447E-01  7.578774324E-02
  1.923623174E-01  7.581763181E-02
  1.931359995E-01  7.585526933E-02
  1.939114086E-01  7.590078675E-02
  1.946954034E-01  7.595430912E-02
  1.954941242E-01  7.601627765E-02
  1.963133528E-01  7.608704761E-02
  1.971588942E-01  7.616695158E-02
  1.980365485E-01  7.625661199E-02
  1.989530147E-01  7.635671937E-02
  1.999133732E-01  7.646713218E-02
  2.009194719E-01  7.658733525E-02
  2.019722670E-01  7.671654734E-02
  2.030708748E-01  7.685367827E-02
  2.042135688E-01  7.699735817E-02
  2.053975564E-01  7.714623209E-02
  2.066184393E-01  7.729865713E-02
  2.078701353E-01  7.745288345E-02
  2.091489055E-01  7.760855074E-02
  2.104539577E-01  7.776606002E-02
  2.117859065E-01  7.792610682E-02
  2.131467635E-01  7.808948837E-02
  2.145394931E-01  7.825710115E-02
  2.159687304E-01  7.843035734E-02
  2.174405490E-01  7.861070101E-02
  2.189652321E-01  7.880063586E-02
  2.205519189E-01  7.900082262E-02
  2.222031880E-01  7.920835287E-02
  2.239171893E-01  7.942002865E-02
  2.256899066E-01  7.963226456E-02
  2.275163602E-01  7.984154332E-02
  2.293903548E-01  8.004358020E-02
  2.313189266E-01  8.023434993E-02
  2.332912909E-01  8.040551672E-02
  2.352926806E-01  8.054530204E-02
  2.372972428E-01  8.063626891E-02
  2.392747052E-01  8.066823785E-02
  2.412077223E-01  8.065090345E-02
  2.430909161E-01  8.059479731E-02
  2.449266146E-01  8.050938529E-02
  2.467258037E-01  8.040258936E-02
  2.484896678E-01  8.026940799E-02
  2.502381675E-01  8.014670722E-02
  2.520000041E-01  8.008326100E-02
 -2.328310045E-10  8.081715994E-02
  1.789318827E-03  8.087387975E-02
  3.547285500E-03  8.098265699E-02
  5.309017249E-03  8.110178504E-02
  7.101759914E-03  8.119611257E-02
  8.930826145E-03  8.127211210E-02
  1.080821527E-02  8.132270163E-02
  1.273646574E-02  8.133959779E-02
  1.471025468E-02  8.131305680E-02
  1.671185835E-02  8.123422649E-02
  1.871092219E-02  8.111238857E-02
  2.068194474E-02  8.096346132E-02
  2.260942183E-02  8.079775954E-02
  2.448258043E-02  8.062248716E-02
  2.630829319E-02  8.044128210E-02
  2.808073332E-02  8.025753621E-02
  2.979440280E-02  8.007416011E-02
  3.144552182E-02  7.989437908E-02
  3.303227108E-02  7.972118445E-02
  3.455689361E-02  7.955719235E-02
  3.602894578E-02  7.940166530E-02
  3.745842348E-02  7.925247146E-02
  3.885149765E-02  7.910824625E-02
  4.021282578E-02  7.896768224E-02
  4.154525503E-02  7.882993554E-02
  4.285075781E-02  7.869410467E-02
  4.412996094E-02  7.855966709E-02
  4.538206452E-02  7.842616849E-02
  4.660344466E-02  7.829381359E-02
  4.778800126E-02  7.816421839E-02
  4.893118010E-02  7.803875848E-02
  5.003035954E-02  7.791875720E-02
  5.108353909E-02  7.780548404E-02
  5.209019535E-02  7.769988896E-02
  5.305079869E-02  7.760277661E-02
  5.396770154E-02  7.751479328E-02
  5.484562855E-02  7.743598737E-02
  5.569138119E-02  7.736584590E-02
  5.651073270E-02  7.730398211E-02
  5.730950848E-02  7.725000677E-02
  5.809358619E-02  7.720364516E-02
  5.886891038E-02  7.716449675E-02
  5.964270905E-02  7.713271248E-02
  6.042293289E-02  7.710814882E-02
  6.122038255E-02  7.709091852E-02
  6.205232929E-02  7.708126273E-02
  6.294182715E-02  7.707745196E-02
  6.389117642E-02  7.707393179E-02
  6.488616988E-02  7.707031298E-02
  6.592124084E-02  7.706643536E-02
  6.699271355E-02  7.706225409E-02
  6.809818504E-02  7.705767437E-02
  6.923586181E-02  7.705286273E-02
  7.040431030E-02  7.704774743E-02
  7.160225564E-02  7.704240408E-02
  7.282862770E-02  7.703688468E-02
  7.408267591E-02  7.703123587E-02
  7.536349874E-02  7.702551353E-02
  7.667052526E-02  7.701983963E-02
  7.800307279E-02  7.701401480E-02
  7.936057603E-02  7.700841266E-02
  8.074249578E-02  7.700283563E-02
  8.214849664E-02  7.699733037E-02
  8.357799484E-02  7.699200116E-02
  8.503059728E-02  7.698684236E-02
  8.650589420E-02  7.698186141E-02
  8.800367420E-02  7.697712827E-02
  8.952336913E-02  7.697254221E-02
  9.106474992E-02  7.696815553E-02
  9.262760232E-02  7.696401845E-02
  9.421147558E-02  7.696008254E-02
  9.581602888E-02  7.695639623E-02
  9.744108052E-02  7.695290364E-02
  9.908625537E-02  7.694964298E-02
  1.007513809E-01  7.694660116E-02
  1.024361341E-01  7.694378383E-02
  1.041402616E-01  7.694126632E-02
  1.058635176E-01  7.693889796E-02
  1.076055405E-01  7.693672691E-02
  1.093661733E-01  7.693488286E-02
  1.111451977E-01  7.693313746E-02
  1.129423233E-01  7.693162221E-02
  1.147569523E-01  7.693032578E-02
  1.165891310E-01  7.692915134E-02
  1.184383604E-01  7.692828237E-02
  1.203046637E-01  7.692753357E-02
  1.221876713E-01  7.692698028E-02
  1.240868941E-01  7.692665715E-02
  1.260022968E-01  7.692656029E-02
  1.279176995E-01  7.692665715E-02
  1.298170340E-01  7.692698028E-02
  1.317000416E-01  7.692751024E-02
  1.335664380E-01  7.692817806E-02
  1.354159441E-01  7.692904882E-02
  1.372483725E-01  7.693022327E-02
  1.390630982E-01  7.693151969E-02
  1.408599277E-01  7.693304060E-02
  1.426387781E-01  7.693468170E-02
  1.443993762E-01  7.693663005E-02
  1.461414356E-01  7.693872191E-02
  1.478646569E-01  7.694108848E-02
  1.495686933E-01  7.694365620E-02
  1.512535107E-01  7.694647354E-02
  1.529186437E-01  7.694944182E-02
  1.545638260E-01  7.695270247E-02
  1.561887659E-01  7.695617174E-02
  1.577933210E-01  7.695988137E-02
  1.593771748E-01  7.696381728E-02
  1.609399537E-01  7.696795436E-02
  1.624813483E-01  7.697234104E-02
  1.640011224E-01  7.697692710E-02
  1.654987980E-01  7.698176455E-02
  1.669741024E-01  7.698679571E-02
  1.684267766E-01  7.699197784E-02
  1.698564042E-01  7.699730525E-02
  1.712624284E-01  7.700283563E-02
  1.726446267E-01  7.700841266E-02
  1.740021477E-01  7.701411731E-02
  1.753347687E-01  7.701986475E-02
  1.766418939E-01  7.702564116E-02
  1.779227765E-01  7.703134018E-02
  1.791768982E-01  7.703701231E-02
  1.804032395E-01  7.704260525E-02
  1.816011905E-01  7.704797192E-02
  1.827696623E-01  7.705318587E-02
  1.839073370E-01  7.705807105E-02
  1.850129110E-01  7.706265642E-02
  1.860843762E-01  7.706693455E-02
  1.871195321E-01  7.707083549E-02
  1.881147285E-01  7.707453349E-02
  1.890640936E-01  7.707807313E-02
  1.899536753E-01  7.708191467E-02
  1.907855912E-01  7.709164399E-02
  1.915830436E-01  7.710889761E-02
  1.923633645E-01  7.713356378E-02
  1.931369947E-01  7.716544671E-02
  1.939123951E-01  7.720452159E-02
  1.946963899E-01  7.725095673E-02
  1.954951713E-01  7.730502892E-02
  1.963145210E-01  7.736691604E-02
  1.971601749E-01  7.743706317E-02
  1.980379937E-01  7.751586342E-02
  1.989547021E-01  7.760395106E-02
  1.999152337E-01  7.770106340E-02
  2.009216785E-01  7.780663338E-02
  2.019747592E-01  7.791993165E-02
  2.030737218E-01  7.803993293E-02
  2.042167013E-01  7.816531930E-02
  2.054009832E-01  7.829490885E-02
  2.066221603E-01  7.842724042E-02
  2.078741418E-01  7.856073723E-02
  2.091531457E-01  7.869515149E-02
  2.104583710E-01  7.883087985E-02
  2.117904928E-01  7.896862654E-02
  2.131515229E-01  7.910918876E-02
  2.145443736E-01  7.925339810E-02
  2.159737322E-01  7.940243742E-02
  2.174456026E-01  7.955786760E-02
  2.189702252E-01  7.972190247E-02
  2.205568515E-01  7.989502535E-02
  2.222077224E-01  8.007468261E-02
  2.239213690E-01  8.025796187E-02
  2.256935064E-01  8.044168443E-02
  2.275191466E-01  8.062291282E-02
  2.293921548E-01  8.079806321E-02
  2.313193333E-01  8.096368581E-02
  2.332899583E-01  8.111261306E-02
  2.352890202E-01  8.123445099E-02
  2.372905709E-01  8.131328129E-02
  2.392643123E-01  8.133962112E-02
  2.411925095E-01  8.132280593E-02
  2.430698361E-01  8.127221641E-02
  2.448986811E-01  8.119621509E-02
  2.466913021E-01  8.110178504E-02
  2.484527865E-01  8.098265699E-02
  2.502106839E-01  8.087395328E-02
  2.520000041E-01  8.081718326E-02
 -2.328310045E-10  8.146019103E-02
  1.822782616E-03  8.151044169E-02
  3.586842695E-03  8.160559917E-02
  5.342792532E-03  8.171095622E-02
  7.127448243E-03  8.179334718E-02
  8.949345191E-03  8.186015050E-02
  1.082098852E-02  8.190514167E-02
  1.274477262E-02  8.192110396E-02
  1.471503883E-02  8.189930822E-02
  1.671387645E-02  8.183141587E-02
  1.871075846E-02  8.172599555E-02
  2.068002596E-02  8.159738871E-02
  2.260607745E-02  8.145456113E-02
  2.447809039E-02  8.130373156E-02
  2.630290751E-02  8.114793030E-02
  2.807457704E-02  8.099001426E-02
  2.978768073E-02  8.083239625E-02
  3.143830864E-02  8.067786349E-02
  3.302474497E-02  8.052907974E-02
  3.454910462E-02  8.038848192E-02
  3.602101975E-02  8.025536072E-02
  3.745038848E-02  8.012781300E-02
  3.884338131E-02  8.000462328E-02
  4.020467563E-02  7.988453899E-02
  4.153712517E-02  7.976681818E-02
  4.284267066E-02  7.965061062E-02
  4.412194323E-02  7.953541713E-02
  4.537414368E-02  7.942071287E-02
  4.659564402E-02  7.930669702E-02
  4.778037159E-02  7.919470931E-02
  4.892372390E-02  7.908600031E-02
  5.002310345E-02  7.898181315E-02
  5.107648214E-02  7.888319148E-02
  5.208333610E-02  7.879115737E-02
  5.304414187E-02  7.870636535E-02
  5.396119398E-02  7.862951029E-02
  5.483927267E-02  7.856074232E-02
  5.568512604E-02  7.849959887E-02
  5.650457926E-02  7.844579310E-02
  5.730345828E-02  7.839901059E-02
  5.808756012E-02  7.835902846E-02
  5.886291336E-02  7.832559830E-02
  5.963671203E-02  7.829882063E-02
  6.041696403E-02  7.827872685E-02
  6.121433951E-02  7.826538468E-02
  6.204623781E-02  7.825918200E-02
  6.293563870E-02  7.825844027E-02
  6.388491388E-02  7.825776006E-02
  6.487983791E-02  7.825670065E-02
  6.591483729E-02  7.825510670E-02
  6.698626388E-02  7.825303150E-02
  6.809168944E-02  7.825038366E-02
  6.922934754E-02  7.824735142E-02
  7.039777324E-02  7.824389120E-02
  7.159572342E-02  7.824010730E-02
  7.282210283E-02  7.823606897E-02
  7.407618152E-02  7.823182749E-02
  7.535708758E-02  7.822743786E-02
  7.666416970E-02  7.822302061E-02
  7.799677534E-02  7.821842980E-02
  7.935440881E-02  7.821398689E-02
  8.073643942E-02  7.820951636E-02
  8.214254504E-02  7.820504582E-02
  8.357217543E-02  7.820075081E-02
  8.502493573E-02  7.819652699E-02
  8.650036682E-02  7.819247672E-02
  8.799830216E-02  7.818857435E-02
  8.951818454E-02  7.818479644E-02
  9.105972068E-02  7.818116644E-02
  9.262277938E-02  7.817773759E-02
  9.420683578E-02  7.817448426E-02
  9.581162300E-02  7.817140250E-02
  9.743688111E-02  7.816849276E-02
  9.908226655E-02  7.816578570E-02
  1.007476493E-01  7.816325066E-02
  1.024326089E-01  7.816088916E-02
  1.041369955E-01  7.815877240E-02
  1.058604834E-01  7.815678561E-02
  1.076027656E-01  7.815496885E-02
  1.093636555E-01  7.815342798E-02
  1.111429352E-01  7.815195830E-02
  1.129403199E-01  7.815069725E-02
  1.147552061E-01  7.814960228E-02
  1.165876905E-01  7.814860614E-02
  1.184372048E-01  7.814788786E-02
  1.203037905E-01  7.814724078E-02
  1.221870785E-01  7.814678938E-02
  1.240865861E-01  7.814651702E-02
  1.260022968E-01  7.814641818E-02
  1.279179819E-01  7.814651702E-02
  1.298175973E-01  7.814678938E-02
  1.317008872E-01  7.814724078E-02
  1.335675663E-01  7.814778552E-02
  1.354173545E-01  7.814852946E-02
  1.372500677E-01  7.814949995E-02
  1.390650506E-01  7.815059294E-02
  1.408621374E-01  7.815188710E-02
  1.426412235E-01  7.815325444E-02
  1.444020767E-01  7.815487003E-02
  1.461443955E-01  7.815661207E-02
  1.478678468E-01  7.815859887E-02
  1.495721676E-01  7.816078485E-02
  1.512572186E-01  7.816314635E-02
  1.529226049E-01  7.816561216E-02
  1.545680254E-01  7.816831724E-02
  1.561931737E-01  7.817122896E-02
  1.577979334E-01  7.817430875E-02
  1.593819952E-01  7.817756405E-02
  1.609449294E-01  7.818099289E-02
  1.624865099E-01  7.818462290E-02
  1.640064669E-01  7.818840080E-02
  1.655043019E-01  7.819237986E-02
  1.669797642E-01  7.819650134E-02
  1.684325661E-01  7.820072516E-02
  1.698623304E-01  7.820504582E-02
  1.712684597E-01  7.820951636E-02
  1.726507681E-01  7.821398689E-02
  1.740083705E-01  7.821853214E-02
  1.753410730E-01  7.822304823E-02
  1.766482520E-01  7.822754019E-02
  1.779291690E-01  7.823193180E-02
  1.791833208E-01  7.823617130E-02
  1.804097185E-01  7.824028085E-02
  1.816076504E-01  7.824409237E-02
  1.827761294E-01  7.824762379E-02
  1.839137800E-01  7.825075289E-02
  1.850193099E-01  7.825340818E-02
  1.860907310E-01  7.825558024E-02
  1.871258362E-01  7.825714655E-02
  1.881209634E-01  7.825831027E-02
  1.890702607E-01  7.825901067E-02
  1.899597390E-01  7.825973025E-02
  1.907916302E-01  7.826603175E-02
  1.915890596E-01  7.827937591E-02
  1.923693590E-01  7.829957201E-02
  1.931430190E-01  7.832642089E-02
  1.939184158E-01  7.835980353E-02
  1.947024658E-01  7.839983318E-02
  1.955013237E-01  7.844671255E-02
  1.963207512E-01  7.850051832E-02
  1.971665307E-01  7.856166725E-02
  1.980445005E-01  7.863045736E-02
  1.989613607E-01  7.870738911E-02
  1.999220943E-01  7.879218113E-02
  2.009287379E-01  7.888421327E-02
  2.019820199E-01  7.898280928E-02
  2.030811769E-01  7.908702209E-02
  2.042243024E-01  7.919563424E-02
  2.054087576E-01  7.930761648E-02
  2.066301120E-01  7.942165797E-02
  2.078821567E-01  7.953633658E-02
  2.091612061E-01  7.965153007E-02
  2.104664755E-01  7.976763529E-02
  2.117986179E-01  7.988538176E-02
  2.131596132E-01  8.000543842E-02
  2.145524115E-01  8.012866124E-02
  2.159816822E-01  8.025603345E-02
  2.174533926E-01  8.038903016E-02
  2.189777769E-01  8.052969569E-02
  2.205640624E-01  8.067840823E-02
  2.222144487E-01  8.083284215E-02
  2.239274982E-01  8.099038897E-02
  2.256988941E-01  8.114827935E-02
  2.275236365E-01  8.130410627E-02
  2.293955214E-01  8.145481332E-02
  2.313212739E-01  8.159756225E-02
  2.332901713E-01  8.172617106E-02
  2.352870249E-01  8.183161704E-02
  2.372857919E-01  8.189948176E-02
  2.392560291E-01  8.192110396E-02
  2.411797139E-01  8.190524597E-02
  2.430512968E-01  8.186025481E-02
  2.448729827E-01  8.179345149E-02
  2.466575332E-01  8.171095622E-02
  2.484132637E-01  8.160562679E-02
  2.501772282E-01  8.151051289E-02
  2.520000041E-01  8.146021865E-02
 -2.328310045E-10  8.202183480E-02
  1.859351621E-03  8.206602570E-02
  3.627043631E-03  8.214818348E-02
  5.375066616E-03  8.224036742E-02
  7.150859883E-03  8.231146995E-02
  8.965572315E-03  8.236949120E-02
  1.083174811E-02  8.240899192E-02
  1.275135999E-02  8.242372394E-02
  1.471842045E-02  8.240592660E-02
  1.671466746E-02  8.234782737E-02
  1.870952900E-02  8.225729142E-02
  2.067708361E-02  8.214708964E-02
  2.260172977E-02  8.202494444E-02
  2.447260077E-02  8.189611913E-02
  2.629645183E-02  8.176319577E-02
  2.806724365E-02  8.162846846E-02
  2.977968803E-02  8.149403918E-02
  3.142970162E-02  8.136216509E-02
  3.301569786E-02  8.123529399E-02
  3.453966323E-02  8.111560432E-02
  3.601127080E-02  8.100250782E-02
  3.744041867E-02  8.089428132E-02
  3.883323644E-02  8.078984348E-02
  4.019435571E-02  8.068802683E-02
  4.152671691E-02  8.058818100E-02
  4.283217405E-02  8.048954086E-02
  4.411140408E-02  8.039160723E-02
  4.536360453E-02  8.029381271E-02
  4.658510487E-02  8.019635324E-02
  4.776987498E-02  8.010030676E-02
  4.891331564E-02  8.000683551E-02
  5.001282771E-02  7.991709427E-02
  5.106633727E-02  7.983186821E-02
  5.207327957E-02  7.975221866E-02
  5.303426040E-02  7.967871180E-02
  5.395140086E-02  7.961204578E-02
  5.482961206E-02  7.955245907E-02
  5.567555213E-02  7.949952509E-02
  5.649509371E-02  7.945301263E-02
  5.729410524E-02  7.941272833E-02
  5.807820544E-02  7.937841332E-02
  5.885364703E-02  7.935007441E-02
  5.962744570E-02  7.932764524E-02
  6.040778604E-02  7.931136990E-02
  6.120511735E-02  7.930128010E-02
  6.203701565E-02  7.929788809E-02
  6.292641491E-02  7.929956110E-02
  6.387564755E-02  7.930107640E-02
  6.487061412E-02  7.930190494E-02
  6.590561676E-02  7.930197972E-02
  6.697708589E-02  7.930144236E-02
  6.808255726E-02  7.930019822E-02
  6.922030043E-02  7.929843879E-02
  7.038876867E-02  7.929620884E-02
  7.158680719E-02  7.929361269E-02
  7.281332075E-02  7.929067375E-02
  7.406753033E-02  7.928752840E-02
  7.534861307E-02  7.928414981E-02
  7.665582608E-02  7.928069780E-02
  7.798860841E-02  7.927711805E-02
  7.934645783E-02  7.927359785E-02
  8.072871093E-02  7.927000421E-02
  8.213499324E-02  7.926641057E-02
  8.356484285E-02  7.926294992E-02
  8.501786491E-02  7.925951793E-02
  8.649351850E-02  7.925621368E-02
  8.799166980E-02  7.925296898E-02
  8.951186302E-02  7.924989456E-02
  9.105361511E-02  7.924687969E-02
  9.261693557E-02  7.924406598E-02
  9.420125700E-02  7.924138525E-02
  9.580635179E-02  7.923882701E-02
  9.743187494E-02  7.923640480E-02
  9.907756794E-02  7.923417546E-02
  1.007432583E-01  7.923208214E-02
  1.024284829E-01  7.923011655E-02
  1.041331771E-01  7.922830736E-02
  1.058569693E-01  7.922667067E-02
  1.075995623E-01  7.922516476E-02
  1.093607564E-01  7.922388564E-02
  1.111403438E-01  7.922263519E-02
  1.129380361E-01  7.922159336E-02
  1.147532299E-01  7.922067181E-02
  1.165860218E-01  7.921985236E-02
  1.184358895E-01  7.921926496E-02
  1.203027827E-01  7.921870623E-02
  1.221863750E-01  7.921834645E-02
  1.240862360E-01  7.921811662E-02
  1.260022968E-01  7.921801451E-02
  1.279182894E-01  7.921811662E-02
  1.298182517E-01  7.921834645E-02
  1.317018492E-01  7.921870623E-02
  1.335688424E-01  7.921916590E-02
  1.354189316E-01  7.921982149E-02
  1.372519982E-01  7.922057275E-02
  1.390672887E-01  7.922148905E-02
  1.408646830E-01  7.922260652E-02
  1.426440767E-01  7.922375791E-02
  1.444051982E-01  7.922506266E-02
  1.461478638E-01  7.922654294E-02
  1.478715834E-01  7.922817964E-02
  1.495762511E-01  7.923001224E-02
  1.512615704E-01  7.923197783E-02
  1.529272577E-01  7.923404772E-02
  1.545730316E-01  7.923627182E-02
  1.561984483E-01  7.923869928E-02
  1.578034696E-01  7.924125228E-02
  1.593877932E-01  7.924393825E-02
  1.609509434E-01  7.924675195E-02
  1.624928379E-01  7.924976682E-02
  1.640130568E-01  7.925284124E-02
  1.655111142E-01  7.925611683E-02
  1.669868383E-01  7.925944974E-02
  1.684398103E-01  7.926288173E-02
  1.698698429E-01  7.926641057E-02
  1.712761881E-01  7.927000421E-02
  1.726586733E-01  7.927359785E-02
  1.740164523E-01  7.927721711E-02
  1.753493315E-01  7.928077123E-02
  1.766566414E-01  7.928424888E-02
  1.779377285E-01  7.928763271E-02
  1.791919720E-01  7.929077281E-02
  1.804185463E-01  7.929374043E-02
  1.816165241E-01  7.929641001E-02
  1.827851340E-01  7.929866863E-02
  1.839228697E-01  7.930052491E-02
  1.850284454E-01  7.930177651E-02
  1.860999123E-01  7.930241072E-02
  1.871350109E-01  7.930226250E-02
  1.881301840E-01  7.930153828E-02
  1.890794878E-01  7.930008896E-02
  1.899689138E-01  7.929834472E-02
  1.908008114E-01  7.930183884E-02
  1.915982802E-01  7.931193389E-02
  1.923785795E-01  7.932830828E-02
  1.931523246E-01  7.935076612E-02
  1.939277214E-01  7.937913931E-02
  1.947118630E-01  7.941342004E-02
  1.955108060E-01  7.945380120E-02
  1.963302793E-01  7.950031366E-02
  1.971761896E-01  7.955324985E-02
  1.980542970E-01  7.961290778E-02
  1.989712422E-01  7.967960468E-02
  1.999321917E-01  7.975311154E-02
  2.009389269E-01  7.983275585E-02
  2.019923464E-01  7.991791371E-02
  2.030915819E-01  8.000772314E-02
  2.042347532E-01  8.010109754E-02
  2.054192935E-01  8.019714181E-02
  2.066407395E-01  8.029466947E-02
  2.078926926E-01  8.039239580E-02
  2.091716569E-01  8.049032944E-02
  2.104768806E-01  8.058887051E-02
  2.118089378E-01  8.068878452E-02
  2.131697564E-01  8.079052774E-02
  2.145623846E-01  8.089504122E-02
  2.159914262E-01  8.100313473E-02
  2.174628357E-01  8.111606095E-02
  2.189868666E-01  8.123578234E-02
  2.205726285E-01  8.136262476E-02
  2.222224847E-01  8.149439674E-02
  2.239347882E-01  8.162879736E-02
  2.257053530E-01  8.176345647E-02
  2.275291662E-01  8.189644803E-02
  2.293998666E-01  8.202510829E-02
  2.313242121E-01  8.214721738E-02
  2.332914408E-01  8.225742440E-02
  2.352862331E-01  8.234802854E-02
  2.372824544E-01  8.240605433E-02
  2.392494392E-01  8.242372394E-02
  2.411689555E-01  8.240909623E-02
  2.430350480E-01  8.236959551E-02
  2.448495748E-01  8.231157426E-02
  2.466252580E-01  8.224036742E-02
  2.483730834E-01  8.214825691E-02
  2.501406471E-01  8.206605437E-02
  2.520000041E-01  8.202190822E-02
 -2.328310045E-10  8.250986993E-02
  1.887393293E-03  8.254852064E-02
  3.665100898E-03  8.261892915E-02
  5.404133861E-03  8.269909435E-02
  7.171394706E-03  8.276004174E-02
  8.979543456E-03  8.281011227E-02
  1.084083658E-02  8.284457572E-02
  1.275675623E-02  8.285802141E-02
  1.472098748E-02  8.284361323E-02
  1.671495521E-02  8.279417897E-02
  1.870800632E-02  8.271685743E-02
  2.067400873E-02  8.262297065E-02
  2.259735239E-02  8.251913250E-02
  2.446716590E-02  8.240974987E-02
  2.629010354E-02  8.229701942E-02
  2.806006669E-02  8.218276201E-02
  2.977183829E-02  8.206877739E-02
  3.142124317E-02  8.195689802E-02
  3.300675679E-02  8.184934038E-02
  3.453032086E-02  8.174805067E-02
  3.600160259E-02  8.165255503E-02
  3.743049189E-02  8.156128690E-02
  3.882309836E-02  8.147328750E-02
  4.018401515E-02  8.138749021E-02
  4.151624052E-02  8.130332282E-02
  4.282156215E-02  8.122011155E-02
  4.410070393E-02  8.113735661E-02
  4.535285362E-02  8.105448842E-02
  4.657431172E-02  8.097166601E-02
  4.775907677E-02  8.088976632E-02
  4.890255145E-02  8.080986557E-02
  5.000213581E-02  8.073299278E-02
  5.105573390E-02  8.065976583E-02
  5.206274395E-02  8.059120568E-02
  5.302384277E-02  8.052782655E-02
  5.394105979E-02  8.047031301E-02
  5.481936882E-02  8.041894544E-02
  5.566538436E-02  8.037335555E-02
  5.648500219E-02  8.033334964E-02
  5.728412006E-02  8.029883358E-02
  5.806824470E-02  8.026953940E-02
  5.884377105E-02  8.024563141E-02
  5.961758675E-02  8.022697113E-02
  6.039800365E-02  8.021392079E-02
  6.119533041E-02  8.020651367E-02
  6.202724573E-02  8.020536287E-02
  6.291667793E-02  8.020889233E-02
  6.386591531E-02  8.021204004E-02
  6.486094460E-02  8.021426783E-02
  6.589599169E-02  8.021557770E-02
  6.696754056E-02  8.021617840E-02
  6.807309325E-02  8.021599008E-02
  6.921094419E-02  8.021519889E-02
  7.037950919E-02  8.021392490E-02
  7.157766652E-02  8.021224721E-02
  7.280433797E-02  8.021018484E-02
  7.405870385E-02  8.020791449E-02
  7.533998135E-02  8.020536049E-02
  7.664736705E-02  8.020270345E-02
  7.798035295E-02  8.019994893E-02
  7.933842485E-02  8.019718557E-02
  8.072091240E-02  8.019432736E-02
  8.212741531E-02  8.019146852E-02
  8.355749717E-02  8.018869698E-02
  8.501078077E-02  8.018593425E-02
  8.648668521E-02  8.018325955E-02
  8.798507538E-02  8.018058550E-02
  8.950556259E-02  8.017809494E-02
  9.104756175E-02  8.017562204E-02
  9.261115195E-02  8.017332446E-02
  9.419575415E-02  8.017113055E-02
  9.580114893E-02  8.016901849E-02
  9.742695222E-02  8.016701756E-02
  9.907295403E-02  8.016519533E-02
  1.007389450E-01  8.016347602E-02
  1.024244492E-01  8.016185295E-02
  1.041294440E-01  8.016031916E-02
  1.058535428E-01  8.015897771E-02
  1.075964380E-01  8.015773995E-02
  1.093579305E-01  8.015668014E-02
  1.111378191E-01  8.015562852E-02
  1.129358114E-01  8.015476786E-02
  1.147513140E-01  8.015400544E-02
  1.165844147E-01  8.015333093E-02
  1.184346133E-01  8.015284814E-02
  1.203018154E-01  8.015237417E-02
  1.221857060E-01  8.015209317E-02
  1.240858985E-01  8.015190083E-02
  1.260022892E-01  8.015180535E-02
  1.279185812E-01  8.015190083E-02
  1.298188706E-01  8.015209317E-02
  1.317027775E-01  8.015237417E-02
  1.335700745E-01  8.015275948E-02
  1.354204687E-01  8.015333093E-02
  1.372538580E-01  8.015390858E-02
  1.390694491E-01  8.015467238E-02
  1.408671516E-01  8.015562852E-02
  1.426468459E-01  8.015659147E-02
  1.444082415E-01  8.015763628E-02
  1.461512419E-01  8.015888906E-02
  1.478752444E-01  8.016023050E-02
  1.495802468E-01  8.016174927E-02
  1.512658490E-01  8.016337171E-02
  1.529318325E-01  8.016509847E-02
  1.545779367E-01  8.016692208E-02
  1.562036363E-01  8.016892983E-02
  1.578089362E-01  8.017102688E-02
  1.593935207E-01  8.017322698E-02
  1.609569261E-01  8.017552455E-02
  1.624991169E-01  8.017800627E-02
  1.640196055E-01  8.018048801E-02
  1.655179050E-01  8.018317090E-02
  1.669939076E-01  8.018584558E-02
  1.684470889E-01  8.018860831E-02
  1.698773855E-01  8.019146033E-02
  1.712839621E-01  8.019432736E-02
  1.726666496E-01  8.019718557E-02
  1.740246334E-01  8.020003758E-02
  1.753577074E-01  8.020279893E-02
  1.766651988E-01  8.020544916E-02
  1.779464687E-01  8.020800997E-02
  1.792008495E-01  8.021028170E-02
  1.804276022E-01  8.021234470E-02
  1.816256777E-01  8.021410905E-02
  1.827944351E-01  8.021539123E-02
  1.839322886E-01  8.021627108E-02
  1.850379457E-01  8.021646622E-02
  1.861094939E-01  8.021596239E-02
  1.871446398E-01  8.021455765E-02
  1.881398853E-01  8.021242535E-02
  1.890892188E-01  8.020936567E-02
  1.899786436E-01  8.020574136E-02
  1.908105796E-01  8.020699647E-02
  1.916080912E-01  8.021440158E-02
  1.923884082E-01  8.022754877E-02
  1.931622359E-01  8.024620905E-02
  1.939376503E-01  8.027019952E-02
  1.947218701E-01  8.029942006E-02
  1.955208956E-01  8.033402478E-02
  1.963404162E-01  8.037402250E-02
  1.971864236E-01  8.041961175E-02
  1.980646399E-01  8.047107480E-02
  1.989816588E-01  8.052859716E-02
  1.999427464E-01  8.059197568E-02
  2.009495522E-01  8.066052900E-02
  2.020030630E-01  8.073366791E-02
  2.031023439E-01  8.081062936E-02
  2.042455297E-01  8.089044146E-02
  2.054300844E-01  8.097234115E-02
  2.066515405E-01  8.105525158E-02
  2.079033826E-01  8.113802354E-02
  2.091822379E-01  8.122077786E-02
  2.104873639E-01  8.130390047E-02
  2.118192793E-01  8.138815652E-02
  2.131799019E-01  8.147385834E-02
  2.145723221E-01  8.156195321E-02
  2.160010920E-01  8.165312586E-02
  2.174721877E-01  8.174843735E-02
  2.189958366E-01  8.184972569E-02
  2.205810679E-01  8.195728333E-02
  2.222303550E-01  8.206905902E-02
  2.239419363E-01  8.218304363E-02
  2.257117114E-01  8.229721239E-02
  2.275346285E-01  8.241003970E-02
  2.294042341E-01  8.251923618E-02
  2.313272846E-01  8.262306751E-02
  2.332929988E-01  8.271696174E-02
  2.352859528E-01  8.279437195E-02
  2.372799250E-01  8.284371009E-02
  2.392440329E-01  8.285802141E-02
  2.411598757E-01  8.284467120E-02
  2.430210671E-01  8.281021658E-02
  2.448290498E-01  8.276013722E-02
  2.465961929E-01  8.269909435E-02
  2.483350421E-01  8.261902463E-02
  2.501125987E-01  8.254852064E-02
  2.520000041E-01  8.250996540E-02
 -2.328310045E-10  8.293586870E-02
  1.900597653E-03  8.296885458E-02
  3.707753323E-03  8.302763901E-02
  5.432594061E-03  8.309558641E-02
  7.189897278E-03  8.314662463E-02
  8.991348474E-03  8.318879040E-02
  1.084798203E-02  8.321805269E-02
  1.276047707E-02  8.322971968E-02
  1.472210714E-02  8.321801267E-02
  1.671400023E-02  8.317661075E-02
  1.870530577E-02  8.311167138E-02
  2.066976072E-02  8.303299797E-02
  2.259172190E-02  8.294615188E-02
  2.446041544E-02  8.285471322E-02
  2.628233248E-02  8.276055480E-02
  2.805137316E-02  8.266513193E-02
  2.976225603E-02  8.256988373E-02
  3.141090342E-02  8.247638012E-02
  3.299569330E-02  8.238650394E-02
  3.451872990E-02  8.230197567E-02
  3.598955039E-02  8.222244904E-02
  3.741801281E-02  8.214649487E-02
  3.881025618E-02  8.207327949E-02
  4.017084422E-02  8.200190558E-02
  4.150277273E-02  8.193186471E-02
  4.280779872E-02  8.186261559E-02
  4.408670866E-02  8.179365596E-02
  4.533866087E-02  8.172451930E-02
  4.655995458E-02  8.165522969E-02
  4.774458838E-02  8.158656841E-02
  4.888796369E-02  8.151950861E-02
  4.998748181E-02  8.145482172E-02
  5.104108113E-02  8.139315262E-02
  5.204812307E-02  8.133526219E-02
  5.300922189E-02  8.128169409E-02
  5.392650515E-02  8.123307158E-02
  5.480484731E-02  8.118960632E-02
  5.565092909E-02  8.115106252E-02
  5.647061193E-02  8.111724646E-02
  5.726979604E-02  8.108813274E-02
  5.805402004E-02  8.106351223E-02
  5.882964453E-02  8.104349283E-02
  5.960352647E-02  8.102809309E-02
  6.038400961E-02  8.101757708E-02
  6.118143451E-02  8.101207869E-02
  6.201341607E-02  8.101227724E-02
  6.290298075E-02  8.101669728E-02
  6.385234816E-02  8.102043871E-02
  6.484750993E-02  8.102315962E-02
  6.588272140E-02  8.102489883E-02
  6.695446899E-02  8.102589452E-02
  6.806021794E-02  8.102613309E-02
  6.919826516E-02  8.102577124E-02
  7.036709513E-02  8.102499038E-02
  7.156548307E-02  8.102377147E-02
  7.279241703E-02  8.102223658E-02
  7.404704787E-02  8.102049615E-02
  7.532861978E-02  8.101849907E-02
  7.663633423E-02  8.101640385E-02
  7.796964889E-02  8.101420870E-02
  7.932802009E-02  8.101197036E-02
  8.071083640E-02  8.100967398E-02
  8.211773430E-02  8.100737451E-02
  8.354814491E-02  8.100509609E-02
  8.500175972E-02  8.100286084E-02
  8.647805670E-02  8.100067927E-02
  8.797680996E-02  8.099850079E-02
  8.949762593E-02  8.099643712E-02
  9.104002008E-02  8.099445981E-02
  9.260397338E-02  8.099255722E-02
  9.418897303E-02  8.099075585E-02
  9.579472845E-02  8.098900689E-02
  9.742092674E-02  8.098736661E-02
  9.906732354E-02  8.098587558E-02
  1.007336776E-01  8.098445313E-02
  1.024195743E-01  8.098312446E-02
  1.041249322E-01  8.098185564E-02
  1.058494260E-01  8.098074481E-02
  1.075926819E-01  8.097973520E-02
  1.093545375E-01  8.097884222E-02
  1.111347916E-01  8.097798933E-02
  1.129331446E-01  8.097725870E-02
  1.147490421E-01  8.097666066E-02
  1.165825379E-01  8.097608674E-02
  1.184330971E-01  8.097566773E-02
  1.203006941E-01  8.097529190E-02
  1.221849479E-01  8.097507713E-02
  1.240855035E-01  8.097491915E-02
  1.260022598E-01  8.097485801E-02
  1.279189099E-01  8.097491915E-02
  1.298195625E-01  8.097507713E-02
  1.317038668E-01  8.097529190E-02
  1.335715219E-01  8.097561096E-02
  1.354223136E-01  8.097608674E-02
  1.372560317E-01  8.097656380E-02
  1.390719859E-01  8.097719757E-02
  1.408700809E-01  8.097798933E-02
  1.426501383E-01  8.097878545E-02
  1.444118970E-01  8.097963398E-02
  1.461552899E-01  8.098068805E-02
  1.478796899E-01  8.098179887E-02
  1.495850848E-01  8.098302324E-02
  1.512710845E-01  8.098434882E-02
  1.529374311E-01  8.098577872E-02
  1.545838935E-01  8.098730547E-02
  1.562099906E-01  8.098895012E-02
  1.578156878E-01  8.099065463E-02
  1.594006012E-01  8.099245728E-02
  1.609644335E-01  8.099435986E-02
  1.625069530E-01  8.099638036E-02
  1.640278047E-01  8.099840085E-02
  1.655264624E-01  8.100062251E-02
  1.670028624E-01  8.100280407E-02
  1.684564117E-01  8.100503932E-02
  1.698870322E-01  8.100733442E-02
  1.712939424E-01  8.100967398E-02
  1.726769537E-01  8.101197036E-02
  1.740352712E-01  8.101426546E-02
  1.753686396E-01  8.101646499E-02
  1.766764941E-01  8.101855584E-02
  1.779580290E-01  8.102055729E-02
  1.792127042E-01  8.102233344E-02
  1.804396875E-01  8.102387142E-02
  1.816380231E-01  8.102510829E-02
  1.828070110E-01  8.102592924E-02
  1.839451002E-01  8.102634785E-02
  1.850509534E-01  8.102611365E-02
  1.861226979E-01  8.102521482E-02
  1.871580450E-01  8.102341755E-02
  1.881534524E-01  8.102075777E-02
  1.891028841E-01  8.101707003E-02
  1.899924413E-01  8.101259194E-02
  1.908245099E-01  8.101249770E-02
  1.916220853E-01  8.101795728E-02
  1.924024710E-01  8.102857015E-02
  1.931763967E-01  8.104396989E-02
  1.939518799E-01  8.106404478E-02
  1.947361635E-01  8.108865297E-02
  1.955352871E-01  8.111782347E-02
  1.963548715E-01  8.115159943E-02
  1.972009132E-01  8.119014015E-02
  1.980791933E-01  8.123366654E-02
  1.989962761E-01  8.128233222E-02
  1.999573341E-01  8.133589724E-02
  2.009641743E-01  8.139378330E-02
  2.020176802E-01  8.145539872E-02
  2.031169316E-01  8.152014238E-02
  2.042600537E-01  8.158714541E-02
  2.054444415E-01  8.165580670E-02
  2.066656965E-01  8.172514998E-02
  2.079173472E-01  8.179419287E-02
  2.091960014E-01  8.186314942E-02
  2.105008672E-01  8.193234177E-02
  2.118324539E-01  8.200243941E-02
  2.131927772E-01  8.207375219E-02
  2.145848343E-01  8.214702869E-02
  2.160131479E-01  8.222292173E-02
  2.174838117E-01  8.230233046E-02
  2.190069014E-01  8.238682301E-02
  2.205914408E-01  8.247669919E-02
  2.222399035E-01  8.257010157E-02
  2.239506311E-01  8.266534977E-02
  2.257195131E-01  8.276071588E-02
  2.275413801E-01  8.285497116E-02
  2.294098328E-01  8.294625311E-02
  2.313315338E-01  8.303309483E-02
  2.332957319E-01  8.311177569E-02
  2.352869391E-01  8.317677183E-02
  2.372788357E-01  8.321810952E-02
  2.392402792E-01  8.322971968E-02
  2.411527610E-01  8.321811382E-02
  2.430092811E-01  8.318889470E-02
  2.448105759E-01  8.314668576E-02
  2.465677436E-01  8.309558641E-02
  2.482923975E-01  8.302770014E-02
  2.500993995E-01  8.296885458E-02
  2.520000041E-01  8.293592983E-02
 -2.328310045E-10  8.330382160E-02
  1.912002809E-03  8.333191452E-02
  3.744594001E-03  8.338065874E-02
  5.457176322E-03  8.343805313E-02
  7.205878720E-03  8.348053238E-02
  9.001544959E-03  8.351587047E-02
  1.085415386E-02  8.354064031E-02
  1.276369093E-02  8.355077097E-02
  1.472307423E-02  8.354139707E-02
  1.671317538E-02  8.350693302E-02
  1.870297320E-02  8.345268865E-02
  2.066609153E-02  8.338715565E-02
  2.258685861E-02  8.331498631E-02
  2.445458479E-02  8.323904661E-02
  2.627562029E-02  8.316092963E-02
  2.804386420E-02  8.308177494E-02
  2.975397944E-02  8.300271016E-02
  3.140197256E-02  8.292507846E-02
  3.298613731E-02  8.285047449E-02
  3.450871830E-02  8.278042378E-02
  3.597914041E-02  8.271469024E-02
  3.740723411E-02  8.265196337E-02
  3.879916385E-02  8.259151758E-02
  4.015946794E-02  8.253260174E-02
  4.149114004E-02  8.247476253E-02
  4.279591068E-02  8.241757310E-02
  4.407462036E-02  8.236052906E-02
  4.532640199E-02  8.230325289E-02
  4.654755372E-02  8.224565214E-02
  4.773207414E-02  8.218842541E-02
  4.887536363E-02  8.213245688E-02
  4.997482455E-02  8.207829546E-02
  5.102842492E-02  8.202660934E-02
  5.203549441E-02  8.197793480E-02
  5.299659323E-02  8.193284090E-02
  5.391393371E-02  8.189189794E-02
  5.479230447E-02  8.185525823E-02
  5.563844347E-02  8.182280044E-02
  5.645818247E-02  8.179433082E-02
  5.725742379E-02  8.176988331E-02
  5.804173361E-02  8.174929965E-02
  5.881744286E-02  8.173263899E-02
  5.959138202E-02  8.172005551E-02
  6.037192238E-02  8.171172851E-02
  6.116943203E-02  8.170787877E-02
  6.200147081E-02  8.170924281E-02
  6.289114992E-02  8.171443207E-02
  6.384062965E-02  8.171868632E-02
  6.483590584E-02  8.172183317E-02
  6.587125929E-02  8.172394322E-02
  6.694317853E-02  8.172528008E-02
  6.804909701E-02  8.172588737E-02
  6.918731375E-02  8.172589636E-02
  7.035637258E-02  8.172554144E-02
  7.155495972E-02  8.172471880E-02
  7.278212042E-02  8.172363950E-02
  7.403698012E-02  8.172235680E-02
  7.531880631E-02  8.172084075E-02
  7.662680473E-02  8.171923080E-02
  7.796040334E-02  8.171751879E-02
  7.931903307E-02  8.171573394E-02
  8.070213334E-02  8.171392283E-02
  8.210937241E-02  8.171210651E-02
  8.354006698E-02  8.171025402E-02
  8.499396787E-02  8.170847437E-02
  8.647060389E-02  8.170671874E-02
  8.796967078E-02  8.170496832E-02
  8.949077070E-02  8.170327337E-02
  9.103350602E-02  8.170172411E-02
  9.259777295E-02  8.170016269E-02
  9.418311589E-02  8.169870038E-02
  9.578918282E-02  8.169726504E-02
  9.741572228E-02  8.169593626E-02
  9.906246025E-02  8.169473131E-02
  1.007291279E-01  8.169356527E-02
  1.024153637E-01  8.169249088E-02
  1.041210352E-01  8.169145092E-02
  1.058458702E-01  8.169053929E-02
  1.075894376E-01  8.168972676E-02
  1.093516068E-01  8.168897787E-02
  1.111321767E-01  8.168829663E-02
  1.129308412E-01  8.168767831E-02
  1.147470798E-01  8.168722224E-02
  1.165809168E-01  8.168673521E-02
  1.184317875E-01  8.168637130E-02
  1.202997257E-01  8.168608023E-02
  1.221842931E-01  8.168592268E-02
  1.240851624E-01  8.168579436E-02
  1.260022344E-01  8.168576289E-02
  1.279191939E-01  8.168579436E-02
  1.298201600E-01  8.168592268E-02
  1.317048077E-01  8.168608023E-02
  1.335727722E-01  8.168634208E-02
  1.354239072E-01  8.168673521E-02
  1.372579092E-01  8.168712538E-02
  1.390741770E-01  8.168764685E-02
  1.408726111E-01  8.168829663E-02
  1.426529821E-01  8.168894865E-02
  1.444150545E-01  8.168962766E-02
  1.461587864E-01  8.169051008E-02
  1.478835297E-01  8.169142171E-02
  1.495892636E-01  8.169239178E-02
  1.512756066E-01  8.169346096E-02
  1.529422669E-01  8.169463445E-02
  1.545890386E-01  8.169590479E-02
  1.562154790E-01  8.169723582E-02
  1.578215195E-01  8.169860127E-02
  1.594067169E-01  8.170006063E-02
  1.609709179E-01  8.170162205E-02
  1.625137214E-01  8.170324415E-02
  1.640348866E-01  8.170486626E-02
  1.655338537E-01  8.170668953E-02
  1.670105971E-01  8.170844515E-02
  1.684644642E-01  8.171022480E-02
  1.698953644E-01  8.171203887E-02
  1.713025628E-01  8.171392283E-02
  1.726858538E-01  8.171573394E-02
  1.740444596E-01  8.171754801E-02
  1.753780822E-01  8.171926227E-02
  1.766862503E-01  8.172086997E-02
  1.779680140E-01  8.172238826E-02
  1.792229436E-01  8.172373636E-02
  1.804501261E-01  8.172482086E-02
  1.816486863E-01  8.172560213E-02
  1.828178734E-01  8.172602469E-02
  1.839561660E-01  8.172604491E-02
  1.850621888E-01  8.172543988E-02
  1.861341028E-01  8.172419988E-02
  1.871696237E-01  8.172206355E-02
  1.881651710E-01  8.171894817E-02
  1.891146874E-01  8.171471795E-02
  1.900043590E-01  8.170950241E-02
  1.908365420E-01  8.170824268E-02
  1.916341725E-01  8.171202183E-02
  1.924146175E-01  8.172044569E-02
  1.931886280E-01  8.173302917E-02
  1.939641705E-01  8.174972201E-02
  1.947485092E-01  8.177034632E-02
  1.955477176E-01  8.179482306E-02
  1.963673571E-01  8.182322504E-02
  1.972134285E-01  8.185567763E-02
  1.980917637E-01  8.189234880E-02
  1.990089015E-01  8.193336460E-02
  1.999699342E-01  8.197845330E-02
  2.009768040E-01  8.202712560E-02
  2.020303057E-01  8.207878770E-02
  2.031295317E-01  8.213297833E-02
  2.042725986E-01  8.218891765E-02
  2.054568424E-01  8.224614437E-02
  2.066779236E-01  8.230376914E-02
  2.079294090E-01  8.236095366E-02
  2.092078894E-01  8.241799250E-02
  2.105125306E-01  8.247515271E-02
  2.118438334E-01  8.253302114E-02
  2.132038981E-01  8.259190551E-02
  2.145956416E-01  8.265238277E-02
  2.160235611E-01  8.271507818E-02
  2.174938519E-01  8.278075102E-02
  2.190164584E-01  8.285073634E-02
  2.206004002E-01  8.292534032E-02
  2.222481510E-01  8.300287290E-02
  2.239581411E-01  8.308193769E-02
  2.257262518E-01  8.316106316E-02
  2.275472118E-01  8.323927700E-02
  2.294146685E-01  8.331508542E-02
  2.313352041E-01  8.338725251E-02
  2.332980926E-01  8.345279296E-02
  2.352877910E-01  8.350706655E-02
  2.372778948E-01  8.354149392E-02
  2.392370370E-01  8.355077097E-02
  2.411466156E-01  8.354067177E-02
  2.429991011E-01  8.351597477E-02
  2.447946192E-01  8.348056384E-02
  2.465431707E-01  8.343805313E-02
  2.482555637E-01  8.338069021E-02
  2.500879989E-01  8.333191452E-02
  2.520000041E-01  8.330385306E-02
 -2.328310045E-10  8.362120121E-02
  1.921840383E-03  8.364507369E-02
  3.776371112E-03  8.368515768E-02
  5.478379874E-03  8.373344951E-02
  7.219663594E-03  8.376854618E-02
  9.010339989E-03  8.379799502E-02
  1.085947739E-02  8.381888987E-02
  1.276646305E-02  8.382769537E-02
  1.472390841E-02  8.382033389E-02
  1.671246390E-02  8.379185415E-02
  1.870096122E-02  8.374683479E-02
  2.066292665E-02  8.369263613E-02
  2.258266376E-02  8.363312630E-02
  2.444955553E-02  8.357055530E-02
  2.626983066E-02  8.350627494E-02
  2.803738730E-02  8.344115245E-02
  2.974684042E-02  8.337604676E-02
  3.139426919E-02  8.331210546E-02
  3.297789474E-02  8.325067462E-02
  3.450008275E-02  8.319311160E-02
  3.597016123E-02  8.313927536E-02
  3.739793689E-02  8.308795776E-02
  3.878959611E-02  8.303852643E-02
  4.014965527E-02  8.299035637E-02
  4.148110620E-02  8.294304176E-02
  4.278565659E-02  8.289625447E-02
  4.406419354E-02  8.284948829E-02
  4.531582803E-02  8.280244245E-02
  4.653685730E-02  8.275492397E-02
  4.772127993E-02  8.270756017E-02
  4.886449539E-02  8.266115847E-02
  4.996390696E-02  8.261607586E-02
  5.101750825E-02  8.257300062E-02
  5.202460149E-02  8.253227528E-02
  5.298570031E-02  8.249449084E-02
  5.390309015E-02  8.246017191E-02
  5.478148558E-02  8.242941963E-02
  5.562767393E-02  8.240221134E-02
  5.644746137E-02  8.237835332E-02
  5.724675204E-02  8.235793068E-02
  5.803113589E-02  8.234082902E-02
  5.880691826E-02  8.232706547E-02
  5.958090676E-02  8.231691116E-02
  6.036149647E-02  8.231047231E-02
  6.115907924E-02  8.230804461E-02
  6.199116737E-02  8.231041395E-02
  6.288094518E-02  8.231626672E-02
  6.383052178E-02  8.232096330E-02
  6.482589668E-02  8.232447754E-02
  6.586137259E-02  8.232690746E-02
  6.693343989E-02  8.232853860E-02
  6.803950459E-02  8.232946393E-02
  6.917786756E-02  8.232979278E-02
  7.034712379E-02  8.232980526E-02
  7.154588275E-02  8.232932442E-02
  7.277323902E-02  8.232863810E-02
  7.402829613E-02  8.232775021E-02
  7.531034166E-02  8.232664908E-02
  7.661858500E-02  8.232545770E-02
  7.795242855E-02  8.232416243E-02
  7.931128127E-02  8.232276874E-02
  8.069462647E-02  8.232137620E-02
  8.210215982E-02  8.231997662E-02
  8.353309932E-02  8.231849153E-02
  8.498724696E-02  8.231710486E-02
  8.646417544E-02  8.231571663E-02
  8.796351284E-02  8.231433542E-02
  8.948485769E-02  8.231295852E-02
  9.102788729E-02  8.231177847E-02
  9.259242473E-02  8.231051134E-02
  9.417806379E-02  8.230934148E-02
  9.578439941E-02  8.230817665E-02
  9.741123314E-02  8.230711656E-02
  9.905826540E-02  8.230615837E-02
  1.007252036E-01  8.230521350E-02
  1.024117318E-01  8.230435845E-02
  1.041176739E-01  8.230351589E-02
  1.058428031E-01  8.230277608E-02
  1.075866392E-01  8.230213354E-02
  1.093490789E-01  8.230150894E-02
  1.111299212E-01  8.230097575E-02
  1.129288544E-01  8.230045431E-02
  1.147453873E-01  8.230012070E-02
  1.165795185E-01  8.229970861E-02
  1.184306579E-01  8.229939222E-02
  1.202988904E-01  8.229917426E-02
  1.221837283E-01  8.229906606E-02
  1.240848681E-01  8.229896334E-02
  1.260022124E-01  8.229895746E-02
  1.279194388E-01  8.229896334E-02
  1.298206755E-01  8.229906606E-02
  1.317056193E-01  8.229917426E-02
  1.335738506E-01  8.229938676E-02
  1.354252817E-01  8.229970861E-02
  1.372595286E-01  8.230002384E-02
  1.390760670E-01  8.230044843E-02
  1.408747935E-01  8.230097575E-02
  1.426554351E-01  8.230150348E-02
  1.444177779E-01  8.230203626E-02
  1.461618023E-01  8.230277062E-02
  1.478868417E-01  8.230351044E-02
  1.495928681E-01  8.230426118E-02
  1.512795072E-01  8.230510919E-02
  1.529464379E-01  8.230606151E-02
  1.545934765E-01  8.230711069E-02
  1.562202130E-01  8.230817119E-02
  1.578265497E-01  8.230924420E-02
  1.594119920E-01  8.231040745E-02
  1.609765110E-01  8.231167458E-02
  1.625195594E-01  8.231295306E-02
  1.640409952E-01  8.231423153E-02
  1.655402292E-01  8.231571117E-02
  1.670172686E-01  8.231709941E-02
  1.684714099E-01  8.231848607E-02
  1.699025514E-01  8.231988522E-02
  1.713099984E-01  8.232137620E-02
  1.726935307E-01  8.232276874E-02
  1.740523850E-01  8.232416789E-02
  1.753862270E-01  8.232546358E-02
  1.766946656E-01  8.232665454E-02
  1.779766267E-01  8.232775609E-02
  1.792317757E-01  8.232873496E-02
  1.804591300E-01  8.232942831E-02
  1.816578839E-01  8.232981659E-02
  1.828272428E-01  8.232989552E-02
  1.839657109E-01  8.232957212E-02
  1.850718799E-01  8.232864721E-02
  1.861439402E-01  8.232711293E-02
  1.871796109E-01  8.232468416E-02
  1.881752788E-01  8.232117579E-02
  1.891248683E-01  8.231647765E-02
  1.900146387E-01  8.231062603E-02
  1.908469204E-01  8.230836100E-02
  1.916445985E-01  8.231069068E-02
  1.924250946E-01  8.231722640E-02
  1.931991782E-01  8.232738070E-02
  1.939747719E-01  8.234115633E-02
  1.947591581E-01  8.235834434E-02
  1.955584397E-01  8.237877244E-02
  1.963781266E-01  8.240253906E-02
  1.972242237E-01  8.242974033E-02
  1.981026063E-01  8.246049848E-02
  1.990197917E-01  8.249491584E-02
  1.999808025E-01  8.253269325E-02
  2.009876978E-01  8.257341817E-02
  2.020411958E-01  8.261649498E-02
  2.031404000E-01  8.266158305E-02
  2.042834194E-01  8.270797931E-02
  2.054675388E-01  8.275534309E-02
  2.066884702E-01  8.280286000E-02
  2.079398130E-01  8.284981602E-02
  2.092181435E-01  8.289657518E-02
  2.105225909E-01  8.294335700E-02
  2.118536488E-01  8.299067707E-02
  2.132134905E-01  8.303884125E-02
  2.146049635E-01  8.308827845E-02
  2.160325430E-01  8.313959018E-02
  2.175025121E-01  8.319341508E-02
  2.190247019E-01  8.325088711E-02
  2.206081282E-01  8.331231797E-02
  2.222552649E-01  8.337616198E-02
  2.239646189E-01  8.344126768E-02
  2.257320643E-01  8.350638471E-02
  2.275522420E-01  8.357076192E-02
  2.294188396E-01  8.363322358E-02
  2.313383698E-01  8.369273299E-02
  2.333001288E-01  8.374693910E-02
  2.352885257E-01  8.379196391E-02
  2.372770832E-01  8.382043075E-02
  2.392342404E-01  8.382769537E-02
  2.411413149E-01  8.381889575E-02
  2.429903202E-01  8.379809932E-02
  2.447808557E-01  8.376855206E-02
  2.465219753E-01  8.373344951E-02
  2.482237925E-01  8.368516356E-02
  2.500781652E-01  8.364507369E-02
  2.520000041E-01  8.362120709E-02
 -2.328310045E-10  8.389652468E-02
  1.941916537E-03  8.391587761E-02
  3.809027663E-03  8.394806745E-02
  5.497354222E-03  8.398710699E-02
  7.231260733E-03  8.401533055E-02
  9.017365298E-03  8.403907158E-02
  1.086342831E-02  8.405597549E-02
  1.276820039E-02  8.406315887E-02
  1.472392952E-02  8.405732907E-02
  1.671107571E-02  8.403442537E-02
  1.869836022E-02  8.399817481E-02
  2.065922354E-02  8.395457719E-02
  2.257791796E-02  8.390674887E-02
  2.444395170E-02  8.385647153E-02
  2.626341640E-02  8.380484061E-02
  2.803021089E-02  8.375253606E-02
  2.973893823E-02  8.370023151E-02
  3.138567957E-02  8.364885872E-02
  3.296863846E-02  8.359950684E-02
  3.449037992E-02  8.355329022E-02
  3.596002318E-02  8.351010811E-02
  3.738739953E-02  8.346895952E-02
  3.877871829E-02  8.342932817E-02
  4.013844171E-02  8.339071044E-02
  4.146957852E-02  8.335277264E-02
  4.277386121E-02  8.331525665E-02
  4.405214194E-02  8.327773437E-02
  4.530354110E-02  8.323996656E-02
  4.652434014E-02  8.320177064E-02
  4.770853878E-02  8.316366285E-02
  4.885156747E-02  8.312631056E-02
  4.995085914E-02  8.308997816E-02
  5.100441386E-02  8.305525116E-02
  5.201146579E-02  8.302238139E-02
  5.297251842E-02  8.299187249E-02
  5.388988840E-02  8.296415889E-02
  5.476828950E-02  8.293931611E-02
  5.561448919E-02  8.291734417E-02
  5.643430334E-02  8.289807938E-02
  5.723363596E-02  8.288160357E-02
  5.801808358E-02  8.286782861E-02
  5.879391392E-02  8.285676079E-02
  5.956799114E-02  8.284865195E-02
  6.034866957E-02  8.284357763E-02
  6.114637769E-02  8.284180225E-02
  6.197861689E-02  8.284399944E-02
  6.286855712E-02  8.284907376E-02
  6.381832574E-02  8.285312819E-02
  6.481389424E-02  8.285616900E-02
  6.584956805E-02  8.285828435E-02
  6.692184027E-02  8.285971976E-02
  6.802812450E-02  8.286056339E-02
  6.916670815E-02  8.286090335E-02
  7.033619566E-02  8.286098520E-02
  7.153519503E-02  8.286064523E-02
  7.276278217E-02  8.286014158E-02
  7.401814794E-02  8.285946794E-02
  7.530050832E-02  8.285861802E-02
  7.660905507E-02  8.285769256E-02
  7.794320317E-02  8.285667895E-02
  7.930237043E-02  8.285557720E-02
  8.068603520E-02  8.285448176E-02
  8.209386828E-02  8.285338001E-02
  8.352512851E-02  8.285219642E-02
  8.497959499E-02  8.285110097E-02
  8.645685511E-02  8.284999923E-02
  8.795651796E-02  8.284890378E-02
  8.947818239E-02  8.284780204E-02
  9.102155907E-02  8.284687657E-02
  9.258642312E-02  8.284586297E-02
  9.417239235E-02  8.284493120E-02
  9.577905299E-02  8.284399944E-02
  9.740623381E-02  8.284315582E-02
  9.905359698E-02  8.284239404E-02
  1.007208606E-01  8.284163856E-02
  1.024077043E-01  8.284095862E-02
  1.041139718E-01  8.284028499E-02
  1.058394169E-01  8.283969319E-02
  1.075835630E-01  8.283918324E-02
  1.093462971E-01  8.283867958E-02
  1.111274340E-01  8.283825778E-02
  1.129266772E-01  8.283783597E-02
  1.147435260E-01  8.283757784E-02
  1.165779581E-01  8.283724417E-02
  1.184294225E-01  8.283698605E-02
  1.202979698E-01  8.283681606E-02
  1.221831031E-01  8.283673422E-02
  1.240845372E-01  8.283665238E-02
  1.260021912E-01  8.283665238E-02
  1.279196822E-01  8.283665238E-02
  1.298212143E-01  8.283673422E-02
  1.317064871E-01  8.283681606E-02
  1.335750430E-01  8.283698605E-02
  1.354267916E-01  8.283724417E-02
  1.372613257E-01  8.283749599E-02
  1.390781595E-01  8.283783597E-02
  1.408771865E-01  8.283825778E-02
  1.426581374E-01  8.283867958E-02
  1.444207895E-01  8.283910140E-02
  1.461651305E-01  8.283969319E-02
  1.478904850E-01  8.284028499E-02
  1.495968442E-01  8.284087678E-02
  1.512838285E-01  8.284155042E-02
  1.529510847E-01  8.284231220E-02
  1.545984641E-01  8.284315582E-02
  1.562255319E-01  8.284399944E-02
  1.578321838E-01  8.284484936E-02
  1.594179618E-01  8.284577483E-02
  1.609828195E-01  8.284678843E-02
  1.625262014E-01  8.284780204E-02
  1.640479487E-01  8.284881564E-02
  1.655475073E-01  8.284999923E-02
  1.670248781E-01  8.285110097E-02
  1.684793595E-01  8.285219642E-02
  1.699108059E-01  8.285329817E-02
  1.713185410E-01  8.285448176E-02
  1.727023781E-01  8.285557720E-02
  1.740615367E-01  8.285667895E-02
  1.753956924E-01  8.285769256E-02
  1.767044102E-01  8.285861802E-02
  1.779866800E-01  8.285946794E-02
  1.792421126E-01  8.286022342E-02
  1.804697235E-01  8.286073337E-02
  1.816687391E-01  8.286098520E-02
  1.828383407E-01  8.286098520E-02
  1.839770478E-01  8.286064523E-02
  1.850834375E-01  8.285980161E-02
  1.861557022E-01  8.285844804E-02
  1.871915922E-01  8.285633898E-02
  1.881874587E-01  8.285329817E-02
  1.891372336E-01  8.284923745E-02
  1.900271998E-01  8.284416942E-02
  1.908596105E-01  8.284206037E-02
  1.916574104E-01  8.284374761E-02
  1.924380107E-01  8.284890378E-02
  1.932121734E-01  8.285701262E-02
  1.939878389E-01  8.286808674E-02
  1.947722684E-01  8.288194353E-02
  1.955715829E-01  8.289841934E-02
  1.963913108E-01  8.291760229E-02
  1.972374137E-01  8.293956794E-02
  1.981157934E-01  8.296441072E-02
  1.990329736E-01  8.299221246E-02
  1.999939331E-01  8.302271506E-02
  2.010007881E-01  8.305558483E-02
  2.020542529E-01  8.309031812E-02
  2.031533296E-01  8.312665052E-02
  2.042961649E-01  8.316400283E-02
  2.054800710E-01  8.320211060E-02
  2.067007669E-01  8.324030023E-02
  2.079518900E-01  8.327799250E-02
  2.092299551E-01  8.331550849E-02
  2.105341085E-01  8.335302448E-02
  2.118648768E-01  8.339096228E-02
  2.132243902E-01  8.342958001E-02
  2.146155216E-01  8.346921134E-02
  2.160426973E-01  8.351035994E-02
  2.175122368E-01  8.355354205E-02
  2.190339590E-01  8.359967682E-02
  2.206167241E-01  8.364902871E-02
  2.222631607E-01  8.370031965E-02
  2.239717796E-01  8.375262420E-02
  2.257384694E-01  8.380492875E-02
  2.275578461E-01  8.385664151E-02
  2.294235950E-01  8.390683071E-02
  2.313420882E-01  8.395465903E-02
  2.333027515E-01  8.399826295E-02
  2.352899349E-01  8.403451351E-02
  2.372770677E-01  8.405741091E-02
  2.392324986E-01  8.406315887E-02
  2.411373695E-01  8.405597549E-02
  2.429832957E-01  8.403915972E-02
  2.447692636E-01  8.401533055E-02
  2.465030149E-01  8.398710699E-02
  2.481911680E-01  8.394806745E-02
  2.500581096E-01  8.391587761E-02
  2.520000041E-01  8.389652468E-02
 -2.328310045E-10  8.413407408E-02
  1.962824658E-03  8.414926084E-02
  3.838785419E-03  8.417452105E-02
  5.513905683E-03  8.420515641E-02
  7.241154559E-03  8.422730418E-02
  9.023238979E-03  8.424593439E-02
  1.086662986E-02  8.425919933E-02
  1.276949199E-02  8.426483632E-02
  1.472372944E-02  8.426026152E-02
  1.670963842E-02  8.424228838E-02
  1.869585021E-02  8.421384161E-02
  2.065573095E-02  8.417962941E-02
  2.257347936E-02  8.414209727E-02
  2.443873111E-02  8.410264332E-02
  2.625744972E-02  8.406212718E-02
  2.802353505E-02  8.402108243E-02
  2.973158914E-02  8.398003767E-02
  3.137767587E-02  8.393972409E-02
  3.295999778E-02  8.390099637E-02
  3.448132112E-02  8.386472897E-02
  3.595054628E-02  8.383084284E-02
  3.737753976E-02  8.379855245E-02
  3.876853189E-02  8.376745270E-02
  4.012792733E-02  8.373714835E-02
  4.145875513E-02  8.370737756E-02
  4.276278302E-02  8.367793777E-02
  4.404080964E-02  8.364849305E-02
  4.529197230E-02  8.361885565E-02
  4.651253416E-02  8.358888231E-02
  4.769649630E-02  8.355897813E-02
  4.883932576E-02  8.352966680E-02
  4.993849003E-02  8.350115581E-02
  5.099198987E-02  8.347390462E-02
  5.199898691E-02  8.344811085E-02
  5.295998532E-02  8.342416972E-02
  5.387731871E-02  8.340242212E-02
  5.475571981E-02  8.338292734E-02
  5.560191950E-02  8.336568538E-02
  5.642175195E-02  8.335056779E-02
  5.722112048E-02  8.333763879E-02
  5.800562299E-02  8.332682922E-02
  5.878148993E-02  8.331814401E-02
  5.955565795E-02  8.331178079E-02
  6.033642719E-02  8.330779884E-02
  6.113426270E-02  8.330640565E-02
  6.196666590E-02  8.330812984E-02
  6.285677012E-02  8.331211180E-02
  6.380673797E-02  8.331529341E-02
  6.480250705E-02  8.331767962E-02
  6.583838009E-02  8.331933959E-02
  6.691085289E-02  8.332046599E-02
  6.801735532E-02  8.332112801E-02
  6.915615853E-02  8.332139479E-02
  7.032586425E-02  8.332145901E-02
  7.152509944E-02  8.332119223E-02
  7.275290478E-02  8.332079700E-02
  7.400857955E-02  8.332026838E-02
  7.529125030E-02  8.331960143E-02
  7.660008708E-02  8.331887519E-02
  7.793452657E-02  8.331807979E-02
  7.929400283E-02  8.331721522E-02
  8.067797662E-02  8.331635559E-02
  8.208608210E-02  8.331549102E-02
  8.351765270E-02  8.331456223E-02
  8.497242683E-02  8.331370260E-02
  8.644999731E-02  8.331283804E-02
  8.794996918E-02  8.331197841E-02
  8.947194261E-02  8.331111384E-02
  9.101564727E-02  8.331038760E-02
  9.258082168E-02  8.330959220E-02
  9.416709856E-02  8.330886102E-02
  9.577406822E-02  8.330812984E-02
  9.740157701E-02  8.330746783E-02
  9.904924919E-02  8.330687005E-02
  1.007168218E-01  8.330627720E-02
  1.024039569E-01  8.330574363E-02
  1.041105334E-01  8.330521501E-02
  1.058362699E-01  8.330475062E-02
  1.075807074E-01  8.330435044E-02
  1.093437139E-01  8.330395521E-02
  1.111251232E-01  8.330362421E-02
  1.129246578E-01  8.330329320E-02
  1.147417980E-01  8.330309064E-02
  1.165765039E-01  8.330282880E-02
  1.184282773E-01  8.330262625E-02
  1.202971146E-01  8.330249286E-02
  1.221825217E-01  8.330242863E-02
  1.240842282E-01  8.330236441E-02
  1.260021723E-01  8.330236441E-02
  1.279199018E-01  8.330236441E-02
  1.298217076E-01  8.330242863E-02
  1.317072867E-01  8.330249286E-02
  1.335761516E-01  8.330262625E-02
  1.354281929E-01  8.330282880E-02
  1.372629982E-01  8.330302642E-02
  1.390801058E-01  8.330329320E-02
  1.408794065E-01  8.330362421E-02
  1.426606473E-01  8.330395521E-02
  1.444235896E-01  8.330428622E-02
  1.461682232E-01  8.330475062E-02
  1.478938679E-01  8.330521501E-02
  1.496005388E-01  8.330567941E-02
  1.512878484E-01  8.330620803E-02
  1.529554136E-01  8.330680582E-02
  1.546031209E-01  8.330746783E-02
  1.562304977E-01  8.330812984E-02
  1.578374396E-01  8.330879679E-02
  1.594235456E-01  8.330952303E-02
  1.609887150E-01  8.331031843E-02
  1.625324222E-01  8.331111384E-02
  1.640544623E-01  8.331190924E-02
  1.655543299E-01  8.331283804E-02
  1.670320096E-01  8.331370260E-02
  1.684868164E-01  8.331456223E-02
  1.699185555E-01  8.331542680E-02
  1.713265616E-01  8.331635559E-02
  1.727106915E-01  8.331721522E-02
  1.740701401E-01  8.331807979E-02
  1.754046048E-01  8.331887519E-02
  1.767135775E-01  8.331960143E-02
  1.779961563E-01  8.332026838E-02
  1.792518626E-01  8.332086123E-02
  1.804797283E-01  8.332126140E-02
  1.816789986E-01  8.332145901E-02
  1.828488388E-01  8.332145901E-02
  1.839877790E-01  8.332119223E-02
  1.850943882E-01  8.332053022E-02
  1.861668536E-01  8.331946804E-02
  1.872029604E-01  8.331781300E-02
  1.881990275E-01  8.331542680E-02
  1.891490003E-01  8.331224025E-02
  1.900391698E-01  8.330826323E-02
  1.908717051E-01  8.330660821E-02
  1.916696351E-01  8.330793223E-02
  1.924503438E-01  8.331197841E-02
  1.932245798E-01  8.331834163E-02
  1.940003157E-01  8.332703178E-02
  1.947847832E-01  8.333790557E-02
  1.955841166E-01  8.335083457E-02
  1.964038798E-01  8.336588794E-02
  1.972499827E-01  8.338312496E-02
  1.981283462E-01  8.340261974E-02
  1.990455074E-01  8.342443650E-02
  2.000064126E-01  8.344837269E-02
  2.010132135E-01  8.347416646E-02
  2.020666403E-01  8.350142259E-02
  2.031655733E-01  8.352993358E-02
  2.043082053E-01  8.355924492E-02
  2.054918946E-01  8.358914909E-02
  2.067123547E-01  8.361911749E-02
  2.079632582E-01  8.364869561E-02
  2.092410523E-01  8.367813539E-02
  2.105449130E-01  8.370757518E-02
  2.118754075E-01  8.373734597E-02
  2.132345955E-01  8.376765032E-02
  2.146253990E-01  8.379875007E-02
  2.160521925E-01  8.383104046E-02
  2.175213146E-01  8.386492659E-02
  2.190426004E-01  8.390112976E-02
  2.206247285E-01  8.393985748E-02
  2.222705091E-01  8.398010684E-02
  2.239784368E-01  8.402115159E-02
  2.257444191E-01  8.406219635E-02
  2.275630667E-01  8.410277671E-02
  2.294280512E-01  8.414216150E-02
  2.313455984E-01  8.417969364E-02
  2.333052805E-01  8.421391078E-02
  2.352913904E-01  8.424235755E-02
  2.372772683E-01  8.426032574E-02
  2.392312084E-01  8.426483632E-02
  2.411341683E-01  8.425919933E-02
  2.429774191E-01  8.424600355E-02
  2.447593699E-01  8.422730418E-02
  2.464864775E-01  8.420515641E-02
  2.481614464E-01  8.417452105E-02
  2.500372245E-01  8.414926084E-02
  2.520000041E-01  8.413407408E-02
 -2.328310045E-10  8.433834190E-02
  1.980803471E-03  8.434994618E-02
  3.864373998E-03  8.436924763E-02
  5.528138220E-03  8.439265626E-02
  7.249662222E-03  8.440957948E-02
  9.028289735E-03  8.442381492E-02
  1.086938285E-02  8.443395073E-02
  1.277060263E-02  8.443825798E-02
  1.472355740E-02  8.443476235E-02
  1.670840250E-02  8.442102899E-02
  1.869369187E-02  8.439929267E-02
  2.065272768E-02  8.437315096E-02
  2.256966263E-02  8.434447246E-02
  2.443424194E-02  8.431432550E-02
  2.625231898E-02  8.428336692E-02
  2.801779452E-02  8.425200441E-02
  2.972526969E-02  8.422064191E-02
  3.137079352E-02  8.418983810E-02
  3.295256768E-02  8.416024606E-02
  3.447353150E-02  8.413253396E-02
  3.594239713E-02  8.410664140E-02
  3.736906138E-02  8.408196815E-02
  3.875977265E-02  8.405820467E-02
  4.011888605E-02  8.403504897E-02
  4.144944814E-02  8.401230096E-02
  4.275325693E-02  8.398980588E-02
  4.403106504E-02  8.396730702E-02
  4.528202433E-02  8.394466093E-02
  4.650238225E-02  8.392175815E-02
  4.768614102E-02  8.389890822E-02
  4.882879917E-02  8.387651129E-02
  4.992785389E-02  8.385472590E-02
  5.098130653E-02  8.383390313E-02
  5.198825636E-02  8.381419398E-02
  5.294920816E-02  8.379590044E-02
  5.386651009E-02  8.377928300E-02
  5.474491119E-02  8.376438693E-02
  5.559111088E-02  8.375121227E-02
  5.641095906E-02  8.373966084E-02
  5.721035848E-02  8.372978173E-02
  5.799490818E-02  8.372152208E-02
  5.877080659E-02  8.371488567E-02
  5.954505269E-02  8.371002350E-02
  6.032590001E-02  8.370698087E-02
  6.112384507E-02  8.370591633E-02
  6.195638928E-02  8.370723379E-02
  6.284663452E-02  8.371027642E-02
  6.379677369E-02  8.371270751E-02
  6.479271524E-02  8.371453082E-02
  6.582875960E-02  8.371579921E-02
  6.690140489E-02  8.371665991E-02
  6.800809495E-02  8.371716575E-02
  6.914708696E-02  8.371736960E-02
  7.031698030E-02  8.371741868E-02
  7.151641828E-02  8.371721483E-02
  7.274441125E-02  8.371691283E-02
  7.400035173E-02  8.371650891E-02
  7.528328936E-02  8.371599929E-02
  7.659237554E-02  8.371544437E-02
  7.792706559E-02  8.371483659E-02
  7.928680757E-02  8.371417597E-02
  8.067104707E-02  8.371351913E-02
  8.207938680E-02  8.371285851E-02
  8.351122428E-02  8.371214881E-02
  8.496626296E-02  8.371149197E-02
  8.644410032E-02  8.371083135E-02
  8.794433790E-02  8.371017450E-02
  8.946657704E-02  8.370951388E-02
  9.101056374E-02  8.370895896E-02
  9.257600503E-02  8.370835119E-02
  9.416254646E-02  8.370779249E-02
  9.576978183E-02  8.370723379E-02
  9.739757265E-02  8.370672795E-02
  9.904551054E-02  8.370627118E-02
  1.007133489E-01  8.370581818E-02
  1.024007346E-01  8.370541048E-02
  1.041075768E-01  8.370500656E-02
  1.058335638E-01  8.370465171E-02
  1.075782519E-01  8.370434594E-02
  1.093414926E-01  8.370404394E-02
  1.111231362E-01  8.370379102E-02
  1.129229213E-01  8.370353809E-02
  1.147403121E-01  8.370338332E-02
  1.165752534E-01  8.370318324E-02
  1.184272925E-01  8.370302847E-02
  1.202963792E-01  8.370292654E-02
  1.221820218E-01  8.370287747E-02
  1.240839624E-01  8.370282840E-02
  1.260021559E-01  8.370282840E-02
  1.279200906E-01  8.370282840E-02
  1.298221318E-01  8.370287747E-02
  1.317079743E-01  8.370292654E-02
  1.335771050E-01  8.370302847E-02
  1.354293980E-01  8.370318324E-02
  1.372644363E-01  8.370333424E-02
  1.390817793E-01  8.370353809E-02
  1.408813155E-01  8.370379102E-02
  1.426628057E-01  8.370404394E-02
  1.444259973E-01  8.370429686E-02
  1.461708827E-01  8.370465171E-02
  1.478967767E-01  8.370500656E-02
  1.496037157E-01  8.370536141E-02
  1.512913050E-01  8.370576533E-02
  1.529591359E-01  8.370622210E-02
  1.546071253E-01  8.370672795E-02
  1.562347678E-01  8.370723379E-02
  1.578419591E-01  8.370774341E-02
  1.594283471E-01  8.370829834E-02
  1.609937846E-01  8.370890611E-02
  1.625377714E-01  8.370951388E-02
  1.640600633E-01  8.371012165E-02
  1.655601966E-01  8.371083135E-02
  1.670381420E-01  8.371149197E-02
  1.684932285E-01  8.371214881E-02
  1.699252193E-01  8.371280943E-02
  1.713334585E-01  8.371351913E-02
  1.727178402E-01  8.371417597E-02
  1.740775381E-01  8.371483659E-02
  1.754122686E-01  8.371544437E-02
  1.767214603E-01  8.371599929E-02
  1.780043048E-01  8.371650891E-02
  1.792602466E-01  8.371696191E-02
  1.804883314E-01  8.371726768E-02
  1.816878208E-01  8.371741868E-02
  1.828578661E-01  8.371741868E-02
  1.839970067E-01  8.371721483E-02
  1.851038048E-01  8.371670898E-02
  1.861764426E-01  8.371589737E-02
  1.872127359E-01  8.371463275E-02
  1.882089755E-01  8.371280943E-02
  1.891591184E-01  8.371037457E-02
  1.900494628E-01  8.370733572E-02
  1.908821053E-01  8.370607110E-02
  1.916801471E-01  8.370708279E-02
  1.924609491E-01  8.371017450E-02
  1.932352480E-01  8.371503667E-02
  1.940110445E-01  8.372167685E-02
  1.947955446E-01  8.372998557E-02
  1.955948944E-01  8.373986469E-02
  1.964146879E-01  8.375136704E-02
  1.972607908E-01  8.376453794E-02
  1.981391403E-01  8.377943399E-02
  1.990562851E-01  8.379610429E-02
  2.000171437E-01  8.381439405E-02
  2.010238980E-01  8.383410320E-02
  2.020772922E-01  8.385492975E-02
  2.031761017E-01  8.387671513E-02
  2.043185588E-01  8.389911207E-02
  2.055020617E-01  8.392196200E-02
  2.067223190E-01  8.394486101E-02
  2.079730337E-01  8.396746179E-02
  2.092505947E-01  8.398995688E-02
  2.105542037E-01  8.401245196E-02
  2.118844627E-01  8.403519997E-02
  2.132433711E-01  8.405835568E-02
  2.146338925E-01  8.408211915E-02
  2.160603574E-01  8.410679240E-02
  2.175291205E-01  8.413268496E-02
  2.190500311E-01  8.416034799E-02
  2.206316115E-01  8.418994003E-02
  2.222768280E-01  8.422069476E-02
  2.239841613E-01  8.425205726E-02
  2.257495353E-01  8.428341977E-02
  2.275675559E-01  8.431442742E-02
  2.294318831E-01  8.434452154E-02
  2.313486168E-01  8.437320003E-02
  2.333074552E-01  8.439934552E-02
  2.352926421E-01  8.442108184E-02
  2.372774408E-01  8.443481142E-02
  2.392300990E-01  8.443825798E-02
  2.411314156E-01  8.443395073E-02
  2.429723659E-01  8.442386776E-02
  2.447508624E-01  8.440957948E-02
  2.464722572E-01  8.439265626E-02
  2.481358889E-01  8.436924763E-02
  2.500192655E-01  8.434994618E-02
  2.520000041E-01  8.433834190E-02
 -2.328310045E-10  8.451385822E-02
  1.996251695E-03  8.452238426E-02
  3.886360884E-03  8.453656568E-02
  5.540367472E-03  8.455376477E-02
  7.256972398E-03  8.456619882E-02
  9.032629577E-03  8.457665806E-02
  1.087174836E-02  8.458410517E-02
  1.277155694E-02  8.458726985E-02
  1.472340957E-02  8.458470150E-02
  1.670734054E-02  8.457461114E-02
  1.869183732E-02  8.455864075E-02
  2.065014713E-02  8.453943358E-02
  2.256638312E-02  8.451836254E-02
  2.443038463E-02  8.449621258E-02
  2.624791042E-02  8.447346628E-02
  2.801286199E-02  8.445042322E-02
  2.971983972E-02  8.442738015E-02
  3.136487989E-02  8.440474758E-02
  3.294618341E-02  8.438300533E-02
  3.446683830E-02  8.436264434E-02
  3.593539500E-02  8.434362022E-02
  3.736177636E-02  8.432549197E-02
  3.875224630E-02  8.430803216E-02
  4.011111737E-02  8.429101890E-02
  4.144145115E-02  8.427430519E-02
  4.274507168E-02  8.425777731E-02
  4.402269202E-02  8.424124666E-02
  4.527347658E-02  8.422460783E-02
  4.649365925E-02  8.420778040E-02
  4.767724329E-02  8.419099180E-02
  4.881975424E-02  8.417453604E-02
  4.991871482E-02  8.415852960E-02
  5.097212691E-02  8.414323042E-02
  5.197903619E-02  8.412874946E-02
  5.293994793E-02  8.411530859E-02
  5.385722282E-02  8.410309921E-02
  5.473562392E-02  8.409215458E-02
  5.558182361E-02  8.408247472E-02
  5.640168531E-02  8.407398750E-02
  5.720111126E-02  8.406672899E-02
  5.798570153E-02  8.406066036E-02
  5.876162697E-02  8.405578437E-02
  5.953594016E-02  8.405221197E-02
  6.031685457E-02  8.404997645E-02
  6.111489377E-02  8.404919430E-02
  6.194755914E-02  8.405016228E-02
  6.283792555E-02  8.405239780E-02
  6.378821192E-02  8.405418400E-02
  6.478430167E-02  8.405552365E-02
  6.582049323E-02  8.405645558E-02
  6.689328672E-02  8.405708796E-02
  6.800013801E-02  8.405745962E-02
  6.913929224E-02  8.405760940E-02
  7.030934681E-02  8.405764546E-02
  7.150895902E-02  8.405749568E-02
  7.273711321E-02  8.405727379E-02
  7.399328201E-02  8.405697702E-02
  7.527644896E-02  8.405660258E-02
  7.658574943E-02  8.405619486E-02
  7.792065478E-02  8.405574831E-02
  7.928062507E-02  8.405526293E-02
  8.066509288E-02  8.405478033E-02
  8.207363389E-02  8.405429495E-02
  8.350570068E-02  8.405377351E-02
  8.496096668E-02  8.405329090E-02
  8.643903335E-02  8.405280553E-02
  8.793949925E-02  8.405232292E-02
  8.946196671E-02  8.405183754E-02
  9.100619573E-02  8.405142982E-02
  9.257186634E-02  8.405098327E-02
  9.415863508E-02  8.405057278E-02
  9.576609876E-02  8.405016228E-02
  9.739413192E-02  8.404979062E-02
  9.904229813E-02  8.404945502E-02
  1.007103648E-01  8.404912219E-02
  1.023979658E-01  8.404882263E-02
  1.041050363E-01  8.404852586E-02
  1.058312386E-01  8.404826514E-02
  1.075761420E-01  8.404804048E-02
  1.093395840E-01  8.404781859E-02
  1.111214289E-01  8.404763276E-02
  1.129214293E-01  8.404744693E-02
  1.147390353E-01  8.404733321E-02
  1.165741789E-01  8.404718621E-02
  1.184264464E-01  8.404707249E-02
  1.202957473E-01  8.404699761E-02
  1.221815922E-01  8.404696155E-02
  1.240837341E-01  8.404692549E-02
  1.260021419E-01  8.404692549E-02
  1.279202528E-01  8.404692549E-02
  1.298224963E-01  8.404696155E-02
  1.317085651E-01  8.404699761E-02
  1.335779241E-01  8.404707249E-02
  1.354304334E-01  8.404718621E-02
  1.372656720E-01  8.404729715E-02
  1.390832173E-01  8.404744693E-02
  1.408829557E-01  8.404763276E-02
  1.426646602E-01  8.404781859E-02
  1.444280661E-01  8.404800442E-02
  1.461731679E-01  8.404826514E-02
  1.478992762E-01  8.404852586E-02
  1.496064455E-01  8.404878658E-02
  1.512942751E-01  8.404908335E-02
  1.529623343E-01  8.404941896E-02
  1.546105660E-01  8.404979062E-02
  1.562384368E-01  8.405016228E-02
  1.578458425E-01  8.405053672E-02
  1.594324728E-01  8.405094444E-02
  1.609981406E-01  8.405139099E-02
  1.625423677E-01  8.405183754E-02
  1.640648759E-01  8.405228409E-02
  1.655652375E-01  8.405280553E-02
  1.670434112E-01  8.405329090E-02
  1.684987381E-01  8.405377351E-02
  1.699309452E-01  8.405425889E-02
  1.713393847E-01  8.405478033E-02
  1.727239826E-01  8.405526293E-02
  1.740838949E-01  8.405574831E-02
  1.754188536E-01  8.405619486E-02
  1.767282336E-01  8.405660258E-02
  1.780113065E-01  8.405697702E-02
  1.792674505E-01  8.405730985E-02
  1.804957236E-01  8.405753451E-02
  1.816954012E-01  8.405764546E-02
  1.828656228E-01  8.405764546E-02
  1.840049356E-01  8.405749568E-02
  1.851118959E-01  8.405712402E-02
  1.861846819E-01  8.405652770E-02
  1.872211354E-01  8.405559854E-02
  1.882175232E-01  8.405425889E-02
  1.891678123E-01  8.405246992E-02
  1.900583069E-01  8.405023717E-02
  1.908910416E-01  8.404930802E-02
  1.916891795E-01  8.405005134E-02
  1.924700616E-01  8.405232292E-02
  1.932444146E-01  8.405589531E-02
  1.940202632E-01  8.406077408E-02
  1.948047913E-01  8.406687877E-02
  1.956041551E-01  8.407413728E-02
  1.964239746E-01  8.408258844E-02
  1.972700775E-01  8.409226553E-02
  1.981484150E-01  8.410321015E-02
  1.990655458E-01  8.411545837E-02
  2.000263644E-01  8.412889646E-02
  2.010330786E-01  8.414337742E-02
  2.020864448E-01  8.415867937E-02
  2.031851481E-01  8.417468581E-02
  2.043274551E-01  8.419114158E-02
  2.055107977E-01  8.420793018E-02
  2.067308807E-01  8.422475483E-02
  2.079814332E-01  8.424136038E-02
  2.092587939E-01  8.425788826E-02
  2.105621866E-01  8.427441614E-02
  2.118922434E-01  8.429112985E-02
  2.132509115E-01  8.430814311E-02
  2.146411905E-01  8.432560291E-02
  2.160673730E-01  8.434373116E-02
  2.175358277E-01  8.436275528E-02
  2.190564158E-01  8.438308022E-02
  2.206375256E-01  8.440482247E-02
  2.222822575E-01  8.442741899E-02
  2.239890801E-01  8.445046205E-02
  2.257539313E-01  8.447350511E-02
  2.275714132E-01  8.449628746E-02
  2.294351756E-01  8.451839860E-02
  2.313512104E-01  8.453946964E-02
  2.333093238E-01  8.455867959E-02
  2.352937176E-01  8.457464998E-02
  2.372775890E-01  8.458473756E-02
  2.392291456E-01  8.458726985E-02
  2.411290504E-01  8.458410517E-02
  2.429680239E-01  8.457669689E-02
  2.447435524E-01  8.456619882E-02
  2.464600384E-01  8.455376477E-02
  2.481139287E-01  8.453656568E-02
  2.500038343E-01  8.452238426E-02
  2.520000041E-01  8.451385822E-02
 -2.328310045E-10  8.466457194E-02
  2.009516897E-03  8.467045474E-02
  3.905240755E-03  8.468023964E-02
  5.550868581E-03  8.469210668E-02
  7.263249557E-03  8.470068593E-02
  9.036356146E-03  8.470790260E-02
  1.087377958E-02  8.471304096E-02
  1.277237640E-02  8.471522453E-02
  1.472328263E-02  8.471345242E-02
  1.670642865E-02  8.470649027E-02
  1.869024484E-02  8.469547101E-02
  2.064793124E-02  8.468221844E-02
  2.256356705E-02  8.466767983E-02
  2.442707241E-02  8.465239679E-02
  2.624412484E-02  8.463670229E-02
  2.800862648E-02  8.462080303E-02
  2.971517708E-02  8.460490376E-02
  3.135980193E-02  8.458928773E-02
  3.294070130E-02  8.457428600E-02
  3.446109093E-02  8.456023731E-02
  3.592938236E-02  8.454711104E-02
  3.735552080E-02  8.453460290E-02
  3.874578351E-02  8.452255598E-02
  4.010444650E-02  8.451081716E-02
  4.143458423E-02  8.449928502E-02
  4.273804310E-02  8.448788111E-02
  4.401550222E-02  8.447647528E-02
  4.526613673E-02  8.446499482E-02
  4.648616893E-02  8.445338422E-02
  4.766960291E-02  8.444180041E-02
  4.881198746E-02  8.443044626E-02
  4.991086721E-02  8.441940212E-02
  5.096424448E-02  8.440884599E-02
  5.197111894E-02  8.439885441E-02
  5.293199628E-02  8.438958048E-02
  5.384924796E-02  8.438115624E-02
  5.472764906E-02  8.437360466E-02
  5.557384875E-02  8.436692575E-02
  5.639372205E-02  8.436106973E-02
  5.719317079E-02  8.435606150E-02
  5.797779588E-02  8.435187426E-02
  5.875374454E-02  8.434850992E-02
  5.952811534E-02  8.434604504E-02
  6.030908737E-02  8.434450258E-02
  6.110720739E-02  8.434396290E-02
  6.193997681E-02  8.434463079E-02
  6.283044726E-02  8.434617326E-02
  6.378086003E-02  8.434740570E-02
  6.477707705E-02  8.434833004E-02
  6.581339501E-02  8.434897305E-02
  6.688631576E-02  8.434940938E-02
  6.799330548E-02  8.434966582E-02
  6.913259901E-02  8.434976916E-02
  7.030279202E-02  8.434979404E-02
  7.150255385E-02  8.434969070E-02
  7.273084648E-02  8.434953760E-02
  7.398721133E-02  8.434933283E-02
  7.527057519E-02  8.434907447E-02
  7.658005967E-02  8.434879316E-02
  7.791514989E-02  8.434848505E-02
  7.927531624E-02  8.434815014E-02
  8.065998010E-02  8.434781715E-02
  8.206869394E-02  8.434748225E-02
  8.350095764E-02  8.434712247E-02
  8.495641883E-02  8.434678948E-02
  8.643468241E-02  8.434645458E-02
  8.793534435E-02  8.434612159E-02
  8.945800786E-02  8.434578669E-02
  9.100244498E-02  8.434550537E-02
  9.256831249E-02  8.434519726E-02
  9.415527643E-02  8.434491403E-02
  9.576293616E-02  8.434463079E-02
  9.739117741E-02  8.434437436E-02
  9.903953966E-02  8.434414279E-02
  1.007078024E-01  8.434391315E-02
  1.023955882E-01  8.434370646E-02
  1.041028548E-01  8.434350169E-02
  1.058292420E-01  8.434332180E-02
  1.075743302E-01  8.434316679E-02
  1.093379451E-01  8.434301369E-02
  1.111199628E-01  8.434288547E-02
  1.129201481E-01  8.434275725E-02
  1.147379390E-01  8.434267879E-02
  1.165732563E-01  8.434257736E-02
  1.184257198E-01  8.434249890E-02
  1.202952048E-01  8.434244723E-02
  1.221812233E-01  8.434242235E-02
  1.240835380E-01  8.434239747E-02
  1.260021299E-01  8.434239747E-02
  1.279203921E-01  8.434239747E-02
  1.298228093E-01  8.434242235E-02
  1.317090724E-01  8.434244723E-02
  1.335786275E-01  8.434249890E-02
  1.354313225E-01  8.434257736E-02
  1.372667331E-01  8.434265391E-02
  1.390844521E-01  8.434275725E-02
  1.408843642E-01  8.434288547E-02
  1.426662527E-01  8.434301369E-02
  1.444298426E-01  8.434314191E-02
  1.461751301E-01  8.434332180E-02
  1.479014224E-01  8.434350169E-02
  1.496087895E-01  8.434368159E-02
  1.512968255E-01  8.434388635E-02
  1.529650807E-01  8.434411792E-02
  1.546135205E-01  8.434437436E-02
  1.562415874E-01  8.434463079E-02
  1.578491770E-01  8.434488915E-02
  1.594360154E-01  8.434517047E-02
  1.610018810E-01  8.434547858E-02
  1.625463145E-01  8.434578669E-02
  1.640690084E-01  8.434609480E-02
  1.655695661E-01  8.434645458E-02
  1.670479359E-01  8.434678948E-02
  1.685034691E-01  8.434712247E-02
  1.699358619E-01  8.434745737E-02
  1.713444734E-01  8.434781715E-02
  1.727292571E-01  8.434815014E-02
  1.740893533E-01  8.434848505E-02
  1.754245081E-01  8.434879316E-02
  1.767340498E-01  8.434907447E-02
  1.780173187E-01  8.434933283E-02
  1.792736364E-01  8.434956248E-02
  1.805020711E-01  8.434971749E-02
  1.817019105E-01  8.434979404E-02
  1.828722833E-01  8.434979404E-02
  1.840117441E-01  8.434969070E-02
  1.851188437E-01  8.434943426E-02
  1.861917569E-01  8.434902281E-02
  1.872283480E-01  8.434838170E-02
  1.882248631E-01  8.434745737E-02
  1.891752777E-01  8.434622302E-02
  1.900659013E-01  8.434468247E-02
  1.908987151E-01  8.434404137E-02
  1.916969356E-01  8.434455425E-02
  1.924778865E-01  8.434612159E-02
  1.932522858E-01  8.434858647E-02
  1.940281792E-01  8.435195273E-02
  1.948127313E-01  8.435616484E-02
  1.956121071E-01  8.436117307E-02
  1.964319491E-01  8.436700421E-02
  1.972780520E-01  8.437368121E-02
  1.981563791E-01  8.438123279E-02
  1.990734979E-01  8.438968382E-02
  2.000342821E-01  8.439895584E-02
  2.010409619E-01  8.440894742E-02
  2.020943040E-01  8.441950547E-02
  2.031929162E-01  8.443054960E-02
  2.043350941E-01  8.444190376E-02
  2.055182992E-01  8.445348756E-02
  2.067382326E-01  8.446509625E-02
  2.079886458E-01  8.447655375E-02
  2.092658346E-01  8.448795766E-02
  2.105690415E-01  8.449936157E-02
  2.118989246E-01  8.451089371E-02
  2.132573863E-01  8.452263253E-02
  2.146474572E-01  8.453467945E-02
  2.160733973E-01  8.454718759E-02
  2.175415871E-01  8.456031386E-02
  2.190618984E-01  8.457433767E-02
  2.206426040E-01  8.458933940E-02
  2.222869197E-01  8.460493055E-02
  2.239933038E-01  8.462082982E-02
  2.257577061E-01  8.463672908E-02
  2.275747254E-01  8.465244846E-02
  2.294380029E-01  8.466770471E-02
  2.313534374E-01  8.468224332E-02
  2.333109283E-01  8.469549781E-02
  2.352946411E-01  8.470651706E-02
  2.372777163E-01  8.471347730E-02
  2.392283271E-01  8.471522453E-02
  2.411270193E-01  8.471304096E-02
  2.429642955E-01  8.470792939E-02
  2.447372753E-01  8.470068593E-02
  2.464495462E-01  8.469210668E-02
  2.480950718E-01  8.468023964E-02
  2.499905837E-01  8.467045474E-02
  2.520000041E-01  8.466457194E-02
 -2.328310045E-10  8.479391576E-02
  2.020901208E-03  8.479753011E-02
  3.921443625E-03  8.480354189E-02
  5.559880724E-03  8.481083291E-02
  7.268636669E-03  8.481610394E-02
  9.039554320E-03  8.482053781E-02
  1.087552280E-02  8.482369478E-02
  1.277307966E-02  8.482503635E-02
  1.472317369E-02  8.482394758E-02
  1.670564606E-02  8.481967008E-02
  1.868887816E-02  8.481289993E-02
  2.064602955E-02  8.480475764E-02
  2.256115027E-02  8.479582523E-02
  2.442422984E-02  8.478643544E-02
  2.624087603E-02  8.477679285E-02
  2.800499154E-02  8.476702446E-02
  2.971117556E-02  8.475725607E-02
  3.135544398E-02  8.474766169E-02
  3.293599652E-02  8.473844474E-02
  3.445615848E-02  8.472981332E-02
  3.592422225E-02  8.472174864E-02
  3.735015223E-02  8.471406373E-02
  3.874023710E-02  8.470666218E-02
  4.009872150E-02  8.469944994E-02
  4.142869097E-02  8.469236468E-02
  4.273201112E-02  8.468535819E-02
  4.400933187E-02  8.467835054E-02
  4.525983760E-02  8.467129702E-02
  4.647974066E-02  8.466416355E-02
  4.766304588E-02  8.465704655E-02
  4.880532195E-02  8.465007064E-02
  4.990413233E-02  8.464328520E-02
  5.095747971E-02  8.463679959E-02
  5.196432428E-02  8.463066083E-02
  5.292517211E-02  8.462496299E-02
  5.384240386E-02  8.461978720E-02
  5.472080496E-02  8.461514757E-02
  5.556700465E-02  8.461104409E-02
  5.638688791E-02  8.460744620E-02
  5.718635621E-02  8.460436918E-02
  5.797101119E-02  8.460179657E-02
  5.874697977E-02  8.459972954E-02
  5.952140001E-02  8.459821514E-02
  6.030242148E-02  8.459726746E-02
  6.110061087E-02  8.459693589E-02
  6.193346958E-02  8.459734623E-02
  6.282402932E-02  8.459829391E-02
  6.377455057E-02  8.459905112E-02
  6.477087681E-02  8.459961902E-02
  6.580730325E-02  8.460001408E-02
  6.688033321E-02  8.460028216E-02
  6.798744175E-02  8.460043972E-02
  6.912685482E-02  8.460050321E-02
  7.029716664E-02  8.460051849E-02
  7.149705688E-02  8.460045500E-02
  7.272546832E-02  8.460036094E-02
  7.398200142E-02  8.460023513E-02
  7.526553426E-02  8.460007640E-02
  7.657517667E-02  8.459990356E-02
  7.791042554E-02  8.459971426E-02
  7.927076015E-02  8.459950850E-02
  8.065559226E-02  8.459930391E-02
  8.206445443E-02  8.459909815E-02
  8.349688712E-02  8.459887710E-02
  8.495251582E-02  8.459867252E-02
  8.643094840E-02  8.459846676E-02
  8.793177859E-02  8.459826217E-02
  8.945461035E-02  8.459805641E-02
  9.099922605E-02  8.459788357E-02
  9.256526256E-02  8.459769427E-02
  9.415239400E-02  8.459752025E-02
  9.576022199E-02  8.459734623E-02
  9.738864182E-02  8.459718868E-02
  9.903717233E-02  8.459704641E-02
  1.007056033E-01  8.459690532E-02
  1.023935478E-01  8.459677833E-02
  1.041009826E-01  8.459665252E-02
  1.058275285E-01  8.459654200E-02
  1.075727754E-01  8.459644676E-02
  1.093365385E-01  8.459635270E-02
  1.111187046E-01  8.459627392E-02
  1.129190485E-01  8.459619515E-02
  1.147369981E-01  8.459614694E-02
  1.165724645E-01  8.459608462E-02
  1.184250962E-01  8.459603641E-02
  1.202947391E-01  8.459600467E-02
  1.221809067E-01  8.459598938E-02
  1.240833698E-01  8.459597410E-02
  1.260021196E-01  8.459597410E-02
  1.279205116E-01  8.459597410E-02
  1.298230779E-01  8.459598938E-02
  1.317095078E-01  8.459600467E-02
  1.335792311E-01  8.459603641E-02
  1.354320855E-01  8.459608462E-02
  1.372676437E-01  8.459613165E-02
  1.390855118E-01  8.459619515E-02
  1.408855730E-01  8.459627392E-02
  1.426676194E-01  8.459635270E-02
  1.444313672E-01  8.459643148E-02
  1.461768141E-01  8.459654200E-02
  1.479032643E-01  8.459665252E-02
  1.496108011E-01  8.459676305E-02
  1.512990142E-01  8.459688886E-02
  1.529674377E-01  8.459703113E-02
  1.546160561E-01  8.459718868E-02
  1.562442912E-01  8.459734623E-02
  1.578520388E-01  8.459750497E-02
  1.594390558E-01  8.459767781E-02
  1.610050911E-01  8.459786711E-02
  1.625497017E-01  8.459805641E-02
  1.640725550E-01  8.459824571E-02
  1.655732809E-01  8.459846676E-02
  1.670518189E-01  8.459867252E-02
  1.685075292E-01  8.459887710E-02
  1.699400815E-01  8.459908286E-02
  1.713488405E-01  8.459930391E-02
  1.727337836E-01  8.459950850E-02
  1.740940378E-01  8.459971426E-02
  1.754293609E-01  8.459990356E-02
  1.767390413E-01  8.460007640E-02
  1.780224784E-01  8.460023513E-02
  1.792789452E-01  8.460037622E-02
  1.805075187E-01  8.460047146E-02
  1.817074967E-01  8.460051849E-02
  1.828779995E-01  8.460051849E-02
  1.840175872E-01  8.460045500E-02
  1.851248063E-01  8.460029745E-02
  1.861978288E-01  8.460004465E-02
  1.872345379E-01  8.459965077E-02
  1.882311622E-01  8.459908286E-02
  1.891816846E-01  8.459832449E-02
  1.900724189E-01  8.459737798E-02
  1.909053005E-01  8.459698410E-02
  1.917035919E-01  8.459729920E-02
  1.924846018E-01  8.459826217E-02
  1.932590410E-01  8.459977658E-02
  1.940349727E-01  8.460184478E-02
  1.948195455E-01  8.460443267E-02
  1.956189317E-01  8.460750969E-02
  1.964387928E-01  8.461109230E-02
  1.972848957E-01  8.461519460E-02
  1.981632140E-01  8.461983424E-02
  1.990803225E-01  8.462502649E-02
  2.000410771E-01  8.463072315E-02
  2.010477274E-01  8.463686191E-02
  2.021010489E-01  8.464334869E-02
  2.031995828E-01  8.465013413E-02
  2.043416501E-01  8.465711004E-02
  2.055247371E-01  8.466422705E-02
  2.067445421E-01  8.467135934E-02
  2.079948357E-01  8.467839874E-02
  2.092718769E-01  8.468540523E-02
  2.105749245E-01  8.469241171E-02
  2.119046585E-01  8.469949697E-02
  2.132629431E-01  8.470670921E-02
  2.146528354E-01  8.471411076E-02
  2.160785674E-01  8.472179567E-02
  2.175465299E-01  8.472986035E-02
  2.190666035E-01  8.473847648E-02
  2.206469623E-01  8.474769344E-02
  2.222909208E-01  8.475727253E-02
  2.239969286E-01  8.476704092E-02
  2.257609457E-01  8.477680931E-02
  2.275775680E-01  8.478646719E-02
  2.294404292E-01  8.479584052E-02
  2.313553487E-01  8.480477293E-02
  2.333123053E-01  8.481291639E-02
  2.352954336E-01  8.481968655E-02
  2.372778255E-01  8.482396286E-02
  2.392276245E-01  8.482503635E-02
  2.411252763E-01  8.482369478E-02
  2.429610958E-01  8.482055427E-02
  2.447318883E-01  8.481610394E-02
  2.464405418E-01  8.481083291E-02
  2.480788886E-01  8.480354189E-02
  2.499792119E-01  8.479753011E-02
  2.520000041E-01  8.479391576E-02
 -2.328310045E-10  8.490486660E-02
  2.030666645E-03  8.490653508E-02
  3.935342409E-03  8.490931028E-02
  5.567611320E-03  8.491267600E-02
  7.273257722E-03  8.491510925E-02
  9.042297707E-03  8.491715604E-02
  1.087701813E-02  8.491861338E-02
  1.277368292E-02  8.491923268E-02
  1.472308025E-02  8.491873008E-02
  1.670497475E-02  8.491675547E-02
  1.868770582E-02  8.491363019E-02
  2.064439828E-02  8.490987150E-02
  2.255907716E-02  8.490574807E-02
  2.442179149E-02  8.490141349E-02
  2.623808920E-02  8.489696222E-02
  2.800187349E-02  8.489245288E-02
  2.970774306E-02  8.488794353E-02
  3.135170574E-02  8.488351451E-02
  3.293196076E-02  8.487925973E-02
  3.445192745E-02  8.487527524E-02
  3.591979593E-02  8.487155237E-02
  3.734554708E-02  8.486800482E-02
  3.873547939E-02  8.486458807E-02
  4.009381061E-02  8.486125871E-02
  4.142363575E-02  8.485798797E-02
  4.272683689E-02  8.485475359E-02
  4.400403895E-02  8.485151867E-02
  4.525443423E-02  8.484826259E-02
  4.647422651E-02  8.484496959E-02
  4.765742127E-02  8.484168420E-02
  4.879960428E-02  8.483846393E-02
  4.989835517E-02  8.483533160E-02
  5.095167691E-02  8.483233767E-02
  5.195849584E-02  8.482950386E-02
  5.291931835E-02  8.482687359E-02
  5.383653300E-02  8.482448431E-02
  5.471493410E-02  8.482234253E-02
  5.556113379E-02  8.482044826E-02
  5.638102561E-02  8.481878738E-02
  5.718051068E-02  8.481736694E-02
  5.796519129E-02  8.481617936E-02
  5.874117697E-02  8.481522517E-02
  5.951563962E-02  8.481452608E-02
  6.029670351E-02  8.481408860E-02
  6.109495239E-02  8.481393554E-02
  6.192788770E-02  8.481412497E-02
  6.281852403E-02  8.481456244E-02
  6.376913834E-02  8.481491199E-02
  6.476555826E-02  8.481517415E-02
  6.580207775E-02  8.481535652E-02
  6.687520140E-02  8.481548027E-02
  6.798241185E-02  8.481555300E-02
  6.912192747E-02  8.481558231E-02
  7.029234121E-02  8.481558937E-02
  7.149234159E-02  8.481556006E-02
  7.272085494E-02  8.481551664E-02
  7.397753237E-02  8.481545856E-02
  7.526121017E-02  8.481538528E-02
  7.657098804E-02  8.481530550E-02
  7.790637301E-02  8.481521811E-02
  7.926685194E-02  8.481512313E-02
  8.065182838E-02  8.481502868E-02
  8.206081778E-02  8.481493370E-02
  8.349339544E-02  8.481483166E-02
  8.494916783E-02  8.481473722E-02
  8.642774536E-02  8.481464223E-02
  8.792871988E-02  8.481454779E-02
  8.945169597E-02  8.481445280E-02
  9.099646486E-02  8.481437302E-02
  9.256264632E-02  8.481428563E-02
  9.414992147E-02  8.481420530E-02
  9.575789377E-02  8.481412497E-02
  9.738646679E-02  8.481405224E-02
  9.903514163E-02  8.481398656E-02
  1.007037170E-01  8.481392143E-02
  1.023917976E-01  8.481386281E-02
  1.040993766E-01  8.481380473E-02
  1.058260586E-01  8.481375371E-02
  1.075714416E-01  8.481370975E-02
  1.093353320E-01  8.481366633E-02
  1.111176253E-01  8.481362996E-02
  1.129181053E-01  8.481359360E-02
  1.147361910E-01  8.481357134E-02
  1.165717853E-01  8.481354258E-02
  1.184245613E-01  8.481352032E-02
  1.202943397E-01  8.481350567E-02
  1.221806351E-01  8.481349861E-02
  1.240832255E-01  8.481349156E-02
  1.260021107E-01  8.481349156E-02
  1.279206142E-01  8.481349156E-02
  1.298233083E-01  8.481349861E-02
  1.317098813E-01  8.481350567E-02
  1.335797489E-01  8.481352032E-02
  1.354327401E-01  8.481354258E-02
  1.372684248E-01  8.481356429E-02
  1.390864208E-01  8.481359360E-02
  1.408866098E-01  8.481362996E-02
  1.426687917E-01  8.481366633E-02
  1.444326750E-01  8.481370269E-02
  1.461782586E-01  8.481375371E-02
  1.479048443E-01  8.481380473E-02
  1.496125267E-01  8.481385575E-02
  1.513008917E-01  8.481391383E-02
  1.529694596E-01  8.481397951E-02
  1.546182311E-01  8.481405224E-02
  1.562466106E-01  8.481412497E-02
  1.578544936E-01  8.481419824E-02
  1.594416638E-01  8.481427803E-02
  1.610078446E-01  8.481436542E-02
  1.625526072E-01  8.481445280E-02
  1.640755972E-01  8.481454019E-02
  1.655764675E-01  8.481464223E-02
  1.670551498E-01  8.481473722E-02
  1.685110121E-01  8.481483166E-02
  1.699437010E-01  8.481492664E-02
  1.713525867E-01  8.481502868E-02
  1.727376665E-01  8.481512313E-02
  1.740980562E-01  8.481521811E-02
  1.754335235E-01  8.481530550E-02
  1.767433230E-01  8.481538528E-02
  1.780269044E-01  8.481545856E-02
  1.792834991E-01  8.481552369E-02
  1.805121916E-01  8.481556766E-02
  1.817122886E-01  8.481558937E-02
  1.828829028E-01  8.481558937E-02
  1.840225993E-01  8.481556006E-02
  1.851299210E-01  8.481548733E-02
  1.862030372E-01  8.481537063E-02
  1.872398476E-01  8.481518880E-02
  1.882365656E-01  8.481492664E-02
  1.891871804E-01  8.481457656E-02
  1.900780096E-01  8.481413962E-02
  1.909109495E-01  8.481395780E-02
  1.917093016E-01  8.481410326E-02
  1.924903622E-01  8.481454779E-02
  1.932648356E-01  8.481524688E-02
  1.940408002E-01  8.481620161E-02
  1.948253908E-01  8.481739625E-02
  1.956247858E-01  8.481881669E-02
  1.964446633E-01  8.482047051E-02
  1.972907662E-01  8.482236424E-02
  1.981690769E-01  8.482450602E-02
  1.990861765E-01  8.482690290E-02
  2.000469059E-01  8.482953263E-02
  2.010535309E-01  8.483236644E-02
  2.021068346E-01  8.483536091E-02
  2.032053014E-01  8.483849324E-02
  2.043472737E-01  8.484171351E-02
  2.055302595E-01  8.484499890E-02
  2.067499543E-01  8.484829135E-02
  2.080001454E-01  8.485154093E-02
  2.092770600E-01  8.485477530E-02
  2.105799708E-01  8.485800968E-02
  2.119095770E-01  8.486128042E-02
  2.132677096E-01  8.486460978E-02
  2.146574488E-01  8.486802653E-02
  2.160830022E-01  8.487157408E-02
  2.175507698E-01  8.487529695E-02
  2.190706396E-01  8.487927438E-02
  2.206507009E-01  8.488352917E-02
  2.222943530E-01  8.488795113E-02
  2.240000379E-01  8.489246048E-02
  2.257637246E-01  8.489696982E-02
  2.275800063E-01  8.490142815E-02
  2.294425106E-01  8.490575512E-02
  2.313569882E-01  8.490987856E-02
  2.333134865E-01  8.491363779E-02
  2.352961135E-01  8.491676307E-02
  2.372779192E-01  8.491873713E-02
  2.392270219E-01  8.491923268E-02
  2.411237811E-01  8.491861338E-02
  2.429583511E-01  8.491716364E-02
  2.447272673E-01  8.491510925E-02
  2.464328178E-01  8.491267600E-02
  2.480650067E-01  8.490931028E-02
  2.499694572E-01  8.490653508E-02
  2.520000041E-01  8.490486660E-02
 -2.328310045E-10  8.500000089E-02
  2.039039973E-03  8.500000089E-02
  3.947259858E-03  8.500000089E-02
  5.574239884E-03  8.500000089E-02
  7.277220022E-03  8.500000089E-02
  9.044650011E-03  8.500000089E-02
  1.087830029E-02  8.500000089E-02
  1.277420018E-02  8.500000089E-02
  1.472300012E-02  8.500000089E-02
  1.670439914E-02  8.500000089E-02
  1.868670061E-02  8.500000089E-02
  2.064299956E-02  8.500000089E-02
  2.255729958E-02  8.500000089E-02
  2.441970073E-02  8.500000089E-02
  2.623569965E-02  8.500000089E-02
  2.799919993E-02  8.500000089E-02
  2.970479988E-02  8.500000089E-02
  3.134850040E-02  8.500000089E-02
  3.292850032E-02  8.500000089E-02
  3.444829956E-02  8.500000089E-02
  3.591600060E-02  8.500000089E-02
  3.734159842E-02  8.500000089E-02
  3.873139992E-02  8.500000089E-02
  4.008959979E-02  8.500000089E-02
  4.141930118E-02  8.500000089E-02
  4.272240028E-02  8.500000089E-02
  4.399950057E-02  8.500000089E-02
  4.524980113E-02  8.500000089E-02
  4.646949843E-02  8.500000089E-02
  4.765259847E-02  8.500000089E-02
  4.879470170E-02  8.500000089E-02
  4.989340156E-02  8.500000089E-02
  5.094670132E-02  8.500000089E-02
  5.195349827E-02  8.500000089E-02
  5.291429907E-02  8.500000089E-02
  5.383149907E-02  8.500000089E-02
  5.470990017E-02  8.500000089E-02
  5.555609986E-02  8.500000089E-02
  5.637599900E-02  8.500000089E-02
  5.717549846E-02  8.500000089E-02
  5.796020105E-02  8.500000089E-02
  5.873620138E-02  8.500000089E-02
  5.951070040E-02  8.500000089E-02
  6.029180065E-02  8.500000089E-02
  6.109010056E-02  8.500000089E-02
  6.192310154E-02  8.500000089E-02
  6.281380355E-02  8.500000089E-02
  6.376449764E-02  8.500000089E-02
  6.476099789E-02  8.500000089E-02
  6.579759717E-02  8.500000089E-02
  6.687080115E-02  8.500000089E-02
  6.797809899E-02  8.500000089E-02
  6.911770254E-02  8.500000089E-02
  7.028820366E-02  8.500000089E-02
  7.148829848E-02  8.500000089E-02
  7.271689922E-02  8.500000089E-02
  7.397370040E-02  8.500000089E-02
  7.525750250E-02  8.500000089E-02
  7.656739652E-02  8.500000089E-02
  7.790289819E-02  8.500000089E-02
  7.926350087E-02  8.500000089E-02
  8.064860106E-02  8.500000089E-02
  8.205769956E-02  8.500000089E-02
  8.349040151E-02  8.500000089E-02
  8.494629711E-02  8.500000089E-02
  8.642499894E-02  8.500000089E-02
  8.792609721E-02  8.500000089E-02
  8.944919705E-02  8.500000089E-02
  9.099409729E-02  8.500000089E-02
  9.256040305E-02  8.500000089E-02
  9.414780140E-02  8.500000089E-02
  9.575589746E-02  8.500000089E-02
  9.738460183E-02  8.500000089E-02
  9.903340042E-02  8.500000089E-02
  1.007020995E-01  8.500000089E-02
  1.023902968E-01  8.500000089E-02
  1.040979996E-01  8.500000089E-02
  1.058247983E-01  8.500000089E-02
  1.075702980E-01  8.500000089E-02
  1.093342975E-01  8.500000089E-02
  1.111166999E-01  8.500000089E-02
  1.129172966E-01  8.500000089E-02
  1.147354990E-01  8.500000089E-02
  1.165712029E-01  8.500000089E-02
  1.184241027E-01  8.500000089E-02
  1.202939972E-01  8.500000089E-02
  1.221804023E-01  8.500000089E-02
  1.240831017E-01  8.500000089E-02
  1.260021031E-01  8.500000089E-02
  1.279207021E-01  8.500000089E-02
  1.298235059E-01  8.500000089E-02
  1.317102015E-01  8.500000089E-02
  1.335801929E-01  8.500000089E-02
  1.354333013E-01  8.500000089E-02
  1.372690946E-01  8.500000089E-02
  1.390872002E-01  8.500000089E-02
  1.408874989E-01  8.500000089E-02
  1.426697969E-01  8.500000089E-02
  1.444337964E-01  8.500000089E-02
  1.461794972E-01  8.500000089E-02
  1.479061991E-01  8.500000089E-02
  1.496140063E-01  8.500000089E-02
  1.513025016E-01  8.500000089E-02
  1.529711932E-01  8.500000089E-02
  1.546200961E-01  8.500000089E-02
  1.562485993E-01  8.500000089E-02
  1.578565985E-01  8.500000089E-02
  1.594439000E-01  8.500000089E-02
  1.610102057E-01  8.500000089E-02
  1.625550985E-01  8.500000089E-02
  1.640782058E-01  8.500000089E-02
  1.655791998E-01  8.500000089E-02
  1.670580059E-01  8.500000089E-02
  1.685139984E-01  8.500000089E-02
  1.699468046E-01  8.500000089E-02
  1.713557988E-01  8.500000089E-02
  1.727409959E-01  8.500000089E-02
  1.741015017E-01  8.500000089E-02
  1.754370928E-01  8.500000089E-02
  1.767469943E-01  8.500000089E-02
  1.780306995E-01  8.500000089E-02
  1.792874038E-01  8.500000089E-02
  1.805161983E-01  8.500000089E-02
  1.817163974E-01  8.500000089E-02
  1.828871071E-01  8.500000089E-02
  1.840268970E-01  8.500000089E-02
  1.851343066E-01  8.500000089E-02
  1.862075031E-01  8.500000089E-02
  1.872444004E-01  8.500000089E-02
  1.882411987E-01  8.500000089E-02
  1.891918927E-01  8.500000089E-02
  1.900828034E-01  8.500000089E-02
  1.909157932E-01  8.500000089E-02
  1.917141974E-01  8.500000089E-02
  1.924953014E-01  8.500000089E-02
  1.932698041E-01  8.500000089E-02
  1.940457970E-01  8.500000089E-02
  1.948304027E-01  8.500000089E-02
  1.956298053E-01  8.500000089E-02
  1.964496970E-01  8.500000089E-02
  1.972957999E-01  8.500000089E-02
  1.981741041E-01  8.500000089E-02
  1.990911961E-01  8.500000089E-02
  2.000519037E-01  8.500000089E-02
  2.010585070E-01  8.500000089E-02
  2.021117955E-01  8.500000089E-02
  2.032102048E-01  8.500000089E-02
  2.043520957E-01  8.500000089E-02
  2.055349946E-01  8.500000089E-02
  2.067545950E-01  8.500000089E-02
  2.080046982E-01  8.500000089E-02
  2.092815042E-01  8.500000089E-02
  2.105842978E-01  8.500000089E-02
  2.119137943E-01  8.500000089E-02
  2.132717967E-01  8.500000089E-02
  2.146614045E-01  8.500000089E-02
  2.160868049E-01  8.500000089E-02
  2.175544053E-01  8.500000089E-02
  2.190741003E-01  8.500000089E-02
  2.206539065E-01  8.500000089E-02
  2.222972959E-01  8.500000089E-02
  2.240027040E-01  8.500000089E-02
  2.257661074E-01  8.500000089E-02
  2.275820971E-01  8.500000089E-02
  2.294442952E-01  8.500000089E-02
  2.313583940E-01  8.500000089E-02
  2.333144993E-01  8.500000089E-02
  2.352966964E-01  8.500000089E-02
  2.372779995E-01  8.500000089E-02
  2.392265052E-01  8.500000089E-02
  2.411224991E-01  8.500000089E-02
  2.429559976E-01  8.500000089E-02
  2.447233051E-01  8.500000089E-02
  2.464261949E-01  8.500000089E-02
  2.480531037E-01  8.500000089E-02
  2.499610931E-01  8.500000089E-02
  2.520000041E-01  8.500000089E-02
