   160    80
  0.00000000000000e+00  2.80000000000000e+01
  1.69217639502641e+00  2.80000000000000e+01
  3.38429493229409e+00  2.79952473027927e+01
  5.07328734349918e+00  2.78969628862187e+01
  6.74745882210899e+00  2.76558025827044e+01
  8.38261856104592e+00  2.72246571854847e+01
  9.94704419643613e+00  2.65828058903637e+01
  1.14304903597612e+01  2.57699359498188e+01
  1.28457731085218e+01  2.48428836483275e+01
  1.42089746908742e+01  2.38405475500419e+01
  1.55349354780673e+01  2.27893174611608e+01
  1.68359528657147e+01  2.17073105854230e+01
  1.81230808498473e+01  2.06087899198070e+01
  1.94067393538640e+01  1.95062105598991e+01
  2.06968795302716e+01  1.84112324262949e+01
  2.19977446955673e+01  1.73290176269213e+01
  2.33083076381390e+01  1.62585651378813e+01
  2.46272936145871e+01  1.51985065662898e+01
  2.59533781187580e+01  1.41473396813621e+01
  2.72851958320619e+01  1.31034446092102e+01
  2.86213490660635e+01  1.20651033813596e+01
  2.99604162301102e+01  1.10305218607529e+01
  3.13018494650441e+01  9.99901079481493e+00
  3.26490022955864e+01  8.97498652036903e+00
  3.40063774513802e+01  7.96456222320057e+00
  3.53786297066063e+01  6.97445501425756e+00
  3.67706130753370e+01  6.01231390994978e+00
  3.81873957763260e+01  5.08712269221535e+00
  3.96342090082052e+01  4.20970533001878e+00
  4.11159250615799e+01  3.39269779495698e+00
  4.26340327297827e+01  2.64553525506471e+00
  4.41877713007755e+01  1.97567997963833e+00
  4.57754633237814e+01  1.39091978085585e+00
  4.73943381723044e+01  8.99136289818743e-01
  4.90403858165661e+01  5.07943798486107e-01
  5.07082948476631e+01  2.24232753735931e-01
  5.23915187393070e+01  5.36578277838569e-02
  5.40825032113668e+01  0.00000000000000e+00
  5.57746796063934e+01  0.00000000000000e+00
  5.74668560014201e+01  0.00000000000000e+00
  5.91590323964467e+01  0.00000000000000e+00
  6.08512087914734e+01  0.00000000000000e+00
  6.25433851865000e+01  0.00000000000000e+00
  6.42355615815267e+01  0.00000000000000e+00
  6.59277379765533e+01  0.00000000000000e+00
  6.76199143715800e+01  0.00000000000000e+00
  6.93120907666066e+01  0.00000000000000e+00
  7.10042671616333e+01  0.00000000000000e+00
  7.26964435566599e+01  0.00000000000000e+00
  7.43886199516866e+01  0.00000000000000e+00
  7.60807963467132e+01  0.00000000000000e+00
  7.77729727417398e+01  0.00000000000000e+00
  7.94651491367665e+01  0.00000000000000e+00
  8.11573255317932e+01  0.00000000000000e+00
  8.28495019268198e+01  0.00000000000000e+00
  8.45416783218464e+01  0.00000000000000e+00
  8.62338547168731e+01  0.00000000000000e+00
  8.79260311118998e+01  0.00000000000000e+00
  8.96182075069264e+01  0.00000000000000e+00
  9.13103839019530e+01  0.00000000000000e+00
  9.30025602969797e+01  0.00000000000000e+00
  9.46947366920064e+01  0.00000000000000e+00
  9.63869130870330e+01  0.00000000000000e+00
  9.80790894820597e+01  0.00000000000000e+00
  9.97712658770863e+01  0.00000000000000e+00
  1.01463442272113e+02  0.00000000000000e+00
  1.03155618667140e+02  0.00000000000000e+00
  1.04847795062166e+02  0.00000000000000e+00
  1.06539971457193e+02  0.00000000000000e+00
  1.08232147852220e+02  0.00000000000000e+00
  1.09924324247246e+02  0.00000000000000e+00
  1.11616500642273e+02  0.00000000000000e+00
  1.13308677037300e+02  0.00000000000000e+00
  1.15000853432326e+02  0.00000000000000e+00
  1.16693029827353e+02  0.00000000000000e+00
  1.18385206222379e+02  0.00000000000000e+00
  1.20077382617406e+02  0.00000000000000e+00
  1.21769559012433e+02  0.00000000000000e+00
  1.23461735407459e+02  0.00000000000000e+00
  1.25153911802486e+02  0.00000000000000e+00
  1.26846088197513e+02  0.00000000000000e+00
  1.28538264592539e+02  0.00000000000000e+00
  1.30230440987566e+02  0.00000000000000e+00
  1.31922617382593e+02  0.00000000000000e+00
  1.33614793777619e+02  0.00000000000000e+00
  1.35306970172646e+02  0.00000000000000e+00
  1.36999146567673e+02  0.00000000000000e+00
  1.38691322962699e+02  0.00000000000000e+00
  1.40383499357726e+02  0.00000000000000e+00
  1.42075675752753e+02  0.00000000000000e+00
  1.43767852147779e+02  0.00000000000000e+00
  1.45460028542806e+02  0.00000000000000e+00
  1.47152204937832e+02  0.00000000000000e+00
  1.48844381332859e+02  0.00000000000000e+00
  1.50536557727886e+02  0.00000000000000e+00
  1.52228734122912e+02  0.00000000000000e+00
  1.53920910517939e+02  0.00000000000000e+00
  1.55613086912966e+02  0.00000000000000e+00
  1.57305263307992e+02  0.00000000000000e+00
  1.58997439703019e+02  0.00000000000000e+00
  1.60689616098046e+02  0.00000000000000e+00
  1.62381792493072e+02  0.00000000000000e+00
  1.64073968888099e+02  0.00000000000000e+00
  1.65766145283126e+02  0.00000000000000e+00
  1.67458321678152e+02  0.00000000000000e+00
  1.69150498073179e+02  0.00000000000000e+00
  1.70842674468206e+02  0.00000000000000e+00
  1.72534850863232e+02  0.00000000000000e+00
  1.74227027258259e+02  0.00000000000000e+00
  1.75919203653286e+02  0.00000000000000e+00
  1.77611380048312e+02  0.00000000000000e+00
  1.79303556443339e+02  0.00000000000000e+00
  1.80995732838365e+02  0.00000000000000e+00
  1.82687909233392e+02  0.00000000000000e+00
  1.84380085628419e+02  0.00000000000000e+00
  1.86072262023445e+02  0.00000000000000e+00
  1.87764438418472e+02  0.00000000000000e+00
  1.89456614813499e+02  0.00000000000000e+00
  1.91148791208525e+02  0.00000000000000e+00
  1.92840967603552e+02  0.00000000000000e+00
  1.94533143998579e+02  0.00000000000000e+00
  1.96225320393605e+02  0.00000000000000e+00
  1.97917496788632e+02  0.00000000000000e+00
  1.99608481260692e+02  5.36578277837698e-02
  2.01291705152336e+02  2.24232753735754e-01
  2.02959614183433e+02  5.07943798485852e-01
  2.04605661827694e+02  8.99136289818429e-01
  2.06224536676217e+02  1.39091978085545e+00
  2.07812228699223e+02  1.97567997963782e+00
  2.09365967270216e+02  2.64553525506415e+00
  2.10884074938419e+02  3.39269779495638e+00
  2.12365790991794e+02  4.20970533001814e+00
  2.13812604223673e+02  5.08712269221468e+00
  2.15229386924662e+02  6.01231390994914e+00
  2.16621370293393e+02  6.97445501425680e+00
  2.17993622548619e+02  7.96456222319977e+00
  2.19350997704413e+02  8.97498652036835e+00
  2.20698150534955e+02  9.99901079481420e+00
  2.22039583769889e+02  1.10305218607522e+01
  2.23378650933936e+02  1.20651033813590e+01
  2.24714804167937e+02  1.31034446092096e+01
  2.26046621881241e+02  1.41473396813616e+01
  2.27372706385412e+02  1.51985065662892e+01
  2.28691692361860e+02  1.62585651378808e+01
  2.30002255304432e+02  1.73290176269208e+01
  2.31303120469728e+02  1.84112324262945e+01
  2.32593260646136e+02  1.95062105598987e+01
  2.33876919150152e+02  2.06087899198067e+01
  2.35164047134285e+02  2.17073105854227e+01
  2.36465064521932e+02  2.27893174611606e+01
  2.37791025309126e+02  2.38405475500417e+01
  2.39154226891478e+02  2.48428836483273e+01
  2.40569509640238e+02  2.57699359498186e+01
  2.42052955803564e+02  2.65828058903636e+01
  2.43617381438953e+02  2.72246571854845e+01
  2.45252541177891e+02  2.76558025827043e+01
  2.46926712656500e+02  2.78969628862186e+01
  2.48615705067705e+02  2.79952473027927e+01
  2.50307823604973e+02  2.80000000000000e+01
  2.52000000000000e+02  2.80000000000000e+01
  0.00000000000000e+00  2.80501743934277e+01
  1.68927113593946e+00  2.81253039285958e+01
  3.37576723655334e+00  2.81618300221917e+01
  5.05618831021720e+00  2.80963371326694e+01
  6.71948913048464e+00  2.78880922797129e+01
  8.34475066596206e+00  2.74993474604386e+01
  9.90632254194788e+00  2.69151468928949e+01
  1.13958726990034e+01  2.61684119811396e+01
  1.28232185812962e+01  2.53072897500833e+01
  1.42019451993236e+01  2.43678709594069e+01
  1.55451019571287e+01  2.33756747145478e+01
  1.68638997721113e+01  2.23488382192331e+01
  1.81683519112221e+01  2.13014966497827e+01
  1.94676957127443e+01  2.02456288600985e+01
  2.07703811656869e+01  1.91918504624927e+01
  2.20810654314534e+01  1.81462718745748e+01
  2.34003585928238e+01  1.71101481491612e+01
  2.47276662438056e+01  1.60831822654241e+01
  2.60621049890726e+01  1.50646266369608e+01
  2.74027191653045e+01  1.40535676665145e+01
  2.87485825503226e+01  1.30490738066212e+01
  3.00989224176876e+01  1.20503762146482e+01
  3.14537045979188e+01  1.10576642848448e+01
  3.28151254499424e+01  1.00741272533632e+01
  3.41867074042056e+01  9.10492423531126e+00
  3.55724457684078e+01  8.15624904880580e+00
  3.69765412918995e+01  7.23520522667235e+00
  3.84032768009043e+01  6.34993909437863e+00
  3.98568338449056e+01  5.50976819635352e+00
  4.13408092381907e+01  4.72486622078742e+00
  4.28569099250178e+01  4.00418054744646e+00
  4.44050271381110e+01  3.35526621603365e+00
  4.59838268961939e+01  2.78512231465563e+00
  4.75908948820701e+01  2.30026692012100e+00
  4.92227392829162e+01  1.90634391416926e+00
  5.08748311868068e+01  1.60730097978375e+00
  5.25417841551340e+01  1.40363089195338e+00
  5.42178406441522e+01  1.28734204002187e+00
  5.58982539751002e+01  1.22441467525688e+00
  5.75809508208542e+01  1.18255820915710e+00
  5.92651294141220e+01  1.15169973503001e+00
  6.09503733525965e+01  1.12761122237189e+00
  6.26364284629196e+01  1.10813735909517e+00
  6.43231241146552e+01  1.09201827064281e+00
  6.60103386360764e+01  1.07844607604827e+00
  6.76979815717793e+01  1.06686841319217e+00
  6.93859835690691e+01  1.05688967868922e+00
  7.10742901679586e+01  1.04821644332565e+00
  7.27628577723662e+01  1.04062503225929e+00
  7.44516509230436e+01  1.03394116329999e+00
  7.61406403881005e+01  1.02802657670090e+00
  7.78298017884646e+01  1.02276993195804e+00
  7.95191145852532e+01  1.01808042068913e+00
  8.12085613189443e+01  1.01388317019590e+00
  8.28981270279443e+01  1.01011586330792e+00
  8.45877987976113e+01  1.00672620577557e+00
  8.62775654058438e+01  1.00366999754382e+00
  8.79674170412774e+01  1.00090964276510e+00
  8.96573450768342e+01  9.98412984116065e-01
  9.13473418859971e+01  9.96152380543873e-01
  9.30374006924267e+01  9.94103970275130e-01
  9.47275154458603e+01  9.92247076586881e-01
  9.64176807189147e+01  9.90563724843642e-01
  9.81078916206504e+01  9.89038247156568e-01
  9.97981437236751e+01  9.87656956708878e-01
  1.01488433002255e+02  9.86407877965308e-01
  1.03178755779432e+02  9.85280522085848e-01
  1.04869108681541e+02  9.84265699194931e-01
  1.06559488598845e+02  9.83355360929670e-01
  1.08249892651231e+02  9.82542468049662e-01
  1.09940318158131e+02  9.81820878944588e-01
  1.11630762611936e+02  9.81185255700018e-01
  1.13321223654348e+02  9.80630985032517e-01
  1.15011699055158e+02  9.80154111922973e-01
  1.16702186693046e+02  9.79751284195013e-01
  1.18392684538049e+02  9.79419706623379e-01
  1.20083190635396e+02  9.79157103437075e-01
  1.21773703090431e+02  9.78961688314441e-01
  1.23464220054406e+02  9.78832141163583e-01
  1.25154739710915e+02  9.78767591152858e-01
  1.26845260262778e+02  9.78767605605255e-01
  1.28535779919198e+02  9.78832184506882e-01
  1.30226296882996e+02  9.78961760507019e-01
  1.31916809337765e+02  9.79157204409659e-01
  1.33607315434756e+02  9.79419836279197e-01
  1.35297813279316e+02  9.79751442410014e-01
  1.36988300916670e+02  9.80154298546092e-01
  1.38678776316859e+02  9.80631199886027e-01
  1.40369237358561e+02  9.81185498580028e-01
  1.42059681811567e+02  9.81821149621430e-01
  1.43750107317578e+02  9.82542766268578e-01
  1.45440511368987e+02  9.83355686411427e-01
  1.47130891285223e+02  9.84266051636667e-01
  1.48821244186174e+02  9.85280901162013e-01
  1.50511566962103e+02  9.86408283328633e-01
  1.52201856239344e+02  9.87657387991606e-01
  1.53892108340938e+02  9.89038703971796e-01
  1.55582319241149e+02  9.90564206786938e-01
  1.57272484512585e+02  9.92247583238011e-01
  1.58962599264304e+02  9.94104501200191e-01
  1.60652658068921e+02  9.96152935297609e-01
  1.62342654876171e+02  9.98413562244587e-01
  1.64032582909711e+02  1.00091024380921e+00
  1.65722434543022e+02  1.00367062104261e+00
  1.67412201149021e+02  1.00672685127099e+00
  1.69101872916337e+02  1.01011653034985e+00
  1.70791438622865e+02  1.01388385834847e+00
  1.72480885353954e+02  1.01808112953822e+00
  1.74170198148001e+02  1.02277066112046e+00
  1.75859359545474e+02  1.02802732583564e+00
  1.77548349007476e+02  1.03394193212239e+00
  1.79237142154919e+02  1.04062582055895e+00
  1.80925709755892e+02  1.04821725098957e+00
  1.82614016351122e+02  1.05689050573221e+00
  1.84302018344495e+02  1.06686925979827e+00
  1.85989661275985e+02  1.07844694262795e+00
  1.87676875792845e+02  1.09201915791562e+00
  1.89363571439602e+02  1.10813826821422e+00
  1.91049626544437e+02  1.12761215512042e+00
  1.92734870476783e+02  1.15170069415184e+00
  1.94419049063092e+02  1.18255919893719e+00
  1.96101745900753e+02  1.22441570247498e+00
  1.97782159221996e+02  1.28734311429133e+00
  1.99458215699382e+02  1.40363201102249e+00
  2.01125168655159e+02  1.60730212713565e+00
  2.02777260546813e+02  1.90634507621059e+00
  2.04409104936665e+02  2.30026808635493e+00
  2.06016172913458e+02  2.78512347671636e+00
  2.07594972664846e+02  3.35526736701617e+00
  2.09143089873997e+02  4.00418168142670e+00
  2.10659190559972e+02  4.72486733239152e+00
  2.12143165955862e+02  5.50976928039543e+00
  2.13596723005900e+02  6.34994014627632e+00
  2.15023458523605e+02  7.23520624328473e+00
  2.16427554057707e+02  8.15625002801899e+00
  2.17813292433790e+02  9.10492517565999e+00
  2.19184874400621e+02  1.00741281538591e+01
  2.20546295265292e+02  1.10576651449963e+01
  2.21901077457508e+02  1.20503770346595e+01
  2.23251417335579e+02  1.30490745872890e+01
  2.24597280730306e+02  1.40535684081329e+01
  2.25937894915650e+02  1.50646273392085e+01
  2.27272333669745e+02  1.60831829274915e+01
  2.28599641329545e+02  1.71101487698096e+01
  2.29918934500012e+02  1.81462724521122e+01
  2.31229618775574e+02  1.91918509945976e+01
  2.32532304239664e+02  2.02456293435001e+01
  2.33831648053479e+02  2.13014970812102e+01
  2.35136100204886e+02  2.23488385964859e+01
  2.36454898031209e+02  2.33756750363863e+01
  2.37798054798597e+02  2.43678712255816e+01
  2.39176781423753e+02  2.53072899615567e+01
  2.40604127310027e+02  2.61684121407259e+01
  2.42093677467532e+02  2.69151470060465e+01
  2.43655249340826e+02  2.74993475361213e+01
  2.45280510872661e+02  2.78880923278802e+01
  2.46943811690484e+02  2.80963371606863e+01
  2.48624232763210e+02  2.81618300354815e+01
  2.50310728863812e+02  2.81253039323558e+01
  2.52000000000000e+02  2.80501743934277e+01
  0.00000000000000e+00  2.81035787966588e+01
  1.68637210105384e+00  2.82510298442240e+01
  3.36736661421733e+00  2.83292707778406e+01
  5.03966448908082e+00  2.82969295698371e+01
  6.69300121142505e+00  2.81215515042362e+01
  8.30937028415446e+00  2.77736075061784e+01
  9.86806667074853e+00  2.72431191367750e+01
  1.13624188045026e+01  2.65580754323217e+01
  1.28001033879702e+01  2.57596382361611e+01
  1.41926040480610e+01  2.48809176757262e+01
  1.55513641589620e+01  2.39463040011273e+01
  1.68865221481344e+01  2.29736791782581e+01
  1.82071439617997e+01  2.19769912367637e+01
  1.95214756290254e+01  2.09678448192235e+01
  2.08368602542712e+01  1.99561795875351e+01
  2.21579730414029e+01  1.89485679379015e+01
  2.34864074466115e+01  1.79477596302798e+01
  2.48222637369093e+01  1.69545546579923e+01
  2.61651152475715e+01  1.59689843005849e+01
  2.75143837265380e+01  1.49908016562551e+01
  2.88695209199774e+01  1.40197406500230e+01
  3.02301799834614e+01  1.30557686666658e+01
  3.15966164765610e+01  1.20996561123193e+01
  3.29704695396493e+01  1.11540961602193e+01
  3.43545056099067e+01  1.02235069275330e+01
  3.57520670047268e+01  9.31346689103476e+00
  3.71667352271808e+01  8.43045905890506e+00
  3.86021224956770e+01  7.58181991412280e+00
  4.00616439778876e+01  6.77568371447587e+00
  4.15481315749813e+01  6.02064785120102e+00
  4.30631701847744e+01  5.32475258498797e+00
  4.46069427186111e+01  4.69506182518497e+00
  4.61784485021974e+01  4.13781100745430e+00
  4.77756587009231e+01  3.65835749537984e+00
  4.93956009291465e+01  3.26075681715031e+00
  5.10344714669192e+01  2.94686827583268e+00
  5.26878704567086e+01  2.71464103865528e+00
  5.43512812479191e+01  2.55481856607976e+00
  5.60209414121393e+01  2.44646811352082e+00
  5.76945929613013e+01  2.36834980502058e+00
  5.93710084115931e+01  2.30886048690965e+00
  6.10494630984255e+01  2.26172622340562e+00
  6.27294901833052e+01  2.22331735285623e+00
  6.44107680414540e+01  2.19137159066517e+00
  6.60930639656485e+01  2.16438700060338e+00
  6.77762033427115e+01  2.14131541333648e+00
  6.94600514344882e+01  2.12139621257107e+00
  7.11445019369172e+01  2.10406014739503e+00
  7.28294694443547e+01  2.08887048107139e+00
  7.45148842929379e+01  2.07548527047284e+00
  7.62006889202753e+01  2.06363223399269e+00
  7.78868352281961e+01  2.05309145328143e+00
  7.95732826299346e+01  2.04368313431963e+00
  8.12599965767519e+01  2.03525874149901e+00
  8.29469474280445e+01  2.02769444301266e+00
  8.46341095723799e+01  2.02088617832456e+00
  8.63214607350000e+01  2.01474588812472e+00
  8.80089814259937e+01  2.00919859297414e+00
  8.96966544960173e+01  2.00418010184939e+00
  9.13844647752332e+01  1.99963519515669e+00
  9.30723987773346e+01  1.99551616992902e+00
  9.47604444549722e+01  1.99178166484925e+00
  9.64485909961354e+01  1.98839570386363e+00
  9.81368286534207e+01  1.98532691228379e+00
  9.98251485999024e+01  1.98254787027593e+00
  1.01513542806659e+02  1.98003457673464e+00
  1.03202003938034e+02  1.97776600257476e+00
  1.04890525261487e+02  1.97572371702204e+00
  1.06579100569511e+02  1.97389157394759e+00
  1.08267724111559e+02  1.97225544795395e+00
  1.09956390534290e+02  1.97080301198833e+00
  1.11645094828760e+02  1.96952354987899e+00
  1.13333832283392e+02  1.96840779847163e+00
  1.15022598441772e+02  1.96744781506439e+00
  1.16711389064440e+02  1.96663686666449e+00
  1.18400200093990e+02  1.96596933825852e+00
  1.20089027622871e+02  1.96544065784208e+00
  1.21777867863360e+02  1.96504723641473e+00
  1.23466717119243e+02  1.96478642153611e+00
  1.25155571758783e+02  1.96465646337851e+00
  1.26844428188577e+02  1.96465649250787e+00
  1.28533282827938e+02  1.96478650889630e+00
  1.30222132083465e+02  1.96504738192214e+00
  1.31910972323417e+02  1.96544086135755e+00
  1.33599799851584e+02  1.96596959958765e+00
  1.35288610880242e+02  1.96663718555809e+00
  1.36977401501838e+02  1.96744819121904e+00
  1.38666167658968e+02  1.96840823153036e+00
  1.40354905112172e+02  1.96952403943225e+00
  1.42043609405034e+02  1.97080355757488e+00
  1.43732275825978e+02  1.97225604906214e+00
  1.45420899366059e+02  1.97389223001668e+00
  1.47109474671937e+02  1.97572442744387e+00
  1.48797995993062e+02  1.97776676669563e+00
  1.50486457121927e+02  1.98003539385731e+00
  1.52174851325991e+02  1.98254873966207e+00
  1.53863171269596e+02  1.98532783315670e+00
  1.55551408923817e+02  1.98839667541146e+00
  1.57239555461727e+02  1.99178268622851e+00
  1.58927601135918e+02  1.99551724026882e+00
  1.60615535134377e+02  1.99963631356337e+00
  1.62303345409750e+02  2.00418126741204e+00
  1.63991018475724e+02  2.00919980477110e+00
  1.65678539162454e+02  2.01474714523086e+00
  1.67365890320589e+02  2.02088747982019e+00
  1.69053052460207e+02  2.02769578799373e+00
  1.70740003306539e+02  2.03526012908944e+00
  1.72426717248137e+02  2.04368456368609e+00
  1.74113164644379e+02  2.05309292365115e+00
  1.75799310946507e+02  2.06363374467534e+00
  1.77485115567727e+02  2.07548682088769e+00
  1.79170530409838e+02  2.08887207078143e+00
  1.80855497910409e+02  2.10406177615036e+00
  1.82539948405530e+02  2.12139788036523e+00
  1.84223796489497e+02  2.14131712048118e+00
  1.85906935858173e+02  2.16438874782897e+00
  1.87589231773307e+02  2.19137337925960e+00
  1.89270509621596e+02  2.22331918486087e+00
  1.90950536695653e+02  2.26172810189316e+00
  1.92628991370476e+02  2.30886241636842e+00
  1.94305406807267e+02  2.36835179179557e+00
  1.95979058341026e+02  2.44647016584215e+00
  1.97648718487480e+02  2.55482069140368e+00
  1.99312129258549e+02  2.71464323148767e+00
  2.00965528227082e+02  2.94687051652588e+00
  2.02604398744211e+02  3.26075908497942e+00
  2.04224340953937e+02  3.65835977203733e+00
  2.05821551137524e+02  4.13781327727832e+00
  2.07393056910250e+02  4.69506407470378e+00
  2.08936829438213e+02  5.32475480237801e+00
  2.10451868047678e+02  6.02065002580097e+00
  2.11938355650315e+02  6.77568583658694e+00
  2.13397877143647e+02  7.58182197550740e+00
  2.14833264427811e+02  8.43046105338196e+00
  2.16247932669326e+02  9.31346881410482e+00
  2.17645494085496e+02  1.02235087759533e+01
  2.19029530178322e+02  1.11540979317800e+01
  2.20403383264094e+02  1.20996578058258e+01
  2.21769819778891e+02  1.30557702819514e+01
  2.23130478862436e+02  1.40197421874349e+01
  2.24485616074612e+02  1.49908031154788e+01
  2.25834884571513e+02  1.59689856804341e+01
  2.27177736099793e+02  1.69545559564886e+01
  2.28513592407868e+02  1.79477608446809e+01
  2.29842026831549e+02  1.89485690646189e+01
  2.31163139638530e+02  1.99561806219282e+01
  2.32478524285601e+02  2.09678457556442e+01
  2.33792855975950e+02  2.19769920700201e+01
  2.35113477812243e+02  2.29736799049528e+01
  2.36448635821939e+02  2.39463046196612e+01
  2.37807395949867e+02  2.48809181864730e+01
  2.39199896622270e+02  2.57596386419693e+01
  2.40637581212254e+02  2.65580757395675e+01
  2.42131933346298e+02  2.72431193565443e+01
  2.43690629727961e+02  2.77736076549936e+01
  2.45306998794234e+02  2.81215515998322e+01
  2.46960335512169e+02  2.82969296257321e+01
  2.48632633385300e+02  2.83292708044582e+01
  2.50313627898452e+02  2.82510298517888e+01
  2.52000000000000e+02  2.81035787966588e+01
  0.00000000000000e+00  2.81604178165962e+01
  1.68347304138131e+00  2.83776311885376e+01
  3.35908784602165e+00  2.84978307765853e+01
  5.02368410761108e+00  2.84989377048296e+01
  6.66787031517359e+00  2.83563929299645e+01
  8.27623429469565e+00  2.80479284368728e+01
  9.83211281459196e+00  2.75678695955224e+01
  1.13302617903056e+01  2.69406212391686e+01
  1.27768260063059e+01  2.62017450599976e+01
  1.41815454047648e+01  2.53814442826312e+01
  1.55544426955314e+01  2.45028238495339e+01
  1.69046353830804e+01  2.35833095771310e+01
  1.82403207010795e+01  2.26365890057080e+01
  1.95688947192413e+01  2.16739430516867e+01
  2.08968426635351e+01  2.07048476576962e+01
  2.22286758692005e+01  1.97360904104638e+01
  2.35665459576086e+01  1.87714042925460e+01
  2.49111285084551e+01  1.78125429808930e+01
  2.62624292361364e+01  1.68602873971232e+01
  2.76202153830060e+01  1.59150158863319e+01
  2.89842501896809e+01  1.49770388076320e+01
  3.03544835950452e+01  1.40468851216771e+01
  3.17313434857939e+01  1.31257369843795e+01
  3.31161753042346e+01  1.22160985863842e+01
  3.45112025708085e+01  1.13218684661895e+01
  3.59191997194998e+01  1.04480480858330e+01
  3.73431913610625e+01  9.60049899122336e+00
  3.87862195065166e+01  8.78580394648469e+00
  4.02511109974561e+01  8.01112378356614e+00
  4.17401721251858e+01  7.28389239665269e+00
  4.32547937769750e+01  6.61121714635173e+00
  4.47952732165101e+01  5.99946178779565e+00
  4.63608696854822e+01  5.45410395338584e+00
  4.79499134754970e+01  4.97954930847659e+00
  4.95599139748924e+01  4.57870405891596e+00
  5.11877038371414e+01  4.25219600501048e+00
  5.28296799310401e+01  3.99712016701795e+00
  5.44822017448928e+01  3.80533691696346e+00
  5.61421481361947e+01  3.66265016933757e+00
  5.78073234340033e+01  3.55406297919543e+00
  5.94763129035086e+01  3.46892628594224e+00
  6.11481937090596e+01  3.40037274793581e+00
  6.28223379954747e+01  3.34397162605968e+00
  6.44982996761652e+01  3.29677302992679e+00
  6.61757498999788e+01  3.25673755204605e+00
  6.78544388693703e+01  3.22240467250350e+00
  6.95341721729025e+01  3.19269609232257e+00
  7.12147954573663e+01  3.16679501261776e+00
  7.28961841159141e+01  3.14406925779928e+00
  7.45782361231092e+01  3.12402059480436e+00
  7.62608669185293e+01  3.10625026695172e+00
  7.79440056670505e+01  3.09043490347575e+00
  7.96275924700158e+01  3.07630927178980e+00
  8.13115762489519e+01  3.06365366594368e+00
  8.29959131149023e+01  3.05228451264204e+00
  8.46805650948170e+01  3.04204725855242e+00
  8.63654991247097e+01  3.03281090624576e+00
  8.80506862449860e+01  3.02446376210880e+00
  8.97361009509476e+01  3.01691008903007e+00
  9.14217206637753e+01  3.01006744397450e+00
  9.31075252960203e+01  3.00386454057929e+00
  9.47934968919281e+01  2.99823951887298e+00
  9.64796193275199e+01  2.99313853404099e+00
  9.81658780587611e+01  2.98851459765483e+00
  9.98522599086953e+01  2.98432662048757e+00
  1.01538752886352e+02  2.98053861765233e+00
  1.03225346031711e+02  2.97711904549142e+00
  1.04912029282131e+02  2.97404024621521e+00
  1.06598793356557e+02  2.97127798131114e+00
  1.08285629654477e+02  2.96881103861460e+00
  1.09972530167168e+02  2.96662090094741e+00
  1.11659487399194e+02  2.96469146659689e+00
  1.13346494298452e+02  2.96300881378409e+00
  1.15033544193354e+02  2.96156100276877e+00
  1.16720630735924e+02  2.96033791045007e+00
  1.18407747849798e+02  2.95933109330783e+00
  1.20094889682220e+02  2.95853367534479e+00
  1.21782050559266e+02  2.95794025837045e+00
  1.23469224943597e+02  2.95754685254424e+00
  1.25156407394112e+02  2.95735082559739e+00
  1.26843592526937e+02  2.95735086959369e+00
  1.28530774977184e+02  2.95754698449112e+00
  1.30217949360976e+02  2.95794047814197e+00
  1.31905110237215e+02  2.95853398273136e+00
  1.33592252068561e+02  2.95933148801667e+00
  1.35279369181089e+02  2.96033839210588e+00
  1.36966455722046e+02  2.96156157091457e+00
  1.38653505615064e+02  2.96300946788227e+00
  1.40340512512170e+02  2.96469220603062e+00
  1.42027469741773e+02  2.96662172502206e+00
  1.43714370251772e+02  2.96881194655962e+00
  1.45401206546730e+02  2.97127897228206e+00
  1.47087970617923e+02  2.97404131929613e+00
  1.48774653864837e+02  2.97712019969785e+00
  1.50461247006416e+02  2.98053985193422e+00
  1.52147739980019e+02  2.98432793373294e+00
  1.53834121825621e+02  2.98851598869387e+00
  1.55520380552250e+02  2.99314000165086e+00
  1.57206502982944e+02  2.99824106178306e+00
  1.58892474573666e+02  3.00386615747745e+00
  1.60578279200431e+02  3.01006913351407e+00
  1.62263898907478e+02  3.01691184983794e+00
  1.63949313607350e+02  3.02446559279503e+00
  1.65634500721217e+02  3.03281280541435e+00
  1.67319434744369e+02  3.04204922481431e+00
  1.69004086717198e+02  3.05228654462998e+00
  1.70688423575699e+02  3.06365576233020e+00
  1.72372407346802e+02  3.07631143130838e+00
  1.74055994141525e+02  3.09043712494639e+00
  1.75739132881364e+02  3.10625254931184e+00
  1.77421763667625e+02  3.12402293714678e+00
  1.79103815665140e+02  3.14407165941919e+00
  1.80785204313431e+02  3.16679747307133e+00
  1.82465827586994e+02  3.19269861150113e+00
  1.84145560878899e+02  3.22240725072858e+00
  1.85824249835834e+02  3.25674019019136e+00
  1.87501700046233e+02  3.29677572957538e+00
  1.89177661712386e+02  3.34397438970250e+00
  1.90851805982934e+02  3.40037557920383e+00
  1.92523686771024e+02  3.46892918981340e+00
  1.94192676221145e+02  3.55406596194003e+00
  1.95857851497285e+02  3.66265323746228e+00
  1.97517797864389e+02  3.80534007338734e+00
  1.99170319651841e+02  3.99712340305713e+00
  2.00812295718501e+02  4.25219930003616e+00
  2.02440085554577e+02  4.57870738869459e+00
  2.04050086030722e+02  4.97955264953306e+00
  2.05639129801984e+02  5.45410728437183e+00
  2.07204726257949e+02  5.99946508962754e+00
  2.08745205691166e+02  6.61122040194741e+00
  2.10259827343961e+02  7.28389559064696e+00
  2.11748888480214e+02  8.01112690230132e+00
  2.13213779986700e+02  8.78580697842487e+00
  2.14656808153571e+02  9.60050192727992e+00
  2.16080799821040e+02  1.04480509190704e+01
  2.17488796998710e+02  1.13218711914400e+01
  2.18883824295918e+02  1.22161011999948e+01
  2.20268656145257e+02  1.31257394840710e+01
  2.21645516065967e+02  1.40468875062809e+01
  2.23015749499769e+02  1.49770410763379e+01
  2.24379784333616e+02  1.59150180376577e+01
  2.25737570506921e+02  1.68602894286316e+01
  2.27088871260868e+02  1.78125448891829e+01
  2.28433453838410e+02  1.87714060732316e+01
  2.29771323954608e+02  1.97360920580885e+01
  2.31103157189842e+02  2.07048491656852e+01
  2.32431105165729e+02  2.16739444128436e+01
  2.33759679216363e+02  2.26365902138716e+01
  2.35095364565537e+02  2.35833106285121e+01
  2.36445557280920e+02  2.45028247429078e+01
  2.37818454594370e+02  2.53814450196983e+01
  2.39223174008802e+02  2.62017456461277e+01
  2.40669738232832e+02  2.69406216846651e+01
  2.42167887208368e+02  2.75678699168587e+01
  2.43723765721532e+02  2.80479286568450e+01
  2.45332129692460e+02  2.83563930724438e+01
  2.46976315894051e+02  2.84989377885611e+01
  2.48640912153241e+02  2.84978308166367e+01
  2.50316526957881e+02  2.83776311999988e+01
  2.52000000000000e+02  2.81604178165962e+01
  0.00000000000000e+00  2.82209085763870e+01
  1.68056821855867e+00  2.85055410025184e+01
  3.35092533361424e+00  2.86677878108719e+01
  5.00821733137550e+00  2.87025774135549e+01
  6.64398607964440e+00  2.85928377826848e+01
  8.24513038494262e+00  2.83227503489510e+01
  9.79830130274255e+00  2.78903711357253e+01
  1.12994727679392e+01  2.73175135624964e+01
  1.27536899094224e+01  2.66352573238158e+01
  1.41692576926581e+01  2.58711033059784e+01
  1.55549554667425e+01  2.50468031200870e+01
  1.69189522540357e+01  2.41791884524476e+01
  1.82686485510759e+01  2.32816167118765e+01
  1.96106986142668e+01  2.23650640125913e+01
  2.09508932949207e+01  2.14386622905407e+01
  2.22935016264563e+01  2.05092843903059e+01
  2.36409633923405e+01  1.95813079892339e+01
  2.49943822014895e+01  1.86572554052991e+01
  2.63541392840201e+01  1.77385834184616e+01
  2.77203091917987e+01  1.68262436311696e+01
  2.90929156799308e+01  1.59210514719444e+01
  3.04721268704264e+01  1.50239852499144e+01
  3.18584796039544e+01  1.41365376421697e+01
  3.32531479022025e+01  1.32611536885195e+01
  3.46579688989915e+01  1.24013750761038e+01
  3.60752527085678e+01  1.15617097779301e+01
  3.75075444097552e+01  1.07474433554429e+01
  3.89574045979718e+01  9.96447549060851e+00
  4.04271925025697e+01  9.21914320746358e+00
  4.19188205017033e+01  8.51794878334121e+00
  4.34334877706070e+01  7.86714581205676e+00
  4.49715240263923e+01  7.27237007660974e+00
  4.65323800308149e+01  6.73839067872860e+00
  4.81146956341348e+01  6.26885237989650e+00
  4.97164031854255e+01  5.86587718612189e+00
  5.13348745512266e+01  5.52945456702000e+00
  5.29671411744378e+01  5.25662385702148e+00
  5.46102082571912e+01  5.04068318300369e+00
  5.62614274290400e+01  4.87134409243155e+00
  5.79187530294130e+01  4.73744926154420e+00
  5.95807208928374e+01  4.62983619293906e+00
  6.12462992632264e+01  4.54181032910980e+00
  6.29147499866817e+01  4.46864489961606e+00
  6.45855315093308e+01  4.40699292052603e+00
  6.62582361206665e+01  4.35444214231091e+00
  6.79325496344764e+01  4.30921522086512e+00
  6.96082249985573e+01  4.26997358264016e+00
  7.12850645584686e+01  4.23568864772945e+00
  7.29629078093264e+01  4.20555583808504e+00
  7.46416227209951e+01  4.17893590874382e+00
  7.63210994532151e+01  4.15531402088742e+00
  7.80012457098202e+01  4.13427057714448e+00
  7.96819832430300e+01  4.11546002518273e+00
  8.13632451813741e+01  4.09859517367670e+00
  8.30449739583468e+01  4.08343539741755e+00
  8.47271196864323e+01  4.06977763664811e+00
  8.64096388661899e+01  4.05744943769937e+00
  8.80924933507535e+01  4.04630350778642e+00
  8.97756495073575e+01  4.03621340870337e+00
  9.14590775324919e+01  4.02707011814631e+00
  9.31427508880240e+01  4.01877925977866e+00
  9.48266458334155e+01  4.01125885431421e+00
  9.65107410349001e+01  4.00443748057584e+00
  9.81950172367479e+01  3.99825276213758e+00
  9.98794569829549e+01  3.99265011476091e+00
  1.01564044380135e+02  3.98758170442126e+00
  1.03248764894259e+02  3.98300557669134e+00
  1.04933605175328e+02  3.97888492658177e+00
  1.06618552905209e+02  3.97518748433442e+00
  1.08303596664715e+02  3.97188499761247e+00
  1.09988725816748e+02  3.96895279439697e+00
  1.11673930402840e+02  3.96636941394485e+00
  1.13359201050887e+02  3.96411629558344e+00
  1.15044528892229e+02  3.96217751705526e+00
  1.16729905486493e+02  3.96053957569741e+00
  1.18415322752859e+02  3.95919120702107e+00
  1.20100772906575e+02  3.95812323631822e+00
  1.21786248399715e+02  3.95732845981034e+00
  1.23471741865255e+02  3.95680155260812e+00
  1.25157246063651e+02  3.95653900140745e+00
  1.26842753831160e+02  3.95653906042515e+00
  1.28528258029195e+02  3.95680172960499e+00
  1.30213751494015e+02  3.95732875461783e+00
  1.31899226986076e+02  3.95812364865582e+00
  1.33584677138353e+02  3.95919173649692e+00
  1.35270094402918e+02  3.96054022180922e+00
  1.36955470995024e+02  3.96217827919139e+00
  1.38640798833847e+02  3.96411717302435e+00
  1.40326069479014e+02  3.96637040586496e+00
  1.42011274061867e+02  3.96895389986651e+00
  1.43696403210300e+02  3.97188621560003e+00
  1.45381446965845e+02  3.97518881370961e+00
  1.47066394691402e+02  3.97888636611855e+00
  1.48751234967785e+02  3.98300712507168e+00
  1.50435955476857e+02  3.98758336023924e+00
  1.52120542868618e+02  3.99265187652753e+00
  1.53804982609036e+02  3.99825462828617e+00
  1.55489258804721e+02  4.00443944946831e+00
  1.57173353999664e+02  4.01126092424804e+00
  1.58857248938130e+02  4.01878142899506e+00
  1.60540922286346e+02  4.02707238483933e+00
  1.62224350303764e+02  4.03621577103051e+00
  1.63907506452242e+02  4.04630596388100e+00
  1.65590360928258e+02  4.05745198568448e+00
  1.67272880099029e+02  4.06978027465329e+00
  1.68955025817673e+02  4.08343812359775e+00
  1.70636754584726e+02  4.09859798623497e+00
  1.72318016512646e+02  4.11546292239686e+00
  1.73998754034896e+02  4.13427355739861e+00
  1.75678900279968e+02  4.15531708270993e+00
  1.77358377000034e+02  4.17893905085300e+00
  1.79037091898874e+02  4.20555905944441e+00
  1.80714935136161e+02  4.23569194761496e+00
  1.82391774681678e+02  4.26997696072227e+00
  1.84067450030443e+02  4.30921867730871e+00
  1.85741763527893e+02  4.35444567789465e+00
  1.87414468121679e+02  4.40699653677971e+00
  1.89085249625406e+02  4.46864859896222e+00
  1.90753700328349e+02  4.54181411496265e+00
  1.92419278676379e+02  4.62984006963342e+00
  1.94081246515322e+02  4.73745323377793e+00
  1.95738572088866e+02  4.87134816356971e+00
  1.97389791231550e+02  5.04068735138458e+00
  1.99032858283405e+02  5.25662811096827e+00
  2.00665124875420e+02  5.52945888491789e+00
  2.02283596211671e+02  5.86588154170811e+00
  2.03885303737057e+02  6.26885674626767e+00
  2.05467619319892e+02  6.73839503028091e+00
  2.07028475310690e+02  7.27237438972552e+00
  2.08566511560774e+02  7.86715006522925e+00
  2.10081178832532e+02  8.51795295717007e+00
  2.11572806843143e+02  9.21914728479619e+00
  2.13042594767224e+02  9.96447945686323e+00
  2.14492454981715e+02  1.07474471987741e+01
  2.15924746714461e+02  1.15617134889936e+01
  2.17342030559273e+02  1.24013786477154e+01
  2.18746851593364e+02  1.32611571153593e+01
  2.20141519929468e+02  1.41365409204931e+01
  2.21527872700222e+02  1.50239883770731e+01
  2.22907083926780e+02  1.59210544455552e+01
  2.24279690449990e+02  1.68262464482383e+01
  2.25645860392343e+02  1.77385860750532e+01
  2.27005617509525e+02  1.86572578964549e+01
  2.28359036354038e+02  1.95813103089280e+01
  2.29706498156649e+02  2.05092865314284e+01
  2.31049106526772e+02  2.14386642450901e+01
  2.32389301247678e+02  2.23650657725184e+01
  2.33731351351264e+02  2.32816182707528e+01
  2.35081047686436e+02  2.41791898067341e+01
  2.36445044507271e+02  2.50468042695196e+01
  2.37830742308235e+02  2.58711042541057e+01
  2.39246310109942e+02  2.66352580789090e+01
  2.40700527260272e+02  2.73175141388567e+01
  2.42201698724711e+02  2.78903715547425e+01
  2.43754869634386e+02  2.83227506385790e+01
  2.45356013929503e+02  2.85928379716859e+01
  2.46991782670580e+02  2.87025775251841e+01
  2.48649074665386e+02  2.86677878645350e+01
  2.50319431780464e+02  2.85055410180123e+01
  2.52000000000000e+02  2.82209085763870e+01
  0.00000000000000e+00  2.82852814214604e+01
  1.67765241920952e+00  2.86351768544565e+01
  3.34287334677926e+00  2.88394342504918e+01
  4.99323621122680e+00  2.89080823601980e+01
  6.62125050854568e+00  2.88311181165758e+01
  8.21587272999216e+00  2.85984779765126e+01
  9.76647998178597e+00  2.82114620047030e+01
  1.12700790818822e+01  2.76900241286962e+01
  1.27309223253037e+01  2.70616605798449e+01
  1.41561387292596e+01  2.63514344727362e+01
  1.55534280090939e+01  2.55797439122764e+01
  1.69300929008450e+01  2.47627406611216e+01
  1.82928055742635e+01  2.39133947179630e+01
  1.96475645842943e+01  2.30423791629027e+01
  2.09995786382349e+01  2.21585469459701e+01
  2.23528459192883e+01  2.12687832591654e+01
  2.37099252685747e+01  2.03778861018602e+01
  2.50722145026430e+01  1.94889716881169e+01
  2.64403988251230e+01  1.86040766188869e+01
  2.78148156829478e+01  1.77246633176743e+01
  2.91957065232294e+01  1.68519896385672e+01
  3.05834063336372e+01  1.59874052284336e+01
  3.19785251922470e+01  1.51326487013357e+01
  3.33821268484684e+01  1.42901608668205e+01
  3.47957694033580e+01  1.34632352689984e+01
  3.62213936772468e+01  1.26559739301664e+01
  3.76611439075199e+01  1.18731526334794e+01
  3.91171779649910e+01  1.11200648823980e+01
  4.05914759025369e+01  1.04023413998693e+01
  4.20856398487184e+01  9.72570815233813e+00
  4.36006982232890e+01  9.09566679013549e+00
  4.51369766387591e+01  8.51717445837996e+00
  4.66940655775900e+01  7.99437045878061e+00
  4.82708612136339e+01  7.53030035218751e+00
  4.98656543053667e+01  7.12656642569749e+00
  5.14762644696470e+01  6.78287444680249e+00
  5.31002294034031e+01  6.49652900251704e+00
  5.47350495357774e+01  6.26210270348687e+00
  5.63784505018058e+01  6.07179936257519e+00
  5.80285634932859e+01  5.91700219697953e+00
  5.96839512683846e+01  5.78998053090783e+00
  6.13435380228753e+01  5.68455375000769e+00
  6.30065191263678e+01  5.59602629388594e+00
  6.46722855314720e+01  5.52088520402634e+00
  6.63403685590533e+01  5.45649502914351e+00
  6.80104013319646e+01  5.40085670521063e+00
  6.96820920174127e+01  5.35243233125255e+00
  7.13552050847440e+01  5.31002134372508e+00
  7.30295479678961e+01  5.27267332675258e+00
  7.47049614051065e+01  5.23962614926185e+00
  7.63813123191185e+01  5.21026151548060e+00
  7.80584884831366e+01  5.18407256165539e+00
  7.97363944639561e+01  5.16063988262610e+00
  8.14149484937457e+01  5.13961353941476e+00
  8.30940800275361e+01  5.12069937212555e+00
  8.47737278142418e+01  5.10364845655021e+00
  8.64538383572946e+01  5.08824888801209e+00
  8.81343646743970e+01  5.07431931052898e+00
  8.98152652894193e+01  5.06170377089105e+00
  9.14965034062584e+01  5.05026758998319e+00
  9.31780462266226e+01  5.03989402341871e+00
  9.48598643826045e+01  5.03048154067565e+00
  9.65419314615059e+01  5.02194159335733e+00
  9.82242236053148e+01  5.01419677359678e+00
  9.99067191709811e+01  5.00717928617682e+00
  1.01589398440488e+02  5.00082967484258e+00
  1.03272243371924e+02  4.99509575608224e+00
  1.04955237384457e+02  4.98993172343173e+00
  1.06638365171461e+02  4.98529739290176e+00
  1.08321612537092e+02  4.98115756599039e+00
  1.10004966252436e+02  4.97748149134384e+00
  1.11688413928018e+02  4.97424240976659e+00
  1.13371943900006e+02  4.97141717018158e+00
  1.15055545127832e+02  4.96898590647335e+00
  1.16739207101330e+02  4.96693176704029e+00
  1.18422919755744e+02  4.96524069043201e+00
  1.20106673393180e+02  4.96390122173432e+00
  1.21790458609254e+02  4.96290436544287e+00
  1.23474266223816e+02  4.96224347148567e+00
  1.25158087214754e+02  4.96191415185438e+00
  1.26841912653939e+02  4.96191422601176e+00
  1.28525733644427e+02  4.96224369388726e+00
  1.30209541258087e+02  4.96290473587725e+00
  1.31893326472807e+02  4.96390173984961e+00
  1.33577080108441e+02  4.96524135573668e+00
  1.35260792760601e+02  4.96693257890423e+00
  1.36944454731394e+02  4.96898686412931e+00
  1.38628055956065e+02  4.97141827272690e+00
  1.40311585924447e+02  4.97424365616547e+00
  1.41995033595974e+02  4.97748288042978e+00
  1.43678387306810e+02  4.98115909646921e+00
  1.45361634667482e+02  4.98529906335502e+00
  1.47044762449074e+02  4.98993353232071e+00
  1.48727756455740e+02  4.99509770175257e+00
  1.50410601380854e+02  5.00083175552923e+00
  1.52093280643581e+02  5.00718150001006e+00
  1.53775776202006e+02  5.01419911860881e+00
  1.55458068338107e+02  5.02194406748991e+00
  1.57140135408829e+02  5.03048414178865e+00
  1.58821953556154e+02  5.03989674930000e+00
  1.60503496367376e+02  5.05027043835976e+00
  1.62184734474577e+02  5.06170673944174e+00
  1.63865635079453e+02  5.07432239689929e+00
  1.65546161385887e+02  5.08825208983095e+00
  1.67226271917732e+02  5.10365177144955e+00
  1.68905919692667e+02  5.12070279776274e+00
  1.70585051214101e+02  5.13961707349894e+00
  1.72263605230917e+02  5.16064352294875e+00
  1.73941511198109e+02  5.18407630612625e+00
  1.75618687347803e+02  5.21026536216979e+00
  1.77295038246740e+02  5.23963009644965e+00
  1.78970451668064e+02  5.27267737298796e+00
  1.80644794534443e+02  5.31002548789424e+00
  1.82317907584025e+02  5.35243657265835e+00
  1.83989598250641e+02  5.40086104366238e+00
  1.85659631003509e+02  5.45649946505215e+00
  1.87327714009685e+02  5.52088973849200e+00
  1.88993480391845e+02  5.59603092874492e+00
  1.90656461470656e+02  5.68455848776303e+00
  1.92316048198519e+02  5.78998537438654e+00
  1.93971435944867e+02  5.91700714842228e+00
  1.95621548905418e+02  6.07180442173695e+00
  1.97264949838594e+02  6.26210786455134e+00
  1.98899769936999e+02  6.49653425100739e+00
  2.00523734837150e+02  6.78287975984304e+00
  2.02134344970122e+02  7.12657177551860e+00
  2.03729138034870e+02  7.53030570946590e+00
  2.05305933650102e+02  7.99437579472831e+00
  2.06863022575812e+02  8.51717974579912e+00
  2.08399300986949e+02  9.09567200389085e+00
  2.09914359366560e+02  9.72571326961273e+00
  2.11408523327130e+02  1.04023464004245e+01
  2.12882821287727e+02  1.11200697488460e+01
  2.14338855375669e+02  1.18731573513736e+01
  2.15778605642272e+02  1.26559784878070e+01
  2.17204229956656e+02  1.34632396571168e+01
  2.18617872554517e+02  1.42901650782350e+01
  2.20021474254665e+02  1.51326527305383e+01
  2.21416593157027e+02  1.59874090709843e+01
  2.22804293010506e+02  1.68519932902720e+01
  2.24185183893270e+02  1.77246667738324e+01
  2.25559600793395e+02  1.86040798739411e+01
  2.26927785158527e+02  1.94889747355301e+01
  2.28290074436182e+02  2.03778889340898e+01
  2.29647153830513e+02  2.12687858677645e+01
  2.31000421158267e+02  2.21585493220153e+01
  2.32352435259956e+02  2.30423812980511e+01
  2.33707194316976e+02  2.39133966060491e+01
  2.35069907034085e+02  2.47627422993566e+01
  2.36446571963744e+02  2.55797453017992e+01
  2.37843861273483e+02  2.63514356192918e+01
  2.39269077697542e+02  2.70616614947746e+01
  2.40729920950176e+02  2.76900248301632e+01
  2.42233520048945e+02  2.82114625184454e+01
  2.43784127291591e+02  2.85984783346993e+01
  2.45378749501722e+02  2.88311183519163e+01
  2.47006763790914e+02  2.89080824998941e+01
  2.48657126651952e+02  2.88394343180192e+01
  2.50322347579577e+02  2.86351768741625e+01
  2.52000000000000e+02  2.82852814214604e+01
  0.00000000000000e+00  2.83537806572864e+01
  1.67472096195970e+00  2.87669450820940e+01
  3.33492622483454e+00  2.90130756060281e+01
  4.97871464835883e+00  2.91157034042142e+01
  6.59957631970829e+00  2.90714783538025e+01
  8.18829830708767e+00  2.88754924366897e+01
  9.73650610216758e+00  2.85318767500262e+01
  1.12420776888396e+01  2.80592657081988e+01
  1.27086900906349e+01  2.74822918997271e+01
  1.41425097879485e+01  2.68238630075616e+01
  1.55503041411318e+01  2.61030710308991e+01
  1.69385942693194e+01  2.53353437908756e+01
  1.83133895724240e+01  2.45332222470994e+01
  1.96801041465407e+01  2.37070707129073e+01
  2.10434454440855e+01  2.28654964144446e+01
  2.24071361372385e+01  2.20153521542241e+01
  2.37737492526135e+01  2.11617056203743e+01
  2.51448686267840e+01  2.03081193601678e+01
  2.65214109872581e+01  1.94571093430338e+01
  2.79039294038677e+01  1.86105805138810e+01
  2.92928446942121e+01  1.77701749331614e+01
  3.06886221924692e+01  1.69375544479970e+01
  3.20919236489545e+01  1.61146590041005e+01
  3.35037358741000e+01  1.53039478094140e+01
  3.49254108118454e+01  1.45085372198494e+01
  3.63585983886867e+01  1.37321998561684e+01
  3.78051138102354e+01  1.29792721556588e+01
  3.92667809889104e+01  1.22545182995732e+01
  4.07452695407079e+01  1.15629613372107e+01
  4.22419306952876e+01  1.09096691449083e+01
  4.37576457571841e+01  1.02994917776248e+01
  4.52927206915328e+01  9.73678429243157e+00
  4.68468484155339e+01  9.22514417204704e+00
  4.84191330280696e+01  8.76714828309590e+00
  5.00081625758895e+01  8.36405828965758e+00
  5.16121245529208e+01  8.01549133665830e+00
  5.32289633009846e+01  7.71911687193572e+00
  5.48565708906901e+01  7.47054612157709e+00
  5.64929803611636e+01  7.26369051491594e+00
  5.81365017895993e+01  7.09171597825052e+00
  5.97857654605818e+01  6.94812444595031e+00
  6.14396957275926e+01  6.82736467671914e+00
  6.30974564358653e+01  6.72496195687317e+00
  6.47583958847578e+01  6.63740388521572e+00
  6.64220015285212e+01  6.56195536755165e+00
  6.80878655675888e+01  6.49648191461712e+00
  6.97556595879523e+01  6.43930549505752e+00
  7.14251159934201e+01  6.38909422138234e+00
  7.30960143490733e+01  6.34478004916662e+00
  7.47681712389000e+01  6.30549780330715e+00
  7.64414326440919e+01  6.27053989690991e+00
  7.81156681446752e+01  6.23932246335107e+00
  7.97907664547252e+01  6.21135978557234e+00
  8.14666319447049e+01  6.18624478991328e+00
  8.31431819033027e+01  6.16363400973668e+00
  8.48203443597219e+01  6.14323587574756e+00
  8.64980563354213e+01  6.12480150782505e+00
  8.81762624283360e+01  6.10811740736712e+00
  8.98549136569842e+01  6.09299960815105e+00
  9.15339665095351e+01  6.07928895739151e+00
  9.32133821558614e+01  6.06684728069892e+00
  9.48931257901876e+01  6.05555424438677e+00
  9.65731660791222e+01  6.04530477252542e+00
  9.82534746952790e+01  6.03600690877614e+00
  9.99340259208271e+01  6.02758003750679e+00
  1.01614796308479e+02  6.01995339719787e+00
  1.03295764389888e+02  6.01306483327200e+00
  1.04976910423347e+02  6.00685974834894e+00
  1.06658216174179e+02  6.00129021636254e+00
  1.08339664722409e+02  5.99631423357178e+00
  1.10021240293256e+02  5.99189508469615e+00
  1.11702928106715e+02  5.98800080653633e+00
  1.13384714243140e+02  5.98460373474730e+00
  1.15066585522200e+02  5.98168012209933e+00
  1.16748529392974e+02  5.97920981873695e+00
  1.18430533833267e+02  5.97717600673131e+00
  1.20112587256500e+02  5.97556498270801e+00
  1.21794678424686e+02  5.97436598358237e+00
  1.23476796366211e+02  5.97357105150192e+00
  1.25158930297220e+02  5.97317493502696e+00
  1.26841069545525e+02  5.97317502440554e+00
  1.28523203475993e+02  5.97357131955275e+00
  1.30205321416435e+02  5.97436643005091e+00
  1.31887412582996e+02  5.97556560717066e+00
  1.33569466004063e+02  5.97717680859631e+00
  1.35251470441650e+02  5.97921079724567e+00
  1.36933414309176e+02  5.98168127632797e+00
  1.38615285584448e+02  5.98460506360899e+00
  1.40297071716544e+02  5.98800230878378e+00
  1.41978759525133e+02  5.99189675892451e+00
  1.43660335090569e+02  5.99631607822230e+00
  1.45341783632847e+02  6.00129222972653e+00
  1.47023089377184e+02  6.00686192857251e+00
  1.48704235403605e+02  6.01306717836148e+00
  1.50385203477430e+02  6.01995590502569e+00
  1.52065973856949e+02  6.02758270581847e+00
  1.53746525073813e+02  6.03600973519799e+00
  1.55426833680729e+02  6.04530775457349e+00
  1.57106873959861e+02  6.05555737947671e+00
  1.58786617583816e+02  6.06685056615746e+00
  1.60466033219193e+02  6.07929239046921e+00
  1.62145086060206e+02  6.09300318603689e+00
  1.63823737276715e+02  6.10812112720533e+00
  1.65501943356872e+02  6.12480536673400e+00
  1.67179655319176e+02  6.14323987084166e+00
  1.68856817761540e+02  6.16363813815125e+00
  1.70533367705395e+02  6.18624904883328e+00
  1.72209233179909e+02  6.21136417226537e+00
  1.73884331473733e+02  6.23932697520534e+00
  1.75558566957283e+02  6.27054453147778e+00
  1.77231828344578e+02  6.30550255835514e+00
  1.78903985215579e+02  6.34478492273193e+00
  1.80574883551399e+02  6.38909921183562e+00
  1.82244339935936e+02  6.43931060117015e+00
  1.83912133934164e+02  6.49648713562817e+00
  1.85577997949768e+02  6.56196070322289e+00
  1.87241603568599e+02  6.63740933585149e+00
  1.88902542990937e+02  6.72496752325859e+00
  1.90560303670879e+02  6.82737035988833e+00
  1.92214233907649e+02  6.94813024663462e+00
  1.93863497546425e+02  7.09172189578715e+00
  1.95507018940810e+02  7.26369654541813e+00
  1.97143428375842e+02  7.47055225551710e+00
  1.98771035929670e+02  7.71912309221008e+00
  2.00387874642928e+02  8.01549761892764e+00
  2.01991836588114e+02  8.36406460480744e+00
  2.03580866109037e+02  8.76715459994721e+00
  2.05153150701461e+02  9.22515045937377e+00
  2.06707278413650e+02  9.73679052021146e+00
  2.08242353345555e+02  1.02994979177646e+01
  2.09758068414902e+02  1.09096751717026e+01
  2.11254729586735e+02  1.15629672276962e+01
  2.12733218164866e+02  1.22545240337883e+01
  2.14194885377718e+02  1.29792777167080e+01
  2.15641400839723e+02  1.37322052300571e+01
  2.17074588461597e+02  1.45085423951804e+01
  2.18496263447268e+02  1.53039527770021e+01
  2.19908075721756e+02  1.61146637564776e+01
  2.21311377227935e+02  1.69375589787542e+01
  2.22707154775732e+02  1.77701792361771e+01
  2.24096070115469e+02  1.86105845826655e+01
  2.25478588581631e+02  1.94571131703842e+01
  2.26855130992260e+02  2.03081229380421e+01
  2.28226250417643e+02  2.11617089399163e+01
  2.29592863585601e+02  2.20153552059984e+01
  2.30956554332581e+02  2.28654991890537e+01
  2.32319895684229e+02  2.37070732021539e+01
  2.33686610310721e+02  2.45332244454816e+01
  2.35061405661874e+02  2.53353456967292e+01
  2.36449695831224e+02  2.61030726470753e+01
  2.37857490216420e+02  2.68238643421960e+01
  2.39291309934840e+02  2.74822929672354e+01
  2.40757922345944e+02  2.80592665303387e+01
  2.42263493930804e+02  2.85318773562962e+01
  2.43811701716040e+02  2.88754928626925e+01
  2.45400423691341e+02  2.90714786354765e+01
  2.47021285353871e+02  2.91157035722592e+01
  2.48665073773624e+02  2.90130756877498e+01
  2.50325279036595e+02  2.87669451062337e+01
  2.52000000000000e+02  2.83537806572864e+01
  0.00000000000000e+00  2.84266653191154e+01
  1.67176970002630e+00  2.89012444967690e+01
  3.32707853931625e+00  2.91890295707914e+01
  4.96462836767585e+00  2.93257080522506e+01
  6.57888558579700e+00  2.93141763156533e+01
  8.16226376385073e+00  2.91541600715903e+01
  9.70824719320459e+00  2.88522704555107e+01
  1.12154449362455e+01  2.84262207948160e+01
  1.26871127326664e+01  2.78983555601585e+01
  1.41286282286290e+01  2.72897029649683e+01
  1.55459563488425e+01  2.66181268022200e+01
  1.69449191351765e+01  2.58983190605728e+01
  1.83309256810264e+01  2.51423658506971e+01
  1.97088664686781e+01  2.43603155062986e+01
  2.10830089956069e+01  2.35605450673942e+01
  2.24568070570666e+01  2.27498447132374e+01
  2.38327835545616e+01  2.19334486123217e+01
  2.52126259550451e+01  2.11152471885897e+01
  2.65974169035676e+01  2.02981414849145e+01
  2.79878787097000e+01  1.94844100335673e+01
  2.93845764646123e+01  1.86760240357277e+01
  3.07880775609599e+01  1.78749091462068e+01
  3.21990810317542e+01  1.70831730753222e+01
  3.36185164180750e+01  1.63033016269768e+01
  3.50475795988588e+01  1.55382805910899e+01
  3.64876913566794e+01  1.47916155922417e+01
  3.79403994360236e+01  1.40672698566829e+01
  3.94072526992431e+01  1.33695507131959e+01
  4.08896656747186e+01  1.27029590043583e+01
  4.23887840101899e+01  1.20720013878890e+01
  4.39053638629511e+01  1.14809681115494e+01
  4.54396857924217e+01  1.09336933371191e+01
  4.69915184732231e+01  1.04333173013360e+01
  4.85601330217455e+01  9.98205043921789e+00
  5.01443611594333e+01  9.58093117109791e+00
  5.17426912372750e+01  9.22958814492771e+00
  5.33533967972291e+01  8.92606068893831e+00
  5.49746864984001e+01  8.66678908023168e+00
  5.66048513738613e+01  8.44691824596455e+00
  5.82423719555724e+01  8.26092340920289e+00
  5.98859660360186e+01  8.10333171766296e+00
  6.15345867925712e+01  7.96922779903774e+00
  6.31873928967688e+01  7.85445458565821e+00
  6.48437107715302e+01  7.75561096061247e+00
  6.65029994125015e+01  7.66995711971289e+00
  6.81648212869970e+01  7.59529625632186e+00
  6.98288195101108e+01  7.52986404352008e+00
  7.14947003404291e+01  7.47223626891381e+00
  7.31622198435994e+01  7.42125544990138e+00
  7.48311737143237e+01  7.37597384808817e+00
  7.65013894626685e+01  7.33560959390750e+00
  7.81727203674568e+01  7.29951292879727e+00
  7.98450407556284e+01  7.26714013745327e+00
  8.15182422833725e+01  7.23803329794662e+00
  8.31922309802954e+01  7.21180443855108e+00
  8.48669248798482e+01  7.18812304738853e+00
  8.65422521041397e+01  7.16670614914735e+00
  8.82181493039413e+01  7.14731036154575e+00
  8.98945603786202e+01  7.12972549032451e+00
  9.15714354184082e+01  7.11376932920122e+00
  9.32487298245559e+01  7.09928341081562e+00
  9.49264035727868e+01  7.08612951386815e+00
  9.66044205929314e+01  7.07418677593246e+00
  9.82827482433104e+01  7.06334929478641e+00
  9.99613568628135e+01  7.05352412643372e+00
  1.01640219387009e+02  7.04462960735554e+00
  1.03319311017253e+02  7.03659394345252e+00
  1.04998608933857e+02  7.02935401971613e+00
  1.06678092045980e+02  7.02285439371979e+00
  1.08357740772244e+02  7.01704644314517e+00
  1.10037536847082e+02  7.01188764320810e+00
  1.11717463148669e+02  7.00734095436117e+00
  1.13397503544949e+02  7.00337430427948e+00
  1.15077642754819e+02  6.99996015107920e+00
  1.16757866221952e+02  6.99707511712534e+00
  1.18438159999097e+02  6.99469968477047e+00
  1.20118510640972e+02  6.99281794702350e+00
  1.21798905104100e+02  6.99141740754654e+00
  1.23479330652097e+02  6.99048882557625e+00
  1.25159774765080e+02  6.99002610241372e+00
  1.26840225051936e+02  6.99002620705795e+00
  1.28520669164287e+02  6.99048913940957e+00
  1.30201094711021e+02  6.99141793027113e+00
  1.31881489172254e+02  6.99281867814368e+00
  1.33561839811604e+02  6.99470062359377e+00
  1.35242133585593e+02  6.99707626276397e+00
  1.36922357048939e+02  6.99996150245202e+00
  1.38602496254393e+02  7.00337586011441e+00
  1.40282536645625e+02  7.00734271319818e+00
  1.41962462941535e+02  7.01188960340255e+00
  1.43642259010067e+02  7.01704860287191e+00
  1.45321907729395e+02  7.02285675097777e+00
  1.47001390833950e+02  7.02935657233375e+00
  1.48680688742355e+02  7.03659668909374e+00
  1.50359780363765e+02  7.04463254352663e+00
  1.52038642878491e+02  7.05352725049110e+00
  1.53717251487885e+02  7.06335260394538e+00
  1.55395579127510e+02  7.07419026727714e+00
  1.57073596136251e+02  7.08613318436260e+00
  1.58751269872421e+02  7.09928725731651e+00
  1.60428564265841e+02  7.11377334847197e+00
  1.62105439292224e+02  7.12972967905132e+00
  1.63781850352807e+02  7.14731471635590e+00
  1.65457747537804e+02  7.16671066662959e+00
  1.67133074746563e+02  7.18812772411653e+00
  1.68807768629830e+02  7.21180927110959e+00
  1.70481757309688e+02  7.23803828296140e+00
  1.72154958819551e+02  7.26714527162468e+00
  1.73827279188986e+02  7.29951820893810e+00
  1.75498610074134e+02  7.33561501698511e+00
  1.77168825801880e+02  7.37597941127089e+00
  1.78837779650982e+02  7.42126115060824e+00
  1.80505299131429e+02  7.47224210486530e+00
  1.82171179937838e+02  7.52987001278561e+00
  1.83835178135758e+02  7.59530235735489e+00
  1.85496999983665e+02  7.66996335135655e+00
  1.87156288596537e+02  7.75561732204557e+00
  1.88812606441576e+02  7.85446107622918e+00
  1.90465412514332e+02  7.96923441790077e+00
  1.92114033237682e+02  8.10333846309482e+00
  1.93757627283237e+02  8.26093027746609e+00
  1.95395147828649e+02  8.44692522967738e+00
  1.97025312667014e+02  8.66679616652998e+00
  1.98646602331352e+02  8.92606785824980e+00
  2.00257307856246e+02  9.22959537134380e+00
  2.01855637902626e+02  9.58093842420439e+00
  2.03439866014361e+02  9.98205768629945e+00
  2.05008480544210e+02  1.04333245092334e+01
  2.06560313215072e+02  1.09337004735514e+01
  2.08094635144344e+02  1.14809751459956e+01
  2.09611215007109e+02  1.20720082921882e+01
  2.11110333362646e+02  1.27029657531362e+01
  2.12592746367518e+02  1.33695572841329e+01
  2.14059599668255e+02  1.40672762305792e+01
  2.15512307791710e+02  1.47916217528745e+01
  2.16952419598573e+02  1.55382865249179e+01
  2.18381482831705e+02  1.63033073227301e+01
  2.19800918272274e+02  1.70831785234691e+01
  2.21211921798207e+02  1.78749143382948e+01
  2.22615422950063e+02  1.86760289636788e+01
  2.24012120760773e+02  1.94844146891053e+01
  2.25402582623184e+02  2.02981458592474e+01
  2.26787373628772e+02  2.11152512723096e+01
  2.28167216087390e+02  2.19334523955018e+01
  2.29543192644151e+02  2.27498481857908e+01
  2.30916990765564e+02  2.35605482198229e+01
  2.32291133351881e+02  2.43603183308877e+01
  2.33669074196222e+02  2.51423683429034e+01
  2.35055080793455e+02  2.58983212201210e+01
  2.36454043623306e+02  2.66181286338628e+01
  2.37871371776937e+02  2.72897044792987e+01
  2.39312887294571e+02  2.78983567745506e+01
  2.40784555100253e+02  2.84262217342792e+01
  2.42291752841124e+02  2.88522711527417e+01
  2.43837736260222e+02  2.91541605649857e+01
  2.45421114425741e+02  2.93141766438305e+01
  2.47035371634558e+02  2.93257082490429e+01
  2.48672921458865e+02  2.91890296671165e+01
  2.50328230298299e+02  2.89012445256056e+01
  2.52000000000000e+02  2.84266653191154e+01
  0.00000000000000e+00  2.85042099737642e+01
  1.66879502150670e+00  2.90384696620278e+01
  3.31932522437466e+00  2.93676254623066e+01
  4.95095489352705e+00  2.95383799940691e+01
  6.55910860682599e+00  2.95594839117061e+01
  8.13764276283164e+00  2.94348391338931e+01
  9.68158128395236e+00  2.91732377681676e+01
  1.11901436757273e+01  2.87917658545117e+01
  1.26662730844123e+01  2.83109393980801e+01
  1.41146985617601e+01  2.77501638643880e+01
  1.55406955437284e+01  2.71261700302788e+01
  1.69494646646564e+01  2.64529258109740e+01
  1.83458735774813e+01  2.57420509668338e+01
  1.97343423431166e+01  2.50032725776345e+01
  2.11187472082532e+01  2.42447438809962e+01
  2.25022849256176e+01  2.34731703671462e+01
  2.38873895818108e+01  2.26938802622223e+01
  2.52757917449904e+01  2.19109989973898e+01
  2.66686844270391e+01  2.11277294471789e+01
  2.80669164650592e+01  2.03466582291594e+01
  2.94711652409608e+01  1.95700339792097e+01
  3.08820768455200e+01  1.88000044241984e+01
  3.23003768232488e+01  1.80388177532038e+01
  3.37269497004333e+01  1.72889877283973e+01
  3.51628703963321e+01  1.65534007580412e+01
  3.66093782315851e+01  1.58353449274854e+01
  3.80678043898703e+01  1.51384686184631e+01
  3.95394722032988e+01  1.44666879522254e+01
  4.10255864191238e+01  1.38240562941217e+01
  4.25271232313570e+01  1.32146012609536e+01
  4.40447329918291e+01  1.26421347626184e+01
  4.55786697285169e+01  1.21100463925444e+01
  4.71287586574132e+01  1.16210945593926e+01
  4.86944045726515e+01  1.11772022005670e+01
  5.02746378066281e+01  1.07792604327818e+01
  5.18681925384404e+01  1.04269563821439e+01
  5.34736108002255e+01  1.01186678601715e+01
  5.50893611328651e+01  9.85149656708930e+00
  5.67139536758721e+01  9.62151385420565e+00
  5.83460267135754e+01  9.42419077495223e+00
  5.99843935999920e+01  9.25490024332556e+00
  6.16280539571280e+01  9.10932175500530e+00
  6.32761802588688e+01  8.98365495994746e+00
  6.49280936383601e+01  8.87467781606409e+00
  6.65832378834736e+01  8.77971441090788e+00
  6.82411558981466e+01  8.69656422678570e+00
  6.99014700117859e+01  8.62342310843189e+00
  7.15638661297380e+01  8.55881010365483e+00
  7.32280812004897e+01  8.50150514551492e+00
  7.48938933691715e+01  8.45049811843233e+00
  7.65611142422264e+01  8.40494807544889e+00
  7.82295827894734e+01  8.36415088047644e+00
  7.98991605109078e+01  8.32751360053098e+00
  8.15697275813489e+01  8.29453421324586e+00
  8.32411797540107e+01  8.26478546887495e+00
  8.49134258562626e+01  8.23790199387928e+00
  8.65863857503367e+01  8.21356992800992e+00
  8.82599886614655e+01  8.19151854881369e+00
  8.99341717982969e+01  8.17151346284687e+00
  9.16088792073157e+01  8.15335103884823e+00
  9.32840608157882e+01  8.13685383128722e+00
  9.49596716274971e+01  8.12186679846993e+00
  9.66356710430088e+01  8.10825416199030e+00
  9.83120222819779e+01  8.09589678698390e+00
  9.99886918894722e+01  8.08468998781486e+00
  1.01665649311794e+02  8.07454168332523e+00
  1.03342866530022e+02  8.06537084096715e+00
  1.05020317741662e+02  8.05710616104261e+00
  1.06697979082529e+02  8.04968496166231e+00
  1.08375828382338e+02  8.04305223248145e+00
  1.10053844948613e+02  8.03715983121503e+00
  1.11732009374371e+02  8.03196580171307e+00
  1.13410303365794e+02  8.02743379624122e+00
  1.15088709586654e+02  8.02353258776229e+00
  1.16767211516727e+02  8.02023566060253e+00
  1.18445793321823e+02  8.01752087003073e+00
  1.20124439733353e+02  8.01537016307577e+00
  1.21803135935601e+02  8.01376935443061e+00
  1.23481867459057e+02  8.01270795260003e+00
  1.25160620078326e+02  8.01217903259678e+00
  1.26839379713227e+02  8.01217915251380e+00
  1.28518132331776e+02  8.01270831223724e+00
  1.30196863853791e+02  8.01376995344673e+00
  1.31875560053877e+02  8.01537100090278e+00
  1.33554206462526e+02  8.01752194587502e+00
  1.35232788264020e+02  8.02023697344664e+00
  1.36911290189773e+02  8.02353413636701e+00
  1.38589696405595e+02  8.02743557914834e+00
  1.40267990391262e+02  8.03196781724870e+00
  1.41946154810546e+02  8.03716207749332e+00
  1.43624171369629e+02  8.04305470740916e+00
  1.45302020661531e+02  8.04968766294393e+00
  1.46979681993771e+02  8.05710908618626e+00
  1.48657133196067e+02  8.06537398729131e+00
  1.50334350404231e+02  8.07454504796625e+00
  1.52011307815766e+02  8.08469356773551e+00
  1.53687977411749e+02  8.09590057898289e+00
  1.55364328638478e+02  8.10825816271316e+00
  1.57040328041013e+02  8.12187100442101e+00
  1.58715938839005e+02  8.13685823884335e+00
  1.60391120433008e+02  8.15335564427381e+00
  1.62065827826797e+02  8.17151826231092e+00
  1.63740010947622e+02  8.19152353840904e+00
  1.65413613841953e+02  8.21357510377446e+00
  1.67086573718418e+02  8.23790735181998e+00
  1.68758819802225e+02  8.26479100499436e+00
  1.70430271955577e+02  8.29453992357176e+00
  1.72100839005812e+02  8.32751948114892e+00
  1.73770416706104e+02  8.36415692756524e+00
  1.75438885231225e+02  8.40495428531863e+00
  1.77106106081120e+02  8.45050448756388e+00
  1.78771918225546e+02  8.50151167059868e+00
  1.80436133270877e+02  8.55881678162476e+00
  1.82098529362168e+02  8.62342993648774e+00
  1.83758843447823e+02  8.69657120239141e+00
  1.85416761433103e+02  8.77972153174492e+00
  1.87071905647333e+02  8.87468507990688e+00
  1.88723818994386e+02  8.98366236440931e+00
  1.90371945262111e+02  9.10932929708162e+00
  1.92015605583706e+02  9.25490791864932e+00
  1.93653972433253e+02  9.42419857669992e+00
  1.95286045433173e+02  9.62152177170871e+00
  1.96910637938220e+02  9.85150458445523e+00
  1.98526388233844e+02  1.01186759555059e+01
  2.00131806461056e+02  1.04269645279341e+01
  2.01725361162483e+02  1.07792685973310e+01
  2.03305594372073e+02  1.11772103498132e+01
  2.04871240270595e+02  1.16211026585828e+01
  2.06421329191810e+02  1.21100544075504e+01
  2.07955265930778e+02  1.26421426608976e+01
  2.09472875703889e+02  1.32146090122358e+01
  2.10974412538944e+02  1.38240638708882e+01
  2.12460526787054e+02  1.44666953299937e+01
  2.13932194641062e+02  1.51384757758650e+01
  2.15390620846760e+02  1.58353518461442e+01
  2.16837128734669e+02  1.65534074222874e+01
  2.18273049486925e+02  1.72889941248528e+01
  2.19699622422839e+02  1.80388238702460e+01
  2.21117922460702e+02  1.88000102513320e+01
  2.22528834126256e+02  1.95700395064370e+01
  2.23933082963840e+02  2.03466634464836e+01
  2.25331315064289e+02  2.11277343443312e+01
  2.26724207809662e+02  2.19110035637756e+01
  2.28112610037137e+02  2.26938844870946e+01
  2.29497714758399e+02  2.34731742400671e+01
  2.30881252540881e+02  2.42447473926658e+01
  2.32265657469714e+02  2.50032757210697e+01
  2.33654126295418e+02  2.57420537386573e+01
  2.35050535262108e+02  2.64529282124666e+01
  2.36459304428187e+02  2.71261720681824e+01
  2.37885301444450e+02  2.77501655517179e+01
  2.39333726943741e+02  2.83109407549712e+01
  2.40809856361587e+02  2.87917669088489e+01
  2.42318418750980e+02  2.91732385553305e+01
  2.43862357261681e+02  2.94348396945519e+01
  2.45440891404945e+02  2.95594842867327e+01
  2.47049045108634e+02  2.95383802201275e+01
  2.48680674773526e+02  2.93676255737254e+01
  2.50331204976594e+02  2.90384696958659e+01
  2.52000000000000e+02  2.85042099737642e+01
  0.00000000000000e+00  2.85867055532738e+01
  1.66579384889000e+00  2.91790138334891e+01
  3.31166168053351e+00  2.95492039969644e+01
  4.93767352432599e+00  2.97540187474317e+01
  6.54018296732550e+00  2.98076876083557e+01
  8.11432373166278e+00  2.97178848714393e+01
  9.65639671320404e+00  2.94953278678532e+01
  1.11661284076942e+01  2.91566916436374e+01
  1.26462257927645e+01  2.87210306880721e+01
  1.41008819566042e+01  2.82063592642278e+01
  1.55347799794068e+01  2.76283779893298e+01
  1.69525704251861e+01  2.70003590127643e+01
  1.83586343180786e+01  2.63334562707134e+01
  1.97569685168358e+01  2.56370739087615e+01
  2.11510983173531e+01  2.49191437423402e+01
  2.25439775078551e+01  2.41862697999988e+01
  2.39379289454210e+01  2.34438223516919e+01
  2.53346829454946e+01  2.26960897502727e+01
  2.67354978912879e+01  2.19465058927944e+01
  2.81413116666777e+01  2.11979059067461e+01
  2.95528853345326e+01  2.04527681693862e+01
  3.09709236861338e+01  1.97134254897099e+01
  3.23961698863379e+01  1.89822430770408e+01
  3.38294712441868e+01  1.82617605299436e+01
  3.52718067776167e+01  1.75547861144925e+01
  3.67242709034820e+01  1.68644291948194e+01
  3.81880194358566e+01  1.61940731366392e+01
  3.96641911711750e+01  1.55473006990866e+01
  4.11538183495218e+01  1.49277829570074e+01
  4.26577371659595e+01  1.43391390912539e+01
  4.41765088823914e+01  1.37847738544818e+01
  4.57103620884951e+01  1.32677002891225e+01
  4.72591645898700e+01  1.27903596261722e+01
  4.88224282052929e+01  1.23544479512097e+01
  5.03993449125092e+01  1.19607581916079e+01
  5.19888500520961e+01  1.16090544357957e+01
  5.35897061115297e+01  1.12980107960123e+01
  5.52005973123771e+01  1.10252600510977e+01
  5.68202212074058e+01  1.07875899376464e+01
  5.84473597235178e+01  1.05812496028549e+01
  6.00809229316939e+01  1.04023109920008e+01
  6.17199669013977e+01  1.02469903395927e+01
  6.33636909735376e+01  1.01118493423132e+01
  6.50114237148269e+01  9.99388208444242e+00
  6.66626046690203e+01  9.89052318689526e+00
  6.83167660801448e+01  9.79961316772573e+00
  6.99735165176865e+01  9.71934642013753e+00
  7.16325270100206e+01  9.64821640111399e+00
  7.32935196434598e+01  9.58496504617184e+00
  7.49562583260463e+01  9.52853901546821e+00
  7.66205413516375e+01  9.47805313394326e+00
  7.82861954204422e+01  9.43276040288318e+00
  7.99530708218823e+01  9.39202762844858e+00
  8.16210375397428e+01  9.35531568790276e+00
  8.32899820883304e+01  9.32216355503596e+00
  8.49598049289974e+01  9.29217534452027e+00
  8.66304183489507e+01  9.26500977149623e+00
  8.83017447098654e+01  9.24037154262956e+00
  8.99737149937322e+01  9.21800429445307e+00
  9.16462675888117e+01  9.19768477505795e+00
  9.33193472705282e+01  9.17921802884013e+00
  9.49929043414215e+01  9.16243339405854e+00
  9.66668939015094e+01  9.14718116218667e+00
  9.83412752260624e+01  9.13332977876108e+00
  1.00016011232234e+02  9.12076348952829e+00
  1.01691068019492e+02  9.10938035464498e+00
  1.03366414471565e+02  9.09909056864713e+00
  1.05042021909838e+02  9.08981503576367e+00
  1.06717863789890e+02  9.08148415959631e+00
  1.08393915434283e+02  9.07403681374742e+00
  1.10070153795863e+02  9.06741946606244e+00
  1.11746557246757e+02  9.06158543407817e+00
  1.13423105388987e+02  9.05649425327796e+00
  1.15099778883244e+02  9.05211114304295e+00
  1.16776559292856e+02  9.04840655790368e+00
  1.18453428940377e+02  9.04535581395806e+00
  1.20130370774555e+02  9.04293878222560e+00
  1.21807368245688e+02  9.04113964232748e+00
  1.23484405187594e+02  9.03994669128036e+00
  1.25161465704572e+02  9.03935220342137e+00
  1.26838534061832e+02  9.03935233858103e+00
  1.28515594578001e+02  9.03994709663093e+00
  1.30192631518291e+02  9.04114031748408e+00
  1.31869628986999e+02  9.04293972654765e+00
  1.33546570817944e+02  9.04535702655052e+00
  1.35223440461427e+02  9.04840803761891e+00
  1.36900220866194e+02  9.05211288848309e+00
  1.38576894354800e+02  9.05649626279786e+00
  1.40253442490575e+02  9.06158770578906e+00
  1.41929845934211e+02  9.06742199783599e+00
  1.43606084287730e+02  9.07403960322066e+00
  1.45282135923260e+02  9.08148720417723e+00
  1.46957977793646e+02  9.08981833263758e+00
  1.48633585221452e+02  9.09909411478393e+00
  1.50308931662253e+02  9.10938414680724e+00
  1.51983988437434e+02  9.12076752428036e+00
  1.53658724430721e+02  9.13333405247932e+00
  1.55333105741578e+02  9.14718567107094e+00
  1.57007095287155e+02  9.16243813414484e+00
  1.58680652342714e+02  9.17922299601493e+00
  1.60353732008266e+02  9.19768996507387e+00
  1.62026284586340e+02  9.21800970294642e+00
  1.63698254852348e+02  9.24037716513984e+00
  1.65369581194536e+02  9.26501560348756e+00
  1.67040194594874e+02  9.29218138140507e+00
  1.68710017415017e+02  9.32216979220069e+00
  1.70378961942144e+02  9.35532212073600e+00
  1.72046928637577e+02  9.39203425237088e+00
  1.73713804015587e+02  9.43276721337828e+00
  1.75379458059918e+02  9.47806012658959e+00
  1.77043741059945e+02  9.52854618596869e+00
  1.78706479715824e+02  9.58497239037863e+00
  1.80367472321356e+02  9.64822391504248e+00
  1.82026482784522e+02  9.71935409996060e+00
  1.83683233191575e+02  9.79962100973400e+00
  1.85337394570834e+02  9.89053118740065e+00
  1.86988575491748e+02  9.99389023959239e+00
  1.88636308198334e+02  1.01118576477703e+01
  1.90280032234400e+02  1.02469987900232e+01
  1.91919076166807e+02  1.04023195803226e+01
  1.93552639336770e+02  1.05812583192350e+01
  1.95179777814280e+02  1.07875987683495e+01
  1.96799401671143e+02  1.10252689774598e+01
  1.98410292835418e+02  1.12980197939550e+01
  2.00011148861339e+02  1.16090634762124e+01
  2.01600653972134e+02  1.19607672415371e+01
  2.03177570656974e+02  1.23544569753635e+01
  2.04740834257993e+02  1.27903685884344e+01
  2.06289636754197e+02  1.32677091538132e+01
  2.07823489965201e+02  1.37847825873426e+01
  2.09342261696941e+02  1.43391476601796e+01
  2.10846180538897e+02  1.49277913325581e+01
  2.12335807752271e+02  1.55473088547910e+01
  2.13811979531015e+02  1.61940810490893e+01
  2.15275728113830e+02  1.68644368435688e+01
  2.16728192295653e+02  1.75547934817892e+01
  2.18170527889104e+02  1.82617676003269e+01
  2.19603829309786e+02  1.89822498368281e+01
  2.21029075574697e+02  1.97134319264200e+01
  2.22447113992300e+02  2.04527742711857e+01
  2.23858687727184e+02  2.11979116620280e+01
  2.25264501570549e+02  2.19465112899603e+01
  2.26665316585237e+02  2.26960947777357e+01
  2.28062070654986e+02  2.34438269981225e+01
  2.29456022162564e+02  2.41862740548619e+01
  2.30848901422452e+02  2.49191475967619e+01
  2.32243031290101e+02  2.56370773566666e+01
  2.33641365551504e+02  2.63334593100215e+01
  2.35047429500040e+02  2.70003616463967e+01
  2.36465219992044e+02  2.76283802260212e+01
  2.37899118049633e+02  2.82063611193049e+01
  2.39353774235504e+02  2.87210321841812e+01
  2.40833871629644e+02  2.91566928111570e+01
  2.42343603321690e+02  2.94953287443869e+01
  2.43885676292859e+02  2.97178854995089e+01
  2.45459817044458e+02  2.98076880307546e+01
  2.47062326477692e+02  2.97540190033988e+01
  2.48688338317084e+02  2.95492041240501e+01
  2.50334206148989e+02  2.91790138726751e+01
  2.52000000000000e+02  2.85867055532738e+01
  0.00000000000000e+00  2.86744602199867e+01
  1.66276363885091e+00  2.93232716277818e+01
  3.30408385668192e+00  2.97341173422968e+01
  4.92476530424118e+00  2.99729394262094e+01
  6.52205274141857e+00  3.00590887647477e+01
  8.09220795618252e+00  3.00036534242202e+01
  9.63259169287400e+00  2.98190562779635e+01
  1.11433489741486e+01  2.95217201293127e+01
  1.26270040734232e+01  2.91295309147701e+01
  1.40873042926466e+01  2.86593162681349e+01
  1.55284232275851e+01  2.81258505114405e+01
  1.69545257691291e+01  2.75417491730749e+01
  1.83695567740673e+01  2.69177104242059e+01
  1.97771321888566e+01  2.62628179154875e+01
  2.11804607848768e+01  2.55847834066299e+01
  2.25822682590720e+01  2.48900966777145e+01
  2.39847542515000e+01  2.41841319765322e+01
  2.53896184563501e+01  2.34712848002998e+01
  2.67981493268440e+01  2.27551612135292e+01
  2.82113421010500e+01  2.20387923579838e+01
  2.96300165120794e+01  2.13248432435080e+01
  3.10549187172139e+01  2.06157986949820e+01
  3.24868017104251e+01  1.99141201138600e+01
  3.39264804843016e+01  1.92223689272505e+01
  3.53748562967017e+01  1.85432899057905e+01
  3.68329066563499e+01  1.78798441170503e+01
  3.83016449352035e+01  1.72351916826350e+01
  3.97820589430092e+01  1.66126320217448e+01
  4.12750390581557e+01  1.60155104084830e+01
  4.27813057280234e+01  1.54470983752897e+01
  4.43013454479349e+01  1.49104550869986e+01
  4.58353635009861e+01  1.44082760331552e+01
  4.73832600958754e+01  1.39427395588550e+01
  4.89446329874558e+01  1.35153616121176e+01
  5.05188058890859e+01  1.31268689756293e+01
  5.21048792481565e+01  1.27771065795020e+01
  5.37017976798595e+01  1.24650026394516e+01
  5.53084258648240e+01  1.21886200376240e+01
  5.69236224102977e+01  1.19453130000740e+01
  5.85462987578650e+01  1.17319515689691e+01
  6.01754589141423e+01  1.15451887378344e+01
  6.18102202473395e+01  1.13817164645968e+01
  6.34498174847134e+01  1.12384453101106e+01
  6.50935960173402e+01  1.11126016434384e+01
  6.67409999096042e+01  1.10017600776825e+01
  6.83915582913899e+01  1.09038347285532e+01
  7.00448721992821e+01  1.08170489911128e+01
  7.17006028119122e+01  1.07398970247517e+01
  7.33584613704650e+01  1.06711045230110e+01
  7.50182007447578e+01  1.06095925125215e+01
  7.66796084650532e+01  1.05544456454814e+01
  7.83425009993420e+01  1.05048852334698e+01
  8.00067190622469e+01  1.04602466944757e+01
  8.16721237667521e+01  1.04199608623247e+01
  8.33385934598413e+01  1.03835385645510e+01
  8.50060211116636e+01  1.03505579140339e+01
  8.66743121527309e+01  1.03206538302886e+01
  8.83433826743854e+01  1.02935093830043e+01
  9.00131579246254e+01  1.02688486219635e+01
  9.16835710448877e+01  1.02464306196631e+01
  9.33545620041381e+01  1.02260445050049e+01
  9.50260766951562e+01  1.02075053090641e+01
  9.66980661646746e+01  1.01906504784574e+01
  9.83704859544018e+01  1.01753369395743e+01
  1.00043295534244e+02  1.01614386191736e+01
  1.01716457812450e+02  1.01488443446603e+01
  1.03389938710138e+02  1.01374560616342e+01
  1.05063706789859e+02  1.01271873177796e+01
  1.06737732929620e+02  1.01179619714062e+01
  1.08411990035222e+02  1.01097130904321e+01
  1.10086452784931e+02  1.01023820136701e+01
  1.11761097401425e+02  1.00959175512352e+01
  1.13435901446762e+02  1.00902753049571e+01
  1.15110843636702e+02  1.00854170930338e+01
  1.16785903671260e+02  1.00813104659558e+01
  1.18461062078749e+02  1.00779283030607e+01
  1.20136300070947e+02  1.00752484810581e+01
  1.21811599407245e+02  1.00732536075518e+01
  1.23486942265900e+02  1.00719308140525e+01
  1.25162311120635e+02  1.00712716042657e+01
  1.26837688620980e+02  1.00712717546006e+01
  1.28513057474820e+02  1.00719312649143e+01
  1.30188400331686e+02  1.00732543585119e+01
  1.31863699665301e+02  1.00752495314032e+01
  1.33538937653922e+02  1.00779296517941e+01
  1.35214096056943e+02  1.00813121117993e+01
  1.36889156086140e+02  1.00854190344304e+01
  1.38564098269830e+02  1.00902775400740e+01
  1.40238902308027e+02  1.00959200779679e+01
  1.41913546916495e+02  1.01023848296466e+01
  1.43588009657290e+02  1.01097161930183e+01
  1.45262266753095e+02  1.01179653577115e+01
  1.46936292882173e+02  1.01271909846641e+01
  1.48610060950327e+02  1.01374600057162e+01
  1.50283541835564e+02  1.01488485623246e+01
  1.51956704100434e+02  1.01614431065815e+01
  1.53629513666054e+02  1.01753416926738e+01
  1.55301933440669e+02  1.01906554929954e+01
  1.56973922894183e+02  1.02075105805992e+01
  1.58645437568299e+02  1.02260500289224e+01
  1.60316428509741e+02  1.02464363911903e+01
  1.61986841611283e+02  1.02688546361878e+01
  1.63656616841877e+02  1.02935156348922e+01
  1.65325687342948e+02  1.03206603147064e+01
  1.66993978362478e+02  1.03505646257705e+01
  1.68661405991788e+02  1.03835454983418e+01
  1.70327875661369e+02  1.04199680128767e+01
  1.71993280341343e+02  1.04602540564932e+01
  1.73657498378664e+02  1.05048928016800e+01
  1.75320390886280e+02  1.05544534146573e+01
  1.76981798578778e+02  1.06096004774998e+01
  1.78641537924107e+02  1.06711126787010e+01
  1.80299396452489e+02  1.07399053661276e+01
  1.81955127033700e+02  1.08170575131794e+01
  1.83608440908894e+02  1.09038434262697e+01
  1.85258999256681e+02  1.10017689458223e+01
  1.86906403113654e+02  1.11126106763548e+01
  1.88550181609751e+02  1.12384545013725e+01
  1.90189778809481e+02  1.13817258064552e+01
  1.91824540104158e+02  1.15451982204989e+01
  1.93453700221440e+02  1.17319611797196e+01
  1.95076376530153e+02  1.19453227223216e+01
  1.96691573037801e+02  1.21886298501530e+01
  1.98298201187137e+02  1.24650125161298e+01
  1.99895119586830e+02  1.27771164896668e+01
  2.01481192919077e+02  1.31268788850804e+01
  2.03055365800650e+02  1.35153714844251e+01
  2.04616738680374e+02  1.39427493566991e+01
  2.06164635272756e+02  1.44082857195170e+01
  2.07698653333400e+02  1.49104646261340e+01
  2.09218693071287e+02  1.54471077334748e+01
  2.10724959769300e+02  1.60155195545439e+01
  2.12217939922088e+02  1.66126409273762e+01
  2.13698353975985e+02  1.72352003225127e+01
  2.15167092308083e+02  1.78798524687524e+01
  2.16625142726725e+02  1.85432979495546e+01
  2.18073518602507e+02  1.92223766455975e+01
  2.19513197442966e+02  1.99141274911219e+01
  2.20945080505044e+02  2.06158057167868e+01
  2.22369982780710e+02  2.13248498963040e+01
  2.23788657263566e+02  2.20387986286919e+01
  2.25201850110672e+02  2.27551670893857e+01
  2.26610381054933e+02  2.34712902689188e+01
  2.28015245334070e+02  2.41841370262128e+01
  2.29417731400639e+02  2.48901012980282e+01
  2.30819538947673e+02  2.55847875892942e+01
  2.32222867613496e+02  2.62628216554478e+01
  2.33630443092829e+02  2.69177137207451e+01
  2.35045474154621e+02  2.75417520307700e+01
  2.36471576743030e+02  2.81258529409559e+01
  2.37912695712976e+02  2.86593182869436e+01
  2.39372995954218e+02  2.91295325477522e+01
  2.40856651062517e+02  2.95217214089710e+01
  2.42367408341432e+02  2.98190572437233e+01
  2.43907792067981e+02  3.00036541201116e+01
  2.45477947270183e+02  3.00590892352196e+01
  2.47075234697570e+02  2.99729397128542e+01
  2.48695916140650e+02  2.97341174857077e+01
  2.50337236358810e+02  2.93232716727050e+01
  2.52000000000000e+02  2.86744602199867e+01
  0.00000000000000e+00  2.87678002622674e+01
  1.65970238303018e+00  2.94716414741341e+01
  3.29658831441637e+00  2.99227294005732e+01
  4.91221299122630e+00  3.01954726379986e+01
  6.50466781711669e+00  3.03140038994626e+01
  8.07120796216949e+00  3.02925048418228e+01
  9.61007373444097e+00  3.01449142170142e+01
  1.11217531832685e+01  2.98875185240347e+01
  1.26086250330915e+01  2.95372691440633e+01
  1.40740628988217e+01  2.91099852590629e+01
  1.55218011950797e+01  2.86196154086107e+01
  1.69555765426423e+01  2.80781640516127e+01
  1.83789436273062e+01  2.74958907985584e+01
  1.97951755210114e+01  2.68815652140065e+01
  2.12071945661757e+01  2.62426809802784e+01
  2.26175133112246e+01  2.55856041847640e+01
  2.40282029316685e+01  2.49156848710817e+01
  2.54409117511588e+01  2.42373825402842e+01
  2.68569312917687e+01  2.35544272306428e+01
  2.82772881271395e+01  2.28700008993373e+01
  2.97028392994576e+01  2.21869169642924e+01
  3.11343573464851e+01  2.15077827837231e+01
  3.25725981025962e+01  2.08351372161558e+01
  3.40183471851720e+01  2.01715584878594e+01
  3.54724413515934e+01  1.95197380188919e+01
  3.69357626692332e+01  1.88825124718068e+01
  3.84092082102850e+01  1.82628533955881e+01
  3.98936420284975e+01  1.76638195780910e+01
  4.13898377610281e+01  1.70884790896906e+01
  4.28984201321504e+01  1.65398080215988e+01
  4.44198130706019e+01  1.60205728230603e+01
  4.59542011128355e+01  1.55332018665668e+01
  4.75015094097342e+01  1.50796557516413e+01
  4.90614050526785e+01  1.46613065311121e+01
  5.06333194638039e+01  1.42788360883863e+01
  5.22164891509714e+01  1.39321670654970e+01
  5.38100100537576e+01  1.36204436748361e+01
  5.54128988114051e+01  1.33420802928673e+01
  5.70241529042144e+01  1.30948870745318e+01
  5.86427998252415e+01  1.28762378987760e+01
  6.02679325747682e+01  1.26832720936318e+01
  6.18987312486349e+01  1.25130996578969e+01
  6.35344710839942e+01  1.23629575623163e+01
  6.51745209366229e+01  1.22303070313622e+01
  6.68183361689977e+01  1.21128792929283e+01
  6.84654490048565e+01  1.20086844992512e+01
  7.01154583161305e+01  1.19159982791184e+01
  7.17680199273571e+01  1.18333369555504e+01
  7.34228379338263e+01  1.17594286495315e+01
  7.50796571840227e+01  1.16931844516902e+01
  7.67382568962965e+01  1.16336717854047e+01
  7.83984452983796e+01  1.15800908316936e+01
  8.00600551516053e+01  1.15317541887008e+01
  8.17229400223430e+01  1.14880695872485e+01
  8.33869711759627e+01  1.14485253330418e+01
  8.50520349855721e+01  1.14126781037941e+01
  8.67180307648773e+01  1.13801427415603e+01
  8.83848689500913e+01  1.13505837165039e+01
  9.00524695692521e+01  1.13237079820119e+01
  9.17207609485670e+01  1.12992589844148e+01
  9.33896786146800e+01  1.12770116299726e+01
  9.50591643593152e+01  1.12567680459635e+01
  9.67291654388854e+01  1.12383540015878e+01
  9.83996338866165e+01  1.12216158783885e+01
  1.00070525918749e+02  1.12064180996534e+01
  1.01741801419621e+02  1.11926409444327e+01
  1.03413423493065e+02  1.11801786850264e+01
  1.05085358069687e+02  1.11689379975763e+01
  1.06757573561315e+02  1.11588366042119e+01
  1.08430040555349e+02  1.11498021124117e+01
  1.10102731542846e+02  1.11417710231579e+01
  1.11775620675179e+02  1.11346878843431e+01
  1.13448683544829e+02  1.11285045699196e+01
  1.15121896986529e+02  1.11231796686355e+01
  1.16795238895494e+02  1.11186779690131e+01
  1.18468688059890e+02  1.11149700295896e+01
  1.20142224005031e+02  1.11120318254528e+01
  1.21815826847100e+02  1.11098444638406e+01
  1.23489477154358e+02  1.11083939630754e+01
  1.25163155814038e+02  1.11076710904461e+01
  1.26836843903194e+02  1.11076712558520e+01
  1.28510522561895e+02  1.11083944591355e+01
  1.30184172867195e+02  1.11098452900827e+01
  1.31857775706328e+02  1.11120329810907e+01
  1.33531311647556e+02  1.11149715135247e+01
  1.35204760807062e+02  1.11186797798365e+01
  1.36878102710164e+02  1.11231818046306e+01
  1.38551316145027e+02  1.11285070290656e+01
  1.40224379006870e+02  1.11346906643189e+01
  1.41897268130426e+02  1.11417741213468e+01
  1.43569959108179e+02  1.11498055259071e+01
  1.45242426091503e+02  1.11588403298230e+01
  1.46914641571459e+02  1.11689420318356e+01
  1.48586576135444e+02  1.11801830241975e+01
  1.50258198195291e+02  1.11926455845192e+01
  1.51929473681605e+02  1.12064230364084e+01
  1.53600365698217e+02  1.12216211073259e+01
  1.55270834129465e+02  1.12383595179941e+01
  1.56940835191587e+02  1.12567738449111e+01
  1.58610320917805e+02  1.12770177063340e+01
  1.60279238564528e+02  1.12992653328789e+01
  1.61947529923473e+02  1.13237145971003e+01
  1.63615130521275e+02  1.13505905925901e+01
  1.65281968684131e+02  1.13801498728884e+01
  1.66947964440067e+02  1.14126854845004e+01
  1.68613028225279e+02  1.14485329571751e+01
  1.70277059353457e+02  1.14880774487921e+01
  1.71939944197687e+02  1.15317622815926e+01
  1.73601554023316e+02  1.15800991498443e+01
  1.75261742396689e+02  1.16336803227108e+01
  1.76920342079113e+02  1.16931932020393e+01
  1.78577161298295e+02  1.17594376067939e+01
  1.80231979272562e+02  1.18333461135496e+01
  1.81884540850383e+02  1.19160076315696e+01
  1.83534550127046e+02  1.20086940396525e+01
  1.85181662927107e+02  1.21128890143846e+01
  1.86825478122556e+02  1.22303169263168e+01
  1.88465527937243e+02  1.23629676221616e+01
  1.90101267733840e+02  1.25131098724451e+01
  1.91732066368442e+02  1.26832824504423e+01
  1.93357199078681e+02  1.28762483823851e+01
  1.94975845961082e+02  1.30948976656975e+01
  1.96587100016851e+02  1.33420909680138e+01
  1.98189988740208e+02  1.36204544059023e+01
  1.99783509612820e+02  1.39321778203177e+01
  2.01366679275402e+02  1.42788468315564e+01
  2.02938593668994e+02  1.46613172251239e+01
  2.04498489302769e+02  1.50796663580855e+01
  2.06045797599902e+02  1.55332123472412e+01
  2.07580185652443e+02  1.60205831409088e+01
  2.09101578611505e+02  1.65398181414514e+01
  2.10610161013321e+02  1.70884889787971e+01
  2.12106356785988e+02  1.76638292064515e+01
  2.13590790652798e+02  1.82628627360827e+01
  2.15064236249699e+02  1.88825215001417e+01
  2.16527557629131e+02  1.95197467133870e+01
  2.17981651862009e+02  2.01715668291109e+01
  2.19427401014576e+02  2.08351451866147e+01
  2.20865641843306e+02  2.15077903672483e+01
  2.22297159964913e+02  2.21869241457516e+01
  2.23722711213305e+02  2.28700076643311e+01
  2.25143068125879e+02  2.35544335654098e+01
  2.26559087744443e+02  2.42373884318187e+01
  2.27971796642097e+02  2.49156903074900e+01
  2.29382486340056e+02  2.55856091558798e+01
  2.30792805160669e+02  2.62426854785212e+01
  2.32204824277647e+02  2.68815692354010e+01
  2.33621056237227e+02  2.74958943437625e+01
  2.35044423379500e+02  2.80781671268183e+01
  2.36478198774246e+02  2.86196180262981e+01
  2.37925937105551e+02  2.91099874386496e+01
  2.39391374993243e+02  2.95372709123752e+01
  2.40878246852118e+02  2.98875199153513e+01
  2.42389926298808e+02  3.01449152722332e+01
  2.43928792061321e+02  3.02925056062011e+01
  2.45495332194132e+02  3.03140044188878e+01
  2.47087787010320e+02  3.01954729562198e+01
  2.48703411682626e+02  2.99227295610541e+01
  2.50340297614415e+02  2.94716415252271e+01
  2.52000000000000e+02  2.87678002622674e+01
  0.00000000000000e+00  2.88670710197118e+01
  1.65660861022904e+00  2.96245278912981e+01
  3.28917227815490e+00  3.01154162851703e+01
  4.90000102132368e+00  3.04219645116954e+01
  6.48798331735370e+00  3.05727649328411e+01
  8.05124613917293e+00  3.05848054510064e+01
  9.58875901058518e+00  3.04733760357342e+01
  1.11012886498858e+01  3.02547108999149e+01
  1.25910938356994e+01  2.99450139012126e+01
  1.40612321425188e+01  2.95592493944377e+01
  1.55150582164424e+01  2.91106346411091e+01
  1.69559311035038e+01  2.86106116667499e+01
  1.83870568934077e+01  2.80690237540487e+01
  1.98114000418878e+01  2.74943362465767e+01
  2.12316231839214e+01  2.68938281141829e+01
  2.26500403537571e+01  2.62737352564185e+01
  2.40685933996075e+01  2.56393626011731e+01
  2.54888655739549e+01  2.49952003013396e+01
  2.69121312846155e+01  2.43450633087692e+01
  2.83394276037850e+01  2.36922461474163e+01
  2.97716310390957e+01  2.30396773199364e+01
  3.12095276984491e+01  2.23900606467871e+01
  3.26538699939110e+01  2.17459955840266e+01
  3.41054157797083e+01  2.11100716448474e+01
  3.55649470645025e+01  2.04849339007148e+01
  3.70332669727014e+01  1.98733134276463e+01
  3.85111769587835e+01  1.92780218299870e+01
  3.99994392977132e+01  1.87019134176414e+01
  4.14987314032142e+01  1.81478205905666e+01
  4.30095987998573e+01  1.76184686603646e+01
  4.45324131823729e+01  1.71163765151322e+01
  4.60673409958265e+01  1.66437481779583e+01
  4.76143268584711e+01  1.62023638851484e+01
  4.91730941566373e+01  1.57934801878801e+01
  5.07431627792004e+01  1.54177484694490e+01
  5.23238818867410e+01  1.50751629954210e+01
  5.39144738340115e+01  1.47650511310285e+01
  5.55140839068883e+01  1.44861170752584e+01
  5.71218296633009e+01  1.42365432352131e+01
  5.87368421703840e+01  1.40141179732922e+01
  6.03582973994711e+01  1.38163905720942e+01
  6.19854373784275e+01  1.36408370694301e+01
  6.36175804982575e+01  1.34849945354969e+01
  6.52541235210479e+01  1.33465531814981e+01
  6.68945381643888e+01  1.32234082356625e+01
  6.85383647074559e+01  1.31136802605542e+01
  7.01852043672787e+01  1.30157140923152e+01
  7.18347115393205e+01  1.29280651618832e+01
  7.34865865035166e+01  1.28494795836366e+01
  7.51405688720898e+01  1.27788721556899e+01
  7.67964318620760e+01  1.27153047012719e+01
  7.84539773710318e+01  1.26579660171500e+01
  8.01130317847609e+01  1.26061539704875e+01
  8.17734424276560e+01  1.25592598669379e+01
  8.34350745647193e+01  1.25167549906092e+01
  8.50978088708650e+01  1.24781791128829e+01
  8.67615392928818e+01  1.24431307310582e+01
  8.84261712399051e+01  1.24112587980140e+01
  9.00916200481751e+01  1.23822557219736e+01
  9.17578096747059e+01  1.23558514405422e+01
  9.34246715821174e+01  1.23318083997890e+01
  9.50921437833197e+01  1.23099172944275e+01
  9.67601700201074e+01  1.22899934478621e+01
  9.84286990541578e+01  1.22718737306086e+01
  1.00097684052588e+02  1.22554139324295e+01
  1.01767082053229e+02  1.22404865176913e+01
  1.03436853497228e+02  1.22269787052864e+01
  1.05106961818655e+02  1.22147908243137e+01
  1.06777373082387e+02  1.22038349048890e+01
  1.08448055662982e+02  1.21940334702415e+01
  1.10118979958324e+02  1.21853185018950e+01
  1.11790118132788e+02  1.21776305544274e+01
  1.13461443885400e+02  1.21709180002259e+01
  1.15132932239132e+02  1.21651363879439e+01
  1.16804559347962e+02  1.21602479011461e+01
  1.18476302318770e+02  1.21562209059780e+01
  1.20148139045476e+02  1.21530295787227e+01
  1.21820048053119e+02  1.21506536058460e+01
  1.23492008349772e+02  1.21490779506643e+01
  1.25163999284407e+02  1.21482926821314e+01
  1.26836000408893e+02  1.21482928624675e+01
  1.28507991342466e+02  1.21490784915004e+01
  1.30179951636997e+02  1.21506545066660e+01
  1.31851860641457e+02  1.21530308386677e+01
  1.33523697363923e+02  1.21562225238473e+01
  1.35195440329433e+02  1.21602498754000e+01
  1.36867067431909e+02  1.21651387167062e+01
  1.38538555778235e+02  1.21709206812871e+01
  1.40209881522390e+02  1.21776335852495e+01
  1.41881019687348e+02  1.21853218796157e+01
  1.43551943972139e+02  1.21940371916805e+01
  1.45222626541140e+02  1.22038389665538e+01
  1.46893037792238e+02  1.22147952224071e+01
  1.48563146099994e+02  1.22269834357147e+01
  1.50232917529287e+02  1.22404915760730e+01
  1.51902315514187e+02  1.22554193141053e+01
  1.53571300495845e+02  1.22718794306522e+01
  1.55239829512091e+02  1.22899994610927e+01
  1.56907855730042e+02  1.23099236154219e+01
  1.58575327911374e+02  1.23318150228964e+01
  1.60242189797880e+02  1.23558583598992e+01
  1.61908379402465e+02  1.23822629315198e+01
  1.63573828187744e+02  1.24112662915099e+01
  1.65238460110725e+02  1.24431385021020e+01
  1.66902190507640e+02  1.24781871549291e+01
  1.68564924787614e+02  1.25167632969862e+01
  1.70226556897423e+02  1.25592684308642e+01
  1.71886967511969e+02  1.26061627850865e+01
  1.73546021896242e+02  1.26579750754592e+01
  1.75203567374619e+02  1.27153139962460e+01
  1.76859430332893e+02  1.27788816801919e+01
  1.78513412668612e+02  1.28494893304126e+01
  1.80165287598811e+02  1.29280751235122e+01
  1.81814794735725e+02  1.30157242611227e+01
  1.83461634359318e+02  1.31136906284767e+01
  1.85105460865116e+02  1.32234187940439e+01
  1.86745875470254e+02  1.33465639207995e+01
  1.88382418454078e+02  1.34850054449009e+01
  1.90014561534441e+02  1.36408481363320e+01
  1.91641701473812e+02  1.38164017814925e+01
  1.93263156663741e+02  1.40141293071321e+01
  1.94878169132826e+02  1.42365546717853e+01
  1.96485914853343e+02  1.44861285887995e+01
  1.98085524893573e+02  1.47650626916662e+01
  1.99676116812749e+02  1.50751745695509e+01
  2.01256835898126e+02  1.54177600205013e+01
  2.02826904505803e+02  1.57934916773236e+01
  2.04385671797558e+02  1.62023752735696e+01
  2.05932657663202e+02  1.66437594260877e+01
  2.07467585489656e+02  1.71163875847368e+01
  2.08990399895360e+02  1.76184795149675e+01
  2.10501267325156e+02  1.81478311959773e+01
  2.12000559473169e+02  1.87019237422924e+01
  2.13488821863052e+02  1.92780318450811e+01
  2.14966731907402e+02  1.98733231071292e+01
  2.16435051879963e+02  2.04849432210976e+01
  2.17894583234012e+02  2.11100805849146e+01
  2.19346129092872e+02  2.17460041244730e+01
  2.20790471464298e+02  2.23900687698396e+01
  2.22228368201804e+02  2.30396850090294e+01
  2.23660571716889e+02  2.36922533869854e+01
  2.25087868116957e+02  2.43450700842154e+01
  2.26511133909100e+02  2.49952065991960e+01
  2.27931406164799e+02  2.56393684094971e+01
  2.29349959290856e+02  2.62737405654163e+01
  2.30768376538339e+02  2.68938329170398e+01
  2.32188599753633e+02  2.74943405404097e+01
  2.33612942968854e+02  2.80690275408566e+01
  2.35044068816768e+02  2.86106149542541e+01
  2.36484941751093e+02  2.91106374434550e+01
  2.37938767859991e+02  2.95592517327644e+01
  2.39408906188715e+02  2.99450158040039e+01
  2.40898711383691e+02  3.02547124029062e+01
  2.42411241021204e+02  3.04733771809938e+01
  2.43948753883371e+02  3.05848062847840e+01
  2.45512016693391e+02  3.05727655022802e+01
  2.47099998979904e+02  3.04219648625240e+01
  2.48710827718595e+02  3.01154164635551e+01
  2.50343391387005e+02  2.96245279490389e+01
  2.52000000000000e+02  2.88670710197118e+01
  0.00000000000000e+00  2.89726378362564e+01
  1.65348139022815e+00  2.97823436240062e+01
  3.28183367381822e+00  3.03125669576133e+01
  4.88811546954535e+00  3.06527768512832e+01
  6.47195910006076e+00  3.08357194359870e+01
  8.03225356703845e+00  3.08809297445759e+01
  9.56857169845891e+00  3.08049051631074e+01
  1.10819040620696e+01  3.06238877909945e+01
  1.25744069446865e+01  3.03534835849058e+01
  1.40488680300815e+01  3.00079335733943e+01
  1.55083122883869e+01  2.95998107949445e+01
  1.69557656591525e+01  2.91400441568014e+01
  1.83941229548530e+01  2.86380860961510e+01
  1.98260708557385e+01  2.81021103851667e+01
  2.12540362469241e+01  2.75391862903510e+01
  2.26801487671008e+01  2.69554156576821e+01
  2.41062229292475e+01  2.63560429193160e+01
  2.55337683482441e+01  2.57455631579674e+01
  2.69640275906704e+01  2.51278448338164e+01
  2.83980319109903e+01  2.45062631041112e+01
  2.98366626885244e+01  2.38838329307235e+01
  3.12807088210213e+01  2.32633317878771e+01
  3.27309137668739e+01  2.26474046606602e+01
  3.41880083540721e+01  2.20386467264669e+01
  3.56527270484470e+01  2.14396614932796e+01
  3.71258067469993e+01  2.08530893254270e+01
  3.86079696247759e+01  2.02816054638726e+01
  4.00998938489288e+01  1.97278901732929e+01
  4.16021773116784e+01  1.91945754898934e+01
  4.31152999408989e+01  1.86841739983392e+01
  4.46395898977941e+01  1.81989954249709e+01
  4.61751980993985e+01  1.77410555420625e+01
  4.77220846055724e+01  1.73119851591784e+01
  4.92800188459629e+01  1.69129478105401e+01
  5.08485937704729e+01  1.65445744017661e+01
  5.24272522943314e+01  1.62069238662501e+01
  5.40153229351026e+01  1.58994790747782e+01
  5.56120604071612e+01  1.56211852617850e+01
  5.72166863527017e+01  1.53705324529336e+01
  5.88284240479791e+01  1.51456539151377e+01
  6.04465259924158e+01  1.49444468688975e+01
  6.20702939506198e+01  1.47647076112549e+01
  6.36990903390794e+01  1.46042462135640e+01
  6.53323425537521e+01  1.44609710693281e+01
  6.69695422819404e+01  1.43329423696067e+01
  6.86102417044166e+01  1.42183992473770e+01
  7.02540480767566e+01  1.41157674987691e+01
  7.19006177151247e+01  1.40236545706155e+01
  7.35496500203317e+01  1.39408371822948e+01
  7.52008818891766e+01  1.38662454031585e+01
  7.68540826747302e+01  1.37989456650147e+01
  7.85090497436993e+01  1.37381241834101e+01
  8.01656046157194e+01  1.36830715745982e+01
  8.18235896378488e+01  1.36331690179255e+01
  8.34828651348122e+01  1.35878760524160e+01
  8.51433069733613e+01  1.35467199514738e+01
  8.68048044823761e+01  1.35092865473562e+01
  8.84672586760629e+01  1.34752123480729e+01
  9.01305807341200e+01  1.34441777848631e+01
  9.17946906991723e+01  1.34159014368099e+01
  9.34595163576894e+01  1.33901350935671e+01
  9.51249922758328e+01  1.33666595336643e+01
  9.67910589661931e+01  1.33452809122600e+01
  9.84576621652213e+01  1.33258276674685e+01
  1.00124752204394e+02  1.33081478680176e+01
  1.01792283460862e+02  1.32921069369019e+01
  1.03460213875597e+02  1.32775856959299e+01
  1.05128504528912e+02  1.32644786847822e+01
  1.06797119264833e+02  1.32526927155782e+01
  1.08466024357049e+02  1.32421456301809e+01
  1.10135188210284e+02  1.32327652327161e+01
  1.11804581091811e+02  1.32244883742129e+01
  1.13474174888566e+02  1.32172601700120e+01
  1.15143942885965e+02  1.32110333337537e+01
  1.16813859564983e+02  1.32057676144568e+01
  1.18483900414527e+02  1.32014293255066e+01
  1.20154041756449e+02  1.31979909563605e+01
  1.21824260580816e+02  1.31954308595125e+01
  1.23494534389314e+02  1.31937330067891e+01
  1.25164841044786e+02  1.31928868104108e+01
  1.26835158625074e+02  1.31928870055002e+01
  1.28505465279406e+02  1.31937335918707e+01
  1.30175739085622e+02  1.31954318340265e+01
  1.31845957906569e+02  1.31979923193750e+01
  1.33516099243931e+02  1.32014310757193e+01
  1.35186140087781e+02  1.32057697501969e+01
  1.36856056759971e+02  1.32110358529852e+01
  1.38525824749411e+02  1.32172630703369e+01
  1.40195418537081e+02  1.32244916528757e+01
  1.41864811408396e+02  1.32327688866086e+01
  1.43533975250301e+02  1.32421496558481e+01
  1.45202880330070e+02  1.32526971092245e+01
  1.46871495052431e+02  1.32644834422790e+01
  1.48539785691076e+02  1.32775908128237e+01
  1.50207716090036e+02  1.32921124084228e+01
  1.51875247329629e+02  1.33081536890896e+01
  1.53542337350826e+02  1.33258338327200e+01
  1.55208940530783e+02  1.33452874160356e+01
  1.56875007200979e+02  1.33666663700369e+01
  1.58540483097865e+02  1.33901422563520e+01
  1.60205308734033e+02  1.34159089195783e+01
  1.61869418675644e+02  1.34441855809570e+01
  1.63532740709166e+02  1.34752204506205e+01
  1.65195194877223e+02  1.35092949492869e+01
  1.66856692359509e+02  1.35467286455330e+01
  1.68517134170228e+02  1.35878850311790e+01
  1.70176409638255e+02  1.36331782738082e+01
  1.71834394630338e+02  1.36830810998645e+01
  1.73490949471199e+02  1.37381339701732e+01
  1.75145916507895e+02  1.37989557052283e+01
  1.76799117260068e+02  1.38662556885953e+01
  1.78450349094433e+02  1.39408477045045e+01
  1.80099381364086e+02  1.40236653208556e+01
  1.81745950965865e+02  1.41157784678979e+01
  1.83389757300645e+02  1.42184104256967e+01
  1.85030456684693e+02  1.43329537466412e+01
  1.86667656373738e+02  1.44609826335225e+01
  1.88300908548778e+02  1.46042579518956e+01
  1.89929704897433e+02  1.47647195087562e+01
  1.91553472816104e+02  1.49444589081148e+01
  1.93171574721870e+02  1.51456660755789e+01
  1.94783312380106e+02  1.53705447105952e+01
  1.96387938291182e+02  1.56211975888720e+01
  1.97984675732468e+02  1.58994914397204e+01
  1.99572746347397e+02  1.62069362340721e+01
  2.01151404851627e+02  1.65445867347792e+01
  2.02719979763962e+02  1.69129600692376e+01
  2.04277914000717e+02  1.73119973032110e+01
  2.05824800512634e+02  1.77410675311839e+01
  2.07360408729879e+02  1.81990072198784e+01
  2.08884698712463e+02  1.86841855613653e+01
  2.10397821377195e+02  1.91945867855262e+01
  2.11900104884706e+02  1.97279011685158e+01
  2.13392029162016e+02  2.02816161283283e+01
  2.14874192100296e+02  2.08530996314172e+01
  2.16347271865557e+02  2.14396714156263e+01
  2.17811990631709e+02  2.20386562422692e+01
  2.19269085294704e+02  2.26474137489919e+01
  2.20719290319465e+02  2.32633404294774e+01
  2.22163336533216e+02  2.38838411077429e+01
  2.23601967393693e+02  2.45062707999706e+01
  2.25035971798023e+02  2.51278520332252e+01
  2.26466231124839e+02  2.57455698471313e+01
  2.27893776627744e+02  2.63560490863525e+01
  2.29319850872177e+02  2.69554212932408e+01
  2.30745963471528e+02  2.75391913884060e+01
  2.32173928936947e+02  2.81021149439019e+01
  2.33605876905062e+02  2.86380901188358e+01
  2.35044234258898e+02  2.91400476525669e+01
  2.36491687676843e+02  2.95998137794252e+01
  2.37951131969987e+02  3.00079360692162e+01
  2.39425593077257e+02  3.03534856219316e+01
  2.40918095969235e+02  3.06238894061227e+01
  2.42431428331523e+02  3.08049063993145e+01
  2.43967746454323e+02  3.08809306489067e+01
  2.45528040910044e+02  3.08357200566826e+01
  2.47111884531313e+02  3.06527772358850e+01
  2.48718166322635e+02  3.03125671548272e+01
  2.50346518606796e+02  2.97823436889194e+01
  2.52000000000000e+02  2.89726378362564e+01
  0.00000000000000e+00  2.90848870390984e+01
  1.65032033926736e+00  2.99455116663965e+01
  3.27457115831562e+00  3.05145839984435e+01
  4.87654400780630e+00  3.08882874091406e+01
  6.45655932326753e+00  3.11032309070302e+01
  8.01416901198866e+00  3.11812619188927e+01
  9.54944333355781e+00  3.11399588902472e+01
  1.10635500291326e+01  3.09956141337684e+01
  1.25585546320128e+01  3.07633555129283e+01
  1.40370119702073e+01  3.04568127146250e+01
  1.55016595285100e+01  3.00879935566400e+01
  1.69552289566603e+01  2.96673621477012e+01
  1.84003371022091e+01  2.92040073770074e+01
  1.98394205961388e+01  2.87058261766475e+01
  2.12746921738016e+01  2.81796847207485e+01
  2.27081105619467e+01  2.76315492556407e+01
  2.41413667725013e+01  2.70665926611071e+01
  2.55758919408470e+01  2.64892952302465e+01
  2.70128863565608e+01  2.59035538689865e+01
  2.84533629631046e+01  2.53127980048073e+01
  2.98981963211376e+01  2.47201047857198e+01
  3.13481692106709e+01  2.41283056155154e+01
  3.28040113552823e+01  2.35400776835439e+01
  3.42664267536516e+01  2.29580163665437e+01
  3.57361076823435e+01  2.23846868347174e+01
  3.72137346446040e+01  2.18226505468663e+01
  3.86999634426309e+01  2.12744657943323e+01
  4.01954023121402e+01  2.07426643242404e+01
  4.17005831810882e+01  2.02297077002448e+01
  4.32159315470481e+01  1.97379280871428e+01
  4.47417393212258e+01  1.92694585975859e+01
  4.62781442601250e+01  1.88261571426112e+01
  4.78251188936701e+01  1.84095307325806e+01
  4.93824706161241e+01  1.80206678793583e+01
  5.09498530833920e+01  1.76601861946365e+01
  5.25267876643144e+01  1.73282024806111e+01
  5.41126924913205e+01  1.70243321230280e+01
  5.57069157686009e+01  1.67477224854763e+01
  5.73087695759878e+01  1.64971204641583e+01
  5.89175591653908e+01  1.62709491645853e+01
  6.05326071021482e+01  1.60674030168128e+01
  6.21532718577797e+01  1.58845587628370e+01
  6.37789595084835e+01  1.57204732515449e+01
  6.54091295042452e+01  1.55732596393148e+01
  6.70432959377968e+01  1.54411397362393e+01
  6.86810257697518e+01  1.53224747562369e+01
  7.03219352397641e+01  1.52157789834276e+01
  7.19656853799008e+01  1.51197213044618e+01
  7.36119772487380e+01  1.50331189544845e+01
  7.52605472672250e+01  1.49549268316500e+01
  7.69111628673469e+01  1.48842247411425e+01
  7.85636185521988e+01  1.48202041070798e+01
  8.02177323966741e+01  1.47621550799191e+01
  8.18733429781078e+01  1.47094545460517e+01
  8.35303067054426e+01  1.46615552728290e+01
  8.51884955064426e+01  1.46179762542182e+01
  8.68477948302738e+01  1.45782942253118e+01
  8.85081019243062e+01  1.45421362627711e+01
  9.01693243473690e+01  1.45091733654979e+01
  9.18313786858105e+01  1.44791149038354e+01
  9.34941894429323e+01  1.44517038290173e+01
  9.51576880763718e+01  1.44267125428095e+01
  9.68218121616338e+01  1.44039393375756e+01
  9.84865046631725e+01  1.43832053277487e+01
  1.00151713297194e+02  1.43643518040332e+01
  1.01817389972732e+02  1.43472379511662e+01
  1.03483490299561e+02  1.43317388785605e+01
  1.05149973153221e+02  1.43177439206003e+01
  1.06816800288863e+02  1.43051551698285e+01
  1.08483935996850e+02  1.42938862118293e+01
  1.10151346794018e+02  1.42838610353824e+01
  1.11819001145413e+02  1.42750130955499e+01
  1.13486869211971e+02  1.42672845108508e+01
  1.15154922620235e+02  1.42606253786719e+01
  1.16823134250686e+02  1.42549931956389e+01
  1.18491478041666e+02  1.42503523718928e+01
  1.20159928806219e+02  1.42466738301533e+01
  1.21828462059442e+02  1.42439346821457e+01
  1.23497053854150e+02  1.42421179764723e+01
  1.25165680622847e+02  1.42412125133656e+01
  1.26834319024111e+02  1.42412127229963e+01
  1.28502945791590e+02  1.42421186051630e+01
  1.30171537583863e+02  1.42439357292931e+01
  1.31840070833435e+02  1.42466752947529e+01
  1.33508521593123e+02  1.42503542525404e+01
  1.35176865378026e+02  1.42549954905332e+01
  1.36845077001191e+02  1.42606280856172e+01
  1.38513130400964e+02  1.42672876272604e+01
  1.40180998457830e+02  1.42750166184509e+01
  1.41848652798336e+02  1.42838649614202e+01
  1.43516063583422e+02  1.42938905372738e+01
  1.45183199278141e+02  1.43051598905801e+01
  1.46850026399333e+02  1.43177490321976e+01
  1.48516509237366e+02  1.43317443761879e+01
  1.50182609547398e+02  1.43472438296628e+01
  1.51848286204974e+02  1.43643580579025e+01
  1.53513494819873e+02  1.43832119511688e+01
  1.55178187301133e+02  1.44039463244103e+01
  1.56842311364968e+02  1.44267198866200e+01
  1.58505809975834e+02  1.44517115230749e+01
  1.60168620709241e+02  1.44791229411339e+01
  1.61830675022831e+02  1.45091817387669e+01
  1.63491897419908e+02  1.45421449644888e+01
  1.65152204486825e+02  1.45783032477174e+01
  1.66811503782413e+02  1.46179855893231e+01
  1.68469692554047e+02  1.46615649124253e+01
  1.70126656250897e+02  1.47094644817181e+01
  1.71782266800734e+02  1.47621653030205e+01
  1.73436380612510e+02  1.48202146087595e+01
  1.75088836263574e+02  1.48842355123030e+01
  1.76739451828841e+02  1.49549378629181e+01
  1.78388021811438e+02  1.50331302361550e+01
  1.80034313643398e+02  1.51197328264117e+01
  1.81678063745739e+02  1.52157907349925e+01
  1.83318973177137e+02  1.53224867260379e+01
  1.84956702969800e+02  1.54411519119511e+01
  1.86590869363581e+02  1.55732720073640e+01
  1.88221039319367e+02  1.57204857967369e+01
  1.89846726930258e+02  1.58845714679186e+01
  1.91467391646728e+02  1.60674158619979e+01
  1.93082439545604e+02  1.62709621270962e+01
  1.94691229099190e+02  1.64971335178585e+01
  1.96293082873765e+02  1.67477356006834e+01
  1.97887306122315e+02  1.70243452665820e+01
  1.99473210925843e+02  1.73282156162373e+01
  2.01050145489733e+02  1.76601992835763e+01
  2.02617527947551e+02  1.80206808811763e+01
  2.04174879669121e+02  1.84095436060494e+01
  2.05721854311098e+02  1.88261698465814e+01
  2.07258259268200e+02  1.92694710917744e+01
  2.08784067070469e+02  1.97379403327918e+01
  2.10299415474185e+02  2.02297196606279e+01
  2.11804596390012e+02  2.07426759650042e+01
  2.13300035314727e+02  2.12744770836748e+01
  2.14786264175307e+02  2.18226614555654e+01
  2.16263891206395e+02  2.23846973360313e+01
  2.17733572209109e+02  2.29580264360193e+01
  2.19195987685676e+02  2.35400872987740e+01
  2.20651829911743e+02  2.41283147558960e+01
  2.22101802885174e+02  2.47201134322627e+01
  2.23546636328808e+02  2.53128061400582e+01
  2.24987113021919e+02  2.59035614770908e+01
  2.26424107524355e+02  2.64893022971903e+01
  2.27858632778594e+02  2.70665991751445e+01
  2.29291889072975e+02  2.76315552079007e+01
  2.30725307541345e+02  2.81796901059829e+01
  2.32160579193817e+02  2.87058309940506e+01
  2.33599662755161e+02  2.92040116310190e+01
  2.35044770958767e+02  2.96673658487177e+01
  2.36498340433901e+02  3.00879967215922e+01
  2.37962988026883e+02  3.04568153673886e+01
  2.39441445386970e+02  3.07633576844783e+01
  2.40936449999499e+02  3.09956158619005e+01
  2.42450556694316e+02  3.11399602186166e+01
  2.43985831007983e+02  3.11812628951683e+01
  2.45543440686074e+02  3.11032315804082e+01
  2.47123455992635e+02  3.08882878288191e+01
  2.48725428837836e+02  3.05145842155058e+01
  2.50349679657550e+02  2.99455117390557e+01
  2.52000000000000e+02  2.90848870390984e+01
  0.00000000000000e+00  2.92042269407700e+01
  1.64712562708034e+00  3.01144671943391e+01
  3.26738414158567e+00  3.07218844892954e+01
  4.86527586042000e+00  3.11288902701286e+01
  6.44175206404727e+00  3.13756790872987e+01
  7.99693806451560e+00  3.14861971544085e+01
  9.53131219138183e+00  3.14789922472444e+01
  1.10461796256633e+01  3.13704358410277e+01
  1.25435229083751e+01  3.11752737272662e+01
  1.40256938363711e+01  3.09066192716233e+01
  1.54951779466222e+01  3.05759859728056e+01
  1.69544463699192e+01  3.01934193573152e+01
  1.84058675953245e+01  2.97676727647023e+01
  1.98516530875591e+01  2.93063824401033e+01
  2.12938209624141e+01  2.88162194756322e+01
  2.27341718136197e+01  2.83030149773524e+01
  2.41742781454834e+01  2.77718626590952e+01
  2.56154904622235e+01  2.72272130731355e+01
  2.70589596745744e+01  2.66729717359719e+01
  2.85056710835028e+01  2.61126008028871e+01
  2.99564832669011e+01  2.55492192677464e+01
  3.14121656755354e+01  2.49856956076269e+01
  3.28734302708669e+01  2.44247275814487e+01
  3.43409541249641e+01  2.38689056494185e+01
  3.58153913358450e+01  2.33207587904558e+01
  3.72973736517494e+01  2.27827789773960e+01
  3.87875007096807e+01  2.22574235487970e+01
  4.02863221746859e+01  2.17470971068492e+01
  4.17943149912284e+01  2.12541159757662e+01
  4.33118593659371e+01  2.07806592518205e+01
  4.48392170224865e+01  2.03287109542663e+01
  4.63765146756299e+01  1.98999966786251e+01
  4.79237351165560e+01  1.94959209021628e+01
  4.94807173106442e+01  1.91175116545793e+01
  5.10471656799206e+01  1.87653785576916e+01
  5.26226676128419e+01  1.84396900919181e+01
  5.42067172716963e+01  1.81401751518565e+01
  5.57987430664942e+01  1.78661519673763e+01
  5.73981358465751e+01  1.76165839219903e+01
  5.90042736971382e+01  1.73901397938855e+01
  6.06165430061506e+01  1.71852694262194e+01
  6.22343554723316e+01  1.70002955871365e+01
  6.38571596270838e+01  1.68334973897090e+01
  6.54844474180896e+01  1.66831782188655e+01
  6.71157568363840e+01  1.65477154015682e+01
  6.87506716813477e+01  1.64255923605934e+01
  7.03888194565431e+01  1.63154160657772e+01
  7.20298681883013e+01  1.62159233432463e+01
  7.36735227412063e+01  1.61259794623676e+01
  7.53195210144341e+01  1.60445718417479e+01
  7.69676302558077e+01  1.59708010182859e+01
  7.86176436257413e+01  1.59038703814794e+01
  8.02693770734038e+01  1.58430756583555e+01
  8.19226665434942e+01  1.57877947517723e+01
  8.35773655060789e+01  1.57374782683747e+01
  8.52333427878921e+01  1.56916408960659e+01
  8.68904806769677e+01  1.56498536795728e+01
  8.85486732704833e+01  1.56117371762639e+01
  9.02078250363207e+01  1.55769554376656e+01
  9.18678495608426e+01  1.55452107443946e+01
  9.35286684580122e+01  1.55162390161828e+01
  9.51902104177911e+01  1.54898058195020e+01
  9.68524103744825e+01  1.54657028998950e+01
  9.85152087782352e+01  1.54437451725592e+01
  1.00178550955206e+02  1.54237681118278e+01
  1.01842386543894e+02  1.54056254872715e+01
  1.03506668996916e+02  1.53891874008265e+01
  1.05171355138997e+02  1.53743385854651e+01
  1.06836404773260e+02  1.53609769313915e+01
  1.08501780328979e+02  1.53490122105737e+01
  1.10167446544906e+02  1.53383649746513e+01
  1.11833370183083e+02  1.53289656049382e+01
  1.13499519768697e+02  1.53207534964380e+01
  1.15165865352109e+02  1.53136763605658e+01
  1.16832378289666e+02  1.53076896336851e+01
  1.18499031040268e+02  1.53027559806743e+01
  1.20165796975024e+02  1.52988448845910e+01
  1.21832650197557e+02  1.52959323151356e+01
  1.23499565372766e+02  1.52940004700797e+01
  1.25166517561987e+02  1.52930375851504e+01
  1.26833482062646e+02  1.52930378090756e+01
  1.28500434250575e+02  1.52940011416395e+01
  1.30167349423201e+02  1.52959334336831e+01
  1.31834202641861e+02  1.52988464490493e+01
  1.33500968571457e+02  1.53027579895380e+01
  1.35167621315615e+02  1.53076920850224e+01
  1.36834134245447e+02  1.53136792520216e+01
  1.38500479819858e+02  1.53207568252374e+01
  1.40166629395198e+02  1.53289693678910e+01
  1.41832553021836e+02  1.53383691681568e+01
  1.43498219224963e+02  1.53490168306263e+01
  1.45163594766629e+02  1.53609819735871e+01
  1.46828644385592e+02  1.53743440450083e+01
  1.48493330511134e+02  1.53891932725384e+01
  1.50157612946384e+02  1.54056317655978e+01
  1.51821448516076e+02  1.54237747908484e+01
  1.53484790672835e+02  1.54437522459975e+01
  1.55147589055166e+02  1.54657103611287e+01
  1.56809788989236e+02  1.54898136615736e+01
  1.58471330925202e+02  1.55162472318108e+01
  1.60132149797375e+02  1.55452193259846e+01
  1.61792174295724e+02  1.55769643773214e+01
  1.63451326034224e+02  1.56117464657978e+01
  1.65109518599244e+02  1.56498633105148e+01
  1.66766656458679e+02  1.56916508596706e+01
  1.68422633709717e+02  1.57374885556254e+01
  1.70077332640407e+02  1.57878053533800e+01
  1.71730622077502e+02  1.58430865647520e+01
  1.73382355491089e+02  1.59038815828001e+01
  1.75032368825898e+02  1.59708125043405e+01
  1.76680478031138e+02  1.60445836019738e+01
  1.78326476267277e+02  1.61259914857608e+01
  1.79970130782210e+02  1.62159356182616e+01
  1.81611179475211e+02  1.63154285801919e+01
  1.83249327210999e+02  1.64256051013250e+01
  1.84884242016083e+02  1.65477283544382e+01
  1.86515551394266e+02  1.66831913683049e+01
  1.88142839145243e+02  1.68335107184074e+01
  1.89765643260461e+02  1.70003090756471e+01
  1.91383455688127e+02  1.71852830525495e+01
  1.92995724960295e+02  1.73901535331195e+01
  1.94601862776478e+02  1.76165977460098e+01
  1.96201255525565e+02  1.78661658447464e+01
  1.97793281293790e+02  1.81401890479315e+01
  1.99377330931596e+02  1.84397039691970e+01
  2.00952832850099e+02  1.87653923763984e+01
  2.02519281212626e+02  1.91175253733964e+01
  2.04076263408524e+02  1.94959344790367e+01
  2.05623483860490e+02  1.99000100715680e+01
  2.07160781534300e+02  2.03287241220919e+01
  2.08688139221231e+02  2.07806721547699e+01
  2.10205683635813e+02  2.12541285759974e+01
  2.11713676501211e+02  2.17471093687787e+01
  2.13212498023308e+02  2.22574354392925e+01
  2.14702625145649e+02  2.27827904658326e+01
  2.16184607532270e+02  2.33207698486564e+01
  2.17659044819141e+02  2.38689162515123e+01
  2.19126568753505e+02  2.44247377036867e+01
  2.20587833432450e+02  2.49857052282025e+01
  2.22043515927186e+02  2.55492283666684e+01
  2.23494328198357e+02  2.61126093619510e+01
  2.24941039695895e+02  2.66729797388669e+01
  2.26384508996775e+02  2.72272205057100e+01
  2.27825721400881e+02  2.77718695097874e+01
  2.29265827817640e+02  2.83030212377761e+01
  2.30706178749712e+02  2.88162251412777e+01
  2.32148346699627e+02  2.93063875110931e+01
  2.33594132259224e+02  2.97676772465242e+01
  2.35045553542457e+02  3.01934232614689e+01
  2.36504822012474e+02  3.05759893173162e+01
  2.37974306157249e+02  3.09066220813811e+01
  2.39456477107210e+02  3.11752760341068e+01
  2.40953820399944e+02  3.13704376834023e+01
  2.42468687834122e+02  3.14789936692843e+01
  2.44003061953883e+02  3.14861982042542e+01
  2.45558247944420e+02  3.13756798149692e+01
  2.47134724139558e+02  3.11288907263276e+01
  2.48732615854258e+02  3.07218847273220e+01
  2.50352874369531e+02  3.01144672753688e+01
  2.52000000000000e+02  2.92042269407700e+01
  0.00000000000000e+00  2.93310888610603e+01
  1.64389798525776e+00  3.02896594239864e+01
  3.26027280251740e+00  3.09349009868731e+01
  4.85430175761628e+00  3.13749963363026e+01
  6.42750898230500e+00  3.16534603239872e+01
  7.98051239592657e+00  3.17961427087082e+01
  9.51412270622323e+00  3.18224611705893e+01
  1.10297487159950e+01  3.17488852546146e+01
  1.25292949985107e+01  3.15898556971949e+01
  1.40149344472958e+01  3.13580499707150e+01
  1.54889306160378e+01  3.10645503580448e+01
  1.69535234369789e+01  3.07190272349233e+01
  1.84108592670172e+01  3.03299262552463e+01
  1.98629466967034e+01  2.99046399729773e+01
  2.13116269009123e+01  2.94496535338514e+01
  2.27585543762726e+01  2.89706650547407e+01
  2.42051888041454e+01  2.84726842418633e+01
  2.56527998366006e+01  2.79601207755198e+01
  2.71024844693223e+01  2.74368732475627e+01
  2.85551936010972e+01  2.69064191189636e+01
  3.00117628154376e+01  2.63719023779097e+01
  3.14729425289938e+01  2.58362143415889e+01
  3.29394236480197e+01  2.53020633188413e+01
  3.44118561019387e+01  2.47720302153649e+01
  3.58908588556617e+01  2.42486092417046e+01
  3.73770208718630e+01  2.37342304524772e+01
  3.88708937144065e+01  2.32312634429402e+01
  4.03729775819834e+01  2.27420035534068e+01
  4.18837033165073e+01  2.22686431303950e+01
  4.34034132938470e+01  2.18132313091448e+01
  4.49323440685618e+01  2.13776262429423e+01
  4.64706131635351e+01  2.09634426687046e+01
  4.80182119704408e+01  2.05720002108063e+01
  4.95750059360883e+01  2.02042782624752e+01
  5.11407422169329e+01  1.98608824807278e+01
  5.27150640735672e+01  1.95420275944491e+01
  5.42975304938025e+01  1.92475403269127e+01
  5.58876389742466e+01  1.89768844732899e+01
  5.74848491395658e+01  1.87292074060347e+01
  5.90886037850417e+01  1.85033877538015e+01
  6.06983472311406e+01  1.82980961000695e+01
  6.23135407333205e+01  1.81118715595558e+01
  6.39336735285209e+01  1.79431930639480e+01
  6.55582697927519e+01  1.77905395212618e+01
  6.71868921689432e+01  1.76524360214243e+01
  6.88191426750587e+01  1.75274859367513e+01
  7.04546617797117e+01  1.74143905574723e+01
  7.20931263129664e+01  1.73119587522091e+01
  7.37342467268923e+01  1.72191092779032e+01
  7.53777640733010e+01  1.71348680791955e+01
  7.70234469435602e+01  1.70583624575387e+01
  7.86710885221735e+01  1.69888135112350e+01
  8.03205038394795e+01  1.69255278280612e+01
  8.19715272640885e+01  1.68678890795776e+01
  8.36240102470191e+01  1.68153499197663e+01
  8.52778193121367e+01  1.67674244171252e+01
  8.69328342777708e+01  1.67236811324133e+01
  8.85889466895938e+01  1.66837368787456e+01
  9.02460584431531e+01  1.66472511543125e+01
  9.19040805745860e+01  1.66139212112914e+01
  9.35629321992241e+01  1.65834777107724e+01
  9.52225395794806e+01  1.65556809080115e+01
  9.68828353052944e+01  1.65303173118683e+01
  9.85437575722993e+01  1.65071967647529e+01
  1.00205249544681e+02  1.64861498934328e+01
  1.01867258791329e+02  1.64670258857710e+01
  1.03529736785370e+02  1.64496905533477e+01
  1.05192638458461e+02  1.64340246446589e+01
  1.06855921802373e+02  1.64199223780185e+01
  1.08519547511357e+02  1.64072901673334e+01
  1.10183478659653e+02  1.63960455175558e+01
  1.11847680409217e+02  1.63861160698542e+01
  1.13512119743342e+02  1.63774387794038e+01
  1.15176765222406e+02  1.63699592112201e+01
  1.16841586758395e+02  1.63636309416861e+01
  1.18506555405216e+02  1.63584150553868e+01
  1.20171643162159e+02  1.63542797286065e+01
  1.21836822788056e+02  1.63511998924061e+01
  1.23502067623972e+02  1.63491569695930e+01
  1.25167351422332e+02  1.63481386811814e+01
  1.26832648180593e+02  1.63481389191207e+01
  1.28497931977590e+02  1.63491576831806e+01
  1.30163176810781e+02  1.63512010809521e+01
  1.31828356432595e+02  1.63542813909617e+01
  1.33493444184096e+02  1.63584171899448e+01
  1.35158412824122e+02  1.63636335463855e+01
  1.36823234351965e+02  1.63699622835469e+01
  1.38487879821540e+02  1.63774423163956e+01
  1.40152319144838e+02  1.63861200681041e+01
  1.41816520882242e+02  1.63960499732171e+01
  1.43480452017056e+02  1.64072950761255e+01
  1.45144077711240e+02  1.64199277352327e+01
  1.46807361039044e+02  1.64340304451655e+01
  1.48470262694730e+02  1.64496967916033e+01
  1.50132740670076e+02  1.64670325558265e+01
  1.51794749896752e+02  1.64861569889419e+01
  1.53456241847893e+02  1.65072042789813e+01
  1.55117164092400e+02  1.65303252377030e+01
  1.56777459794473e+02  1.65556892379703e+01
  1.58437067149755e+02  1.65834864370136e+01
  1.60095918748200e+02  1.66139303256233e+01
  1.61753940852234e+02  1.66472606482017e+01
  1.63411052577204e+02  1.66837467433248e+01
  1.65067164959263e+02  1.67236913584870e+01
  1.66722179893978e+02  1.67674349951723e+01
  1.68375988927042e+02  1.68153608399390e+01
  1.70028471876808e+02  1.68679003316945e+01
  1.71679495267174e+02  1.69255394015930e+01
  1.73328910549194e+02  1.69888253952792e+01
  1.74976552091525e+02  1.70583746407806e+01
  1.76622234924564e+02  1.71348805498515e+01
  1.78265752232890e+02  1.72191220236400e+01
  1.79906872607969e+02  1.73119717600345e+01
  1.81545337101740e+02  1.74144038135898e+01
  1.83180856166437e+02  1.75274994263726e+01
  1.84813106632340e+02  1.76524497285356e+01
  1.86441728968337e+02  1.77905534283414e+01
  1.88066325192745e+02  1.79432071516422e+01
  1.89686457948938e+02  1.81118858063270e+01
  1.91301651413479e+02  1.82981104818464e+01
  1.92911394823973e+02  1.85034022436739e+01
  1.94515149436669e+02  1.87292219740452e+01
  1.96112359572932e+02  1.89768990863774e+01
  1.97702468029033e+02  1.92475549490470e+01
  1.99284934430673e+02  1.95420421869769e+01
  2.00859256275484e+02  1.98608970029112e+01
  2.02424992552226e+02  2.02042926721620e+01
  2.03981786522296e+02  2.05720144651670e+01
  2.05529385342748e+02  2.09634567249715e+01
  2.07067654460735e+02  2.13776400590963e+01
  2.08596585267994e+02  2.18132448445079e+01
  2.10116295287188e+02  2.22686563461030e+01
  2.11627021072394e+02  2.27420164127491e+01
  2.13129104998777e+02  2.32312759115665e+01
  2.14622977907390e+02  2.37342424984802e+01
  2.16109139995963e+02  2.42486208355993e+01
  2.17588142827366e+02  2.47720413299954e+01
  2.19060575363294e+02  2.53020739292522e+01
  2.20527056567717e+02  2.58362244249031e+01
  2.21988236369158e+02  2.63719119132565e+01
  2.23444805672987e+02  2.69064280874976e+01
  2.24897514894939e+02  2.74368816326039e+01
  2.26347199617521e+02  2.79601285628363e+01
  2.27794810738361e+02  2.84726914200989e+01
  2.29241445251791e+02  2.89706716159737e+01
  2.30688372808317e+02  2.94496594742487e+01
  2.32137053087571e+02  2.99046452934871e+01
  2.33589140584382e+02  3.03299309622656e+01
  2.35046476471912e+02  3.07190313408811e+01
  2.36511069339274e+02  3.10645538818550e+01
  2.37985065542406e+02  3.13580529380535e+01
  2.39470705013292e+02  3.15898581405215e+01
  2.40970251306282e+02  3.17488872128155e+01
  2.42485877316681e+02  3.18224626880894e+01
  2.44019487620736e+02  3.17961438339802e+01
  2.45572491025186e+02  3.16534611077464e+01
  2.47145698241853e+02  3.13749968306090e+01
  2.48739727193011e+02  3.09349012470798e+01
  2.50356102011150e+02  3.02896595140645e+01
  2.52000000000000e+02  2.93310888610603e+01
  0.00000000000000e+00  2.94659281647458e+01
  1.64063871660770e+00  3.04715534099068e+01
  3.25323809971094e+00  3.11540825720201e+01
  4.84361388744079e+00  3.16270339011019e+01
  6.41380502208897e+00  3.19369879812384e+01
  7.96484911423736e+00  3.21115188726291e+01
  9.49782493126710e+00  3.21708251138326e+01
  1.10142161211650e+01  3.21314856794112e+01
  1.25158524601650e+01  3.20076980568811e+01
  1.40047475675059e+01  3.18117717942514e+01
  1.54829683271257e+01  3.15544137710685e+01
  1.69525489035547e+01  3.12449594908547e+01
  1.84154366991256e+01  3.08915740499448e+01
  1.98734573697714e+01  3.05014236659297e+01
  2.13282911542136e+01  3.00808175073700e+01
  2.27814577287063e+01  2.96353242415129e+01
  2.42343100029329e+01  2.91698669658382e+01
  2.56880379270660e+01  2.86888064375830e+01
  2.71436820032389e+01  2.81960223248126e+01
  2.86021540330946e+01  2.76949934651251e+01
  3.00642613973575e+01  2.71888750423937e+01
  3.15307310879436e+01  2.66805693448937e+01
  3.30022303560231e+01  2.61727867294928e+01
  3.44793817737079e+01  2.56680944655459e+01
  3.59627715329409e+01  2.51689529581776e+01
  3.74529505137283e+01  2.46777364802498e+01
  3.89504286450345e+01  2.41967378283339e+01
  4.04556639626595e+01  2.37281580517051e+01
  4.19690483834339e+01  2.32740834185134e+01
  4.34908925281010e+01  2.28364525983137e+01
  4.50214119147917e+01  2.24170174586673e+01
  4.65607164563924e+01  2.20172998936227e+01
  4.81088048751312e+01  2.16385493993809e+01
  4.96655650174654e+01  2.12817064470797e+01
  5.12307802498384e+01  2.09473758545738e+01
  5.28041413837289e+01  2.06358139326414e+01
  5.43852629485368e+01  2.03469322904337e+01
  5.59737021829841e+01  2.00803196727912e+01
  5.75689789117453e+01  1.98352810342748e+01
  5.91705934493097e+01  1.96108755198948e+01
  6.07780425795481e+01  1.94059655075785e+01
  6.23908334251438e+01  1.92192808777734e+01
  6.40084938474388e+01  1.90494800901432e+01
  6.56305794745811e+01  1.88952032719862e+01
  6.72566777865558e+01  1.87551146457394e+01
  6.88864098473068e+01  1.86279336505003e+01
  7.05194302985833e+01  1.85124556055456e+01
  7.21554261676043e+01  1.84075636022996e+01
  7.37941149377781e+01  1.83122335946213e+01
  7.54352422215710e+01  1.82255345709822e+01
  7.70785792757400e+01  1.81466254136154e+01
  7.87239205190771e+01  1.80747497082065e+01
  8.03710811524229e+01  1.80092294397599e+01
  8.20198949375583e+01  1.79494582318061e+01
  8.36702121621586e+01  1.78948945672794e+01
  8.53218977988088e+01  1.78450552666585e+01
  8.69748298541843e+01  1.77995093831329e+01
  8.86288978976266e+01  1.77578725952042e+01
  9.02840017547850e+01  1.77198021248134e+01
  9.19400503505857e+01  1.76849921760545e+01
  9.35969606856883e+01  1.76531698698658e+01
  9.52546569312689e+01  1.76240916394183e+01
  9.69130696280533e+01  1.75975400461436e+01
  9.85721349768002e+01  1.75733209752947e+01
  1.00231794208748e+02  1.75512611711522e+01
  1.01891993025817e+02  1.75312060744920e+01
  1.03552681101554e+02  1.75130179280805e+01
  1.05213811634888e+02  1.74965741193628e+01
  1.06875340949728e+02  1.74817657328947e+01
  1.08537228134320e+02  1.74684962883180e+01
  1.10199434714981e+02  1.74566806426912e+01
  1.11861924359531e+02  1.74462440387519e+01
  1.13524662606254e+02  1.74371212831822e+01
  1.15187616614744e+02  1.74292560411942e+01
  1.16850754935360e+02  1.74226002357593e+01
  1.18514047294390e+02  1.74171135416105e+01
  1.20177464392297e+02  1.74127629657582e+01
  1.21840977712652e+02  1.74095225077226e+01
  1.23504559339574e+02  1.74073728940116e+01
  1.25168181781626e+02  1.74063013825907e+01
  1.26831817800246e+02  1.74063016342309e+01
  1.28495440240868e+02  1.74073736486877e+01
  1.30159021864932e+02  1.74095237647017e+01
  1.31822535181001e+02  1.74127647238195e+01
  1.33485952273198e+02  1.74171157990473e+01
  1.35149244625099e+02  1.74226029903810e+01
  1.36812382937171e+02  1.74292592903291e+01
  1.38475336935709e+02  1.74371250236812e+01
  1.40138075171079e+02  1.74462482669921e+01
  1.41800564802882e+02  1.74566853545812e+01
  1.43462771369412e+02  1.74685014793027e+01
  1.45124658538498e+02  1.74817713979613e+01
  1.46786187836468e+02  1.74965802530475e+01
  1.48447318351579e+02  1.75130245244753e+01
  1.50108006407754e+02  1.75312131272521e+01
  1.51768205203932e+02  1.75512686735039e+01
  1.53427864413676e+02  1.75733289200435e+01
  1.55086929738920e+02  1.75975484256825e+01
  1.56745342410919e+02  1.76241004457360e+01
  1.58403038630447e+02  1.76531790945548e+01
  1.60059948938250e+02  1.76850018103181e+01
  1.61715997505521e+02  1.77198121594721e+01
  1.63371101332944e+02  1.77578830207002e+01
  1.65025169345466e+02  1.77995201895320e+01
  1.66678101368766e+02  1.78450664436486e+01
  1.68329786972214e+02  1.78949061041645e+01
  1.69980104162524e+02  1.79494701174932e+01
  1.71628917912321e+02  1.80092416627377e+01
  1.73276078509333e+02  1.80747622565127e+01
  1.74921419715404e+02  1.81466382747892e+01
  1.76564756731453e+02  1.82255477319987e+01
  1.78205883976369e+02  1.83122470418024e+01
  1.79844572707032e+02  1.84075773211967e+01
  1.81480568536062e+02  1.85124695807894e+01
  1.83113588947063e+02  1.86279478656133e+01
  1.84743320967499e+02  1.87551290829081e+01
  1.86369419239429e+02  1.88952179117953e+01
  1.87991504827179e+02  1.90494949112803e+01
  1.89609165211207e+02  1.92192958567195e+01
  1.91221956020228e+02  1.94059806183128e+01
  1.92829405116261e+02  1.96108907336507e+01
  1.94431019622769e+02  1.98352963193912e+01
  1.96026296324492e+02  2.00803349947014e+01
  1.97614735536861e+02  2.03469476118209e+01
  1.99195857085520e+02  2.06358292137752e+01
  2.00769218210135e+02  2.09473910538123e+01
  2.02334433440975e+02  2.12817215214854e+01
  2.03891193590243e+02  2.16385643053983e+01
  2.05439282024915e+02  2.20173145877607e+01
  2.06978586591746e+02  2.24170318981404e+01
  2.08509106013005e+02  2.28364667416024e+01
  2.10030950201360e+02  2.32740972258202e+01
  2.11544334674482e+02  2.37281714852924e+01
  2.13049570052451e+02  2.41967508527430e+01
  2.14547048251282e+02  2.46777490624092e+01
  2.16037227305860e+02  2.51689650674188e+01
  2.17520617144189e+02  2.56681060735562e+01
  2.18997768645307e+02  2.61727978102378e+01
  2.20469268000207e+02  2.66805798745478e+01
  2.21935737780064e+02  2.71888849993172e+01
  2.23397845235109e+02  2.76950028299233e+01
  2.24856317356276e+02  2.81960310805034e+01
  2.26311961523213e+02  2.86888145698897e+01
  2.27765689536353e+02  2.91698744636087e+01
  2.29218541896447e+02  2.96353310972492e+01
  2.30671708552118e+02  3.00808237178346e+01
  2.32126542411376e+02  3.05014292327790e+01
  2.33584563148768e+02  3.08915789803343e+01
  2.35047451001424e+02  3.12449637979624e+01
  2.36517031623963e+02  3.15544174744918e+01
  2.37995252417874e+02  3.18117749202300e+01
  2.39484147547514e+02  3.20077006382774e+01
  2.40985783897513e+02  3.21314877553439e+01
  2.42502175088836e+02  3.21708267288535e+01
  2.44035150900543e+02  3.21115200754114e+01
  2.45586194984330e+02  3.19369888230686e+01
  2.47156386111475e+02  3.16270344352482e+01
  2.48746761895493e+02  3.11540828557253e+01
  2.50359361279596e+02  3.04715535097675e+01
  2.52000000000000e+02  2.94659281647458e+01
  0.00000000000000e+00  2.96092253102677e+01
  1.63734970508701e+00  3.06606317926354e+01
  3.24628177772018e+00  3.13798959588594e+01
  4.83320584626617e+00  3.18854493011170e+01
  6.40061814440472e+00  3.22266928978901e+01
  7.94991020331798e+00  3.24327598255506e+01
  9.48237404088005e+00  3.25245492189915e+01
  1.09995436738637e+01  3.25187551638007e+01
  1.25031760247071e+01  3.24293815048323e+01
  1.39951415141580e+01  3.22684272529745e+01
  1.54773317981727e+01  3.20462730193355e+01
  1.69515973285108e+01  3.17719564163182e+01
  1.84197070051957e+01  3.14533879623421e+01
  1.98833213622662e+01  3.10975248651411e+01
  2.13439741862286e+01  3.07105108409128e+01
  2.28030608510413e+01  3.02977897521009e+01
  2.42618336859641e+01  2.98641972943056e+01
  2.57214050472569e+01  2.94140397436106e+01
  2.71827578457867e+01  2.89511687536216e+01
  2.86467617304785e+01  2.84790535543182e+01
  3.01141921602306e+01  2.80008493708211e+01
  3.15857494393755e+01  2.75194596975943e+01
  3.30620752006099e+01  2.70375898409774e+01
  3.45437645226486e+01  2.65577899461538e+01
  3.60313727057764e+01  2.60824873094024e+01
  3.75254162921972e+01  2.56140054575773e+01
  3.90263687245250e+01  2.51545694987039e+01
  4.05346517467255e+01  2.47062987428573e+01
  4.20506241516525e+01  2.42711884476615e+01
  4.35745697442113e+01  2.38510832531288e+01
  4.51066863930845e+01  2.34476452347165e+01
  4.66470777291342e+01  2.30623185682336e+01
  4.81957488120901e+01  2.26962949029692e+01
  4.97526065859438e+01  2.23504837941090e+01
  5.13174652945202e+01  2.20254916895803e+01
  5.28900564406946e+01  2.17216125119367e+01
  5.44700423662628e+01  2.14388320479408e+01
  5.60570321685717e+01  2.11768470832525e+01
  5.76505985007775e+01  2.09350985136333e+01
  5.92502928464093e+01  2.07128017776033e+01
  6.08556594303079e+01  2.05089867401767e+01
  6.24662476446231e+01  2.03225519821364e+01
  6.40816217161080e+01  2.01523172950235e+01
  6.57013676011725e+01  1.99970704520039e+01
  6.73250973740447e+01  1.98556058327984e+01
  6.89524515306109e+01  1.97267540118012e+01
  7.05830996811476e+01  1.96094026358584e+01
  7.22167400812210e+01  1.95025096880406e+01
  7.38530983850129e+01  1.94051105839472e+01
  7.54919259256607e+01  1.93163205871666e+01
  7.71329977496888e+01  1.92353338844901e+01
  7.87761105658466e+01  1.91614204309392e+01
  8.04210807155047e+01  1.90939214276638e+01
  8.20677422317792e+01  1.90322440702029e+01
  8.37159450258274e+01  1.89758560167533e+01
  8.53655532189388e+01  1.89242798790604e+01
  8.70164436259040e+01  1.88770879286872e+01
  8.86685043868235e+01  1.88338971323645e+01
  9.03216337395709e+01  1.87943645751536e+01
  9.19757389224519e+01  1.87581832932015e+01
  9.36307351954405e+01  1.87250785139944e+01
  9.52865449681613e+01  1.86948042873598e+01
  9.69430970231624e+01  1.86671404821621e+01
  9.86003258237215e+01  1.86418901195942e+01
  1.00258170896294e+02  1.86188770127090e+01
  1.01916576278632e+02  1.85979436823220e+01
  1.03575490025519e+02  1.85789495209586e+01
  1.05234863764932e+02  1.85617691786278e+01
  1.06894652298238e+02  1.85462911465882e+01
  1.08554813238775e+02  1.85324165177132e+01
  1.10215306683791e+02  1.85200579044608e+01
  1.11876094915303e+02  1.85091384977254e+01
  1.13537142125921e+02  1.84995912519644e+01
  1.15198414166139e+02  1.84913581839402e+01
  1.16859878309934e+02  1.84843897741964e+01
  1.18521503035855e+02  1.84786444620041e+01
  1.20183257821039e+02  1.84740882259911e+01
  1.21845112945813e+02  1.84706942440113e+01
  1.23507039306729e+02  1.84684426270509e+01
  1.25169008236011e+02  1.84673202231143e+01
  1.26830991325501e+02  1.84673204881106e+01
  1.28492960253289e+02  1.84684434217809e+01
  1.30154886611219e+02  1.84706955676996e+01
  1.31816741731516e+02  1.84740900773459e+01
  1.33478496510737e+02  1.84786468392193e+01
  1.35140121229213e+02  1.84843926749532e+01
  1.36801585364088e+02  1.84913616054104e+01
  1.38462857393917e+02  1.84995951908132e+01
  1.40123904592686e+02  1.85091429501157e+01
  1.41784692810897e+02  1.85200628660574e+01
  1.43445186241173e+02  1.85324219836879e+01
  1.45105347165541e+02  1.85462971116255e+01
  1.46765135681261e+02  1.85617756369305e+01
  1.48424509401685e+02  1.85789564662548e+01
  1.50083423128198e+02  1.85979511078714e+01
  1.51741828488789e+02  1.86188849113099e+01
  1.53399673538261e+02  1.86418984835910e+01
  1.55056902314384e+02  1.86671493034519e+01
  1.56713454343634e+02  1.86948135573994e+01
  1.58369264089310e+02  1.87250882238064e+01
  1.60024260333983e+02  1.87581934333792e+01
  1.61678365487304e+02  1.87943751358649e+01
  1.63331494809275e+02  1.88339081033529e+01
  1.64983555538233e+02  1.88770992992704e+01
  1.66634445912089e+02  1.89242916381247e+01
  1.68284054070983e+02  1.89758681527420e+01
  1.69932256829753e+02  1.90322565710982e+01
  1.71578918309746e+02  1.90939342809588e+01
  1.73223888422184e+02  1.91614336235985e+01
  1.74867001200264e+02  1.92353474028951e+01
  1.76508072985453e+02  1.93163344170428e+01
  1.78146900486619e+02  1.94051247102683e+01
  1.79783258750434e+02  1.95025240949069e+01
  1.81416899110214e+02  1.96094173063448e+01
  1.83047547220364e+02  1.97267689277726e+01
  1.84674901336723e+02  1.98556209746919e+01
  1.86298631069905e+02  1.99970857985824e+01
  1.87918376916204e+02  2.01523328231095e+01
  1.89533750950338e+02  2.03225676663429e+01
  1.91144339129300e+02  2.05090025526613e+01
  1.92749705680515e+02  2.07128176878768e+01
  1.94349399996899e+02  2.09351144884605e+01
  1.95942966304131e+02  2.11768630866765e+01
  1.97529956086632e+02  2.14388480414536e+01
  1.99109941998462e+02  2.17216284548067e+01
  2.00682533137841e+02  2.20255075393220e+01
  2.02247391847356e+02  2.23504995070516e+01
  2.03804249630537e+02  2.26963104348821e+01
  2.05352920731682e+02  2.30623338749581e+01
  2.06893312095038e+02  2.34476602727652e+01
  2.08425428780356e+02  2.38510979802159e+01
  2.09949374418280e+02  2.42712028231424e+01
  2.11465346877052e+02  2.47063127280643e+01
  2.12973629960951e+02  2.51545830571767e+01
  2.14474582462052e+02  2.56140185551944e+01
  2.15968626123447e+02  2.60824999144318e+01
  2.17456234386815e+02  2.65578020292474e+01
  2.18937923793405e+02  2.70376013751406e+01
  2.20414249642539e+02  2.75194706581633e+01
  2.21885807011971e+02  2.80008597354831e+01
  2.23353237533410e+02  2.84790633032043e+01
  2.24817241510153e+02  2.89511778694955e+01
  2.26278594399973e+02  2.94140482121670e+01
  2.27738165850547e+02  2.98642051045762e+01
  2.29196938771350e+02  3.02977968969528e+01
  2.30656025517117e+02  3.07105173176090e+01
  2.32116678415494e+02  3.10975306759174e+01
  2.33580292838829e+02  3.14533931149542e+01
  2.35048402572147e+02  3.17719609245099e+01
  2.36522668148289e+02  3.20462769031846e+01
  2.38004858466539e+02  3.22684305390724e+01
  2.39496823978548e+02  3.24293842262355e+01
  2.41000456340979e+02  3.25187573596726e+01
  2.42517625976243e+02  3.25245509338548e+01
  2.44050089809446e+02  3.24327611081519e+01
  2.45599381860853e+02  3.22266937999613e+01
  2.47166794152052e+02  3.18854498769844e+01
  2.48753718217149e+02  3.13798962674881e+01
  2.50362650290912e+02  3.06606319030719e+01
  2.52000000000000e+02  2.96092253102677e+01
  0.00000000000000e+00  2.97614869035654e+01
  1.63403342578949e+00  3.08573965022418e+01
  3.23940636914766e+00  3.16128266501288e+01
  4.82307258800597e+00  3.21507076329055e+01
  6.38792908651747e+00  3.25230238872209e+01
  7.93566203185730e+00  3.27603144147834e+01
  9.46772987390382e+00  3.28841061386300e+01
  1.09856961946281e+01  3.29112096604930e+01
  1.24912462208026e+01  3.28554749797570e+01
  1.39861204421591e+01  3.27286390025787e+01
  1.54720535104245e+01  3.25407991805294e+01
  1.69507313047021e+01  3.23007289283290e+01
  1.84237622560754e+01  3.20161087537233e+01
  1.98926576752233e+01  3.16937038546760e+01
  2.13588179966926e+01  3.13395033277025e+01
  2.28235240651065e+01  3.09588317238864e+01
  2.42879338025160e+01  3.05564379933498e+01
  2.57530847304736e+01  3.01365703931536e+01
  2.72199021794595e+01  2.97030458637903e+01
  2.86892118786000e+01  2.92593155158398e+01
  3.01617548610034e+01  2.88085257332796e+01
  3.16382024341036e+01  2.83535733047276e+01
  3.31191692190271e+01  2.78971526659283e+01
  3.46052227885146e+01  2.74417939508875e+01
  3.60968891043702e+01  2.69898919166652e+01
  3.75946533935944e+01  2.65437235381105e+01
  3.90989567574589e+01  2.61054538627248e+01
  4.06101893830045e+01  2.56771310108767e+01
  4.21286816320952e+01  2.52606719229614e+01
  4.36546945045831e+01  2.48578410648640e+01
  4.51884109834274e+01  2.44702246091165e+01
  4.67299295133811e+01  2.40992017113016e+01
  4.82792606938157e+01  2.37459164284588e+01
  4.98363278685720e+01  2.34112540204586e+01
  5.14009717707422e+01  2.30958245368199e+01
  5.29729589083511e+01  2.27999561454308e+01
  5.45519929695055e+01  2.25236999178187e+01
  5.61377282335215e+01  2.22668467216074e+01
  5.77297838324506e+01  2.20289555208269e+01
  5.93277568190104e+01  2.18093778951619e+01
  6.09312342824043e+01  2.16072906718876e+01
  6.25398044467693e+01  2.14217420689415e+01
  6.41530655761764e+01  2.12516969723044e+01
  6.57706326049469e+01  2.10960781282605e+01
  6.73921416443281e+01  2.09538011097346e+01
  6.90172526616431e+01  2.08238020710402e+01
  7.06456506913062e+01  2.07050582844508e+01
  7.22770459382960e+01  2.05966021296841e+01
  7.39111730973652e+01  2.04975295738018e+01
  7.55477901558639e+01  2.04070042940052e+01
  7.71866768889994e+01  2.03242585426879e+01
  7.88276332021324e+01  2.02485917096484e+01
  8.04704774292045e+01  2.01793673576387e+01
  8.21150446604940e+01  2.01160093303654e+01
  8.37611851458971e+01  2.00579973755267e+01
  8.54087628003983e+01  2.00048625966835e+01
  8.70576538247545e+01  1.99561829470850e+01
  8.87077454452397e+01  1.99115789029019e+01
  9.03589347703649e+01  1.98707093983082e+01
  9.20111277588697e+01  1.98332680660557e+01
  9.36642382912531e+01  1.97989798006503e+01
  9.53181873361592e+01  1.97675976437347e+01
  9.69729022026843e+01  1.97388999802437e+01
  9.86283158698533e+01  1.97126880274101e+01
  1.00284366384969e+02  1.96887835953306e+01
  1.01940996323120e+02  1.96670270965209e+01
  1.03598152300779e+02  1.96472757819670e+01
  1.05255784537088e+02  1.96294021821061e+01
  1.06913846457048e+02  1.96132927325888e+01
  1.08572294331439e+02  1.95988465663560e+01
  1.10231086948819e+02  1.95859744553424e+01
  1.11890185315467e+02  1.95745978869071e+01
  1.13549552379532e+02  1.95646482618208e+01
  1.15209152776077e+02  1.95560662022785e+01
  1.16868952589987e+02  1.95488009599431e+01
  1.18528919134046e+02  1.95428099154481e+01
  1.20189020739689e+02  1.95380581621115e+01
  1.21849226558162e+02  1.95345181678323e+01
  1.23509506369980e+02  1.95321695102817e+01
  1.25169830400706e+02  1.95309986815661e+01
  1.26830169141173e+02  1.95309989595429e+01
  1.28490493170345e+02  1.95321703439395e+01
  1.30150772979057e+02  1.95345195563532e+01
  1.31810978792874e+02  1.95380601041337e+01
  1.33471080392316e+02  1.95428124090668e+01
  1.35131046928633e+02  1.95488040027129e+01
  1.36790846733269e+02  1.95560697912159e+01
  1.38450447119015e+02  1.95646523934072e+01
  1.40109814170766e+02  1.95746025570928e+01
  1.41768912523595e+02  1.95859796595505e+01
  1.43427705125665e+02  1.95988522994871e+01
  1.45086152983266e+02  1.96132989890262e+01
  1.46744214884974e+02  1.96294089557214e+01
  1.48401847101583e+02  1.96472830661256e+01
  1.50059003058113e+02  1.96670348840881e+01
  1.51715632973726e+02  1.96887918786779e+01
  1.53371683464914e+02  1.97126967984208e+01
  1.55027097106788e+02  1.97389092303188e+01
  1.56681811946677e+02  1.97676073637981e+01
  1.58335760963632e+02  1.97989899811527e+01
  1.59988871466778e+02  1.98332786969778e+01
  1.61641064424791e+02  1.98707204691614e+01
  1.63292253718207e+02  1.99115904027265e+01
  1.64942345305805e+02  1.99561948644453e+01
  1.66591236296141e+02  2.00048749196573e+01
  1.68238813915540e+02  2.00580100916902e+01
  1.69884954364818e+02  2.01160224267688e+01
  1.71529521559030e+02  2.01793808207732e+01
  1.73172365748152e+02  2.02486055254008e+01
  1.74813322022560e+02  2.03242726962798e+01
  1.76452208716311e+02  2.04070187699147e+01
  1.78088825734904e+02  2.04975443556637e+01
  1.79722952853716e+02  2.05966172001659e+01
  1.81354348060299e+02  2.07050736251016e+01
  1.82982746049654e+02  2.08238176621123e+01
  1.84607857027058e+02  2.09538169299784e+01
  1.86229366027282e+02  2.10960941546980e+01
  1.87846933018080e+02  2.12517131799930e+01
  1.89460194111201e+02  2.14217584307419e+01
  1.91068764241555e+02  2.16073071582623e+01
  1.92672241673879e+02  2.18093944740289e+01
  1.94270214633055e+02  2.20289721575008e+01
  1.95862270209092e+02  2.22668633788523e+01
  1.97448005455548e+02  2.25237165560296e+01
  1.99027039505319e+02  2.27999727229512e+01
  2.00599026638527e+02  2.30958410103830e+01
  2.02163670543997e+02  2.34112703457153e+01
  2.03720737730345e+02  2.37459325605561e+01
  2.05270068931082e+02  2.40992176054700e+01
  2.06811587490269e+02  2.44702402212305e+01
  2.08345304007278e+02  2.48578563519451e+01
  2.09871316926644e+02  2.52606868436019e+01
  2.11389809230906e+02  2.56771455255732e+01
  2.12901041919315e+02  2.61054679341182e+01
  2.14405345352994e+02  2.65437371311394e+01
  2.15903109718141e+02  2.69899049986477e+01
  2.17394776115117e+02  2.74418064915540e+01
  2.18880829769978e+02  2.78971646374326e+01
  2.20361796643560e+02  2.83535846816659e+01
  2.21838244307618e+02  2.88085364927474e+01
  2.23310787382257e+02  2.92593256375533e+01
  2.24780097173838e+02  2.97030553302905e+01
  2.26246914714306e+02  3.01365791901054e+01
  2.27712065731519e+02  3.05564461099324e+01
  2.29176475554568e+02  3.09588391532602e+01
  2.30641181703516e+02  3.13395100675246e+01
  2.32107342098865e+02  3.16937099076251e+01
  2.33576237583719e+02  3.20161141279931e+01
  2.35049268591249e+02  3.23007336380454e+01
  2.36527946431043e+02  3.25408032460526e+01
  2.38013879533531e+02  3.27286424506481e+01
  2.39508753777763e+02  3.28554778434270e+01
  2.41014303816172e+02  3.29112119787952e+01
  2.42532270140078e+02  3.28841079559098e+01
  2.44064337978768e+02  3.27603157797338e+01
  2.45612070917493e+02  3.25230248518909e+01
  2.47176927409670e+02  3.21507082525258e+01
  2.48760593625374e+02  3.16128269852153e+01
  2.50365966570004e+02  3.08573966241090e+01
  2.52000000000000e+02  2.97614869035654e+01
  0.00000000000000e+00  2.99232467502468e+01
  1.63069295439250e+00  3.10623704214521e+01
  3.23261519272821e+00  3.18533801254025e+01
  4.81321037198204e+00  3.24232935216931e+01
  6.37572114351293e+00  3.28264482716178e+01
  7.92207492091040e+00  3.30946468752757e+01
  9.45385651555176e+00  3.32499775768410e+01
  1.09726414134856e+01  3.33093656753374e+01
  1.24800438293239e+01  3.32865392132504e+01
  1.39776853672205e+01  3.31930138633926e+01
  1.54671592258596e+01  3.30386416477174e+01
  1.69500033447915e+01  3.28319623008506e+01
  1.84276815848489e+01  3.25804493244441e+01
  1.99015702164001e+01  3.22906923603129e+01
  2.13729481643396e+01  3.19685368153358e+01
  2.28429907953166e+01  3.16191940448824e+01
  2.43127676702529e+01  3.12473280596066e+01
  2.57832446588958e+01  3.08571271943440e+01
  2.72552903413470e+01  3.04523689433030e+01
  2.87296857622015e+01  3.00364798546213e+01
  3.02071360049019e+01  2.96125905283975e+01
  3.16882818660077e+01  2.91835847521376e+01
  3.31737100620930e+01  2.87521414203995e+01
  3.46639607922723e+01  2.83207683537660e+01
  3.61595320133222e+01  2.78918283102334e+01
  3.76608801168368e+01  2.74675552665634e+01
  3.91684172283379e+01  2.70500606424554e+01
  4.06825058138161e+01  2.66413302646516e+01
  4.22034516077733e+01  2.62432134643348e+01
  4.37314960602930e+01  2.58574062181109e+01
  4.52668095150367e+01  2.54854304920458e+01
  4.68094861202404e+01  2.51286110837051e+01
  4.83595413544840e+01  2.47880530265915e+01
  4.99169127341216e+01  2.44646227705865e+01
  5.14814638442771e+01  2.41589355470174e+01
  5.30529914566360e+01  2.38713509095951e+01
  5.46312351693015e+01  2.36019777928919e+01
  5.62158887668568e+01  2.33506895477689e+01
  5.78066123787024e+01  2.31171483387652e+01
  5.94030436915506e+01  2.29008250056751e+01
  6.10048085113238e+01  2.27010259164987e+01
  6.26115306562713e+01  2.25169324219670e+01
  6.42228401060925e+01  2.23476400542303e+01
  6.58383792873289e+01  2.21921948296251e+01
  6.74578075671224e+01  2.20496247918745e+01
  6.90808041570258e+01  2.19189658044726e+01
  7.07070696959047e+01  2.17992813817681e+01
  7.23363267977457e+01  2.16896769290489e+01
  7.39683198325757e+01  2.15893091152887e+01
  7.56028141721039e+01  2.14973912565768e+01
  7.72395950880376e+01  2.14131955974154e+01
  7.88784664480687e+01  2.13360532970919e+01
  8.05192493165148e+01  2.12653528050910e+01
  8.21617805352083e+01  2.12005371749117e+01
  8.38059113355971e+01  2.11411007387485e+01
  8.54515060144416e+01  2.10865854556916e+01
  8.70984406919533e+01  2.10365771564289e+01
  8.87466021616611e+01  2.09907018372682e+01
  9.03958868347590e+01  2.09486221032434e+01
  9.20461997773929e+01  2.09100338211020e+01
  9.36974538366575e+01  2.08746630151370e+01
  9.53495688495192e+01  2.08422630194831e+01
  9.70024709281025e+01  2.08126118874951e+01
  9.86560918145181e+01  2.07855100504312e+01
  1.00310368298487e+02  2.07607782125734e+01
  1.01965241691295e+02  2.07382554671298e+01
  1.03620657350010e+02  2.07177976160640e+01
  1.05276564246356e+02  2.06992756768458e+01
  1.06932914575089e+02  2.06825745596624e+01
  1.08589663397217e+02  2.06675918995762e+01
  1.10246768313811e+02  2.06542370293195e+01
  1.11904189166578e+02  2.06424300797194e+01
  1.13561887761740e+02  2.06321011960994e+01
  1.15219827614069e+02  2.06231898603324e+01
  1.16877973708246e+02  2.06156443095075e+01
  1.18536292274947e+02  2.06094210433975e+01
  1.20194750579272e+02  2.06044844140745e+01
  1.21853316719336e+02  2.06008062921083e+01
  1.23511959432964e+02  2.05983658048153e+01
  1.25170647910577e+02  2.05971491429989e+01
  1.26829351612429e+02  2.05971494335513e+01
  1.28488040088432e+02  2.05983666761862e+01
  1.30146682798843e+02  2.06008077434382e+01
  1.31805248934083e+02  2.06044864439321e+01
  1.33463707231985e+02  2.06094236497809e+01
  1.35122025790668e+02  2.06156474898460e+01
  1.36780171875241e+02  2.06231936114893e+01
  1.38438111716389e+02  2.06321055143743e+01
  1.40095810298804e+02  2.06424349608521e+01
  1.41753231137271e+02  2.06542424684939e+01
  1.43410336038025e+02  2.06675978914243e+01
  1.45067084842790e+02  2.06825810982691e+01
  1.46723435152653e+02  2.06992827557537e+01
  1.48379342028642e+02  2.07178052282786e+01
  1.50034757665535e+02  2.07382636051245e+01
  1.51689631035077e+02  2.07607868682945e+01
  1.53343907494361e+02  2.07855192153032e+01
  1.54997528354700e+02  2.08126215524240e+01
  1.56650430405843e+02  2.08422731748608e+01
  1.58302545389935e+02  2.08746736508430e+01
  1.59953799419135e+02  2.09100449265041e+01
  1.61604112330448e+02  2.09486336671958e+01
  1.63253396971011e+02  2.09907138481070e+01
  1.64901558407020e+02  2.10365896019630e+01
  1.66548493049722e+02  2.10865983231894e+01
  1.68194087692709e+02  2.11411140149172e+01
  1.69838218456264e+02  2.12005508458691e+01
  1.71480749637228e+02  2.12653668563275e+01
  1.73121532467146e+02  2.13360677134198e+01
  1.74760403787963e+02  2.14132103629038e+01
  1.76397184664131e+02  2.14974063544692e+01
  1.78031678963498e+02  2.15893245279013e+01
  1.79663671957963e+02  2.16896926376460e+01
  1.81292929019458e+02  2.17992973664149e+01
  1.82919194518278e+02  2.19189820438650e+01
  1.84542191068731e+02  2.20496412631479e+01
  1.86161619310057e+02  2.21922115081495e+01
  1.87777158454252e+02  2.23476569134017e+01
  1.89388467868972e+02  2.25169494330111e+01
  1.90995189981344e+02  2.27010430483072e+01
  1.92596954771724e+02  2.29008422246989e+01
  1.94193386059082e+02  2.31171656089885e+01
  1.95784109650110e+02  2.33507068307844e+01
  1.97368763232312e+02  2.36019950480900e+01
  1.98947006935876e+02  2.38713680944719e+01
  2.00518534546125e+02  2.41589526175895e+01
  2.02083085661819e+02  2.44646396818837e+01
  2.03640457055175e+02  2.47880697331940e+01
  2.05190512311686e+02  2.51286275402900e+01
  2.06733188947893e+02  2.54854466539140e+01
  2.08268502442359e+02  2.58574220416639e+01
  2.09796546943103e+02  2.62432289074840e+01
  2.11317492793380e+02  2.66413452871491e+01
  2.12831581442697e+02  2.70500752061426e+01
  2.14339118624846e+02  2.74675693355439e+01
  2.15840466805001e+02  2.78918418509825e+01
  2.17336038107798e+02  2.83207813351976e+01
  2.18826288923892e+02  2.87521538139141e+01
  2.20311717209093e+02  2.91835965316775e+01
  2.21792863161510e+02  2.96126016705348e+01
  2.23270313496674e+02  3.00364903387016e+01
  2.24744709010042e+02  3.04523787516610e+01
  2.26216754783875e+02  3.08571363125994e+01
  2.27687231861488e+02  3.12473364770373e+01
  2.29157008821612e+02  3.16192017548595e+01
  2.30627051532544e+02  3.19685438157967e+01
  2.32098429553723e+02  3.22906986542381e+01
  2.33572318250369e+02  3.25804549203008e+01
  2.35049996546098e+02  3.28319672129655e+01
  2.36532840710282e+02  3.30386458965405e+01
  2.38022314603176e+02  3.31930174756166e+01
  2.39519956164319e+02  3.32865422217411e+01
  2.41027358593087e+02  3.33093681188273e+01
  2.42546143495144e+02  3.32499794993538e+01
  2.44077925087462e+02  3.30946483253231e+01
  2.45624278859168e+02  3.28264493014322e+01
  2.47186789625005e+02  3.24232941872517e+01
  2.48767384801432e+02  3.18533804885943e+01
  2.50369307041193e+02  3.10623705556698e+01
  2.52000000000000e+02  2.99232467502468e+01
  0.00000000000000e+00  3.00950668981247e+01
  1.62733197538359e+00  3.12760990088780e+01
  3.22591234733712e+00  3.21020830489388e+01
  4.80361670926412e+00  3.27037119281107e+01
  6.36397996850118e+00  3.31374524430296e+01
  7.90912276060233e+00  3.34362374989717e+01
  9.44072191484566e+00  3.36226556001887e+01
  1.09603498545727e+01  3.37137424898659e+01
  1.24695502071880e+01  3.37231297455418e+01
  1.39698349759311e+01  3.36621463013940e+01
  1.54626692383108e+01  3.35404317165423e+01
  1.69494574771777e+01  3.33663195623866e+01
  1.84315330064090e+01  3.31470977107654e+01
  1.99101497076292e+01  3.28891960001445e+01
  2.13864756969533e+01  3.25983270030914e+01
  2.28615892237668e+01  3.22795954219283e+01
  2.43364773331349e+01  3.19375830315182e+01
  2.58120376808320e+01  3.15764176584333e+01
  2.72890835211754e+01  3.11998342290622e+01
  2.87683512204559e+01  3.08112300111250e+01
  3.02505091703399e+01  3.04137145246173e+01
  3.17361667974163e+01  3.00101536600644e+01
  3.32258824508826e+01  2.96032071215377e+01
  3.47201692384546e+01  2.91953586666126e+01
  3.62194983021481e+01  2.87889396300249e+01
  3.77242992710375e+01  2.83861440599919e+01
  3.92349580560056e+01  2.79890352179615e+01
  4.07518125278375e+01  2.75995441698344e+01
  4.22751468854845e+01  2.72194616892051e+01
  4.38051856722276e+01  2.68504251265559e+01
  4.53420884123399e+01  2.64939020947082e+01
  4.68859456677861e+01  2.61511719876428e+01
  4.84367772331208e+01  2.58233079776070e+01
  4.99945329378859e+01  2.55111622514826e+01
  5.15590961814353e+01  2.52153564851272e+01
  5.31302900212767e+01  2.49362791753518e+01
  5.47078853717737e+01  2.46740908888235e+01
  5.62916106770449e+01  2.44287377581212e+01
  5.78811623201262e+01  2.41999726951977e+01
  5.94762142721213e+01  2.39873715682614e+01
  6.10764273109888e+01  2.37903554242993e+01
  6.26814578301908e+01  2.36082244220457e+01
  6.42909652607936e+01  2.34401919015421e+01
  6.59046179680872e+01  2.32854164215187e+01
  6.75220976412989e+01  2.31430301579350e+01
  6.91431023082672e+01  2.30121627171077e+01
  7.07673481732237e+01  2.28919600362334e+01
  7.23945705015213e+01  2.27815985331247e+01
  7.40245237711159e+01  2.26802949918618e+01
  7.56569812882358e+01  2.25873128412821e+01
  7.72917344335010e+01  2.25019655318300e+01
  7.89285916715608e+01  2.24236176829746e+01
  8.05673774262726e+01  2.23516845938461e+01
  8.22079308966140e+01  2.22856306109753e+01
  8.38501048666062e+01  2.22249667468692e+01
  8.54937645453467e+01  2.21692478518035e+01
  8.71387864602559e+01  2.21180695632923e+01
  8.87850574170867e+01  2.20710651943258e+01
  9.04324735334333e+01  2.20279026717842e+01
  9.20809393477503e+01  2.19882815986159e+01
  9.37303670027341e+01  2.19519304853373e+01
  9.53806754998966e+01  2.19186041761340e+01
  9.70317900209576e+01  2.18880814805592e+01
  9.86836413110449e+01  2.18601630120449e+01
  1.00336165118441e+02  2.18346692280086e+01
  1.01989301685628e+02  2.18114386623157e+01
  1.03642995286542e+02  2.17903263385681e+01
  1.05297193805230e+02  2.17712023516070e+01
  1.06951848351414e+02  2.17539506043595e+01
  1.08606912908797e+02  2.17384676874522e+01
  1.10262344012298e+02  2.17246618896601e+01
  1.11918100450721e+02  2.17124523281190e+01
  1.13574142991662e+02  2.17017681882031e+01
  1.15230434125733e+02  2.16925480640009e+01
  1.16886937827450e+02  2.16847393913596e+01
  1.18543619330309e+02  2.16782979664912e+01
  1.20200444913813e+02  2.16731875441245e+01
  1.21857381700328e+02  2.16693795101436e+01
  1.23514397459821e+02  2.16668526245651e+01
  1.25171460420606e+02  2.16655928315859e+01
  1.26828539084322e+02  2.16655931342809e+01
  1.28485602043444e+02  2.16668535323501e+01
  1.30142617799616e+02  2.16693810221182e+01
  1.31799554581152e+02  2.16731896587890e+01
  1.33456380158026e+02  2.16783006817479e+01
  1.35113061652611e+02  2.16847427045146e+01
  1.36769565344419e+02  2.16925519717660e+01
  1.38425856466956e+02  2.17017726866989e+01
  1.40081898994750e+02  2.17124574128779e+01
  1.41737655418428e+02  2.17246675556296e+01
  1.43393086505602e+02  2.17384739289990e+01
  1.45048151045094e+02  2.17539574152736e+01
  1.46702805571844e+02  2.17712097251056e+01
  1.48357004069574e+02  2.17903342673003e+01
  1.50010697648033e+02  2.18114471383665e+01
  1.51663834191292e+02  2.18346782429030e+01
  1.53316357973318e+02  2.18601725567513e+01
  1.54968209236624e+02  2.18880915454924e+01
  1.56619323729525e+02  2.19186147511567e+01
  1.58269632197188e+02  2.19519415597605e+01
  1.59919059821374e+02  2.19882931611973e+01
  1.61567525603640e+02  2.20279147107233e+01
  1.63214941686735e+02  2.20710776972568e+01
  1.64861212609168e+02  2.21180825172719e+01
  1.66506234488600e+02  2.21692612432934e+01
  1.68149894130854e+02  2.22249805617120e+01
  1.69792068063435e+02  2.22856448343624e+01
  1.71432621495536e+02  2.23516992102748e+01
  1.73071407211287e+02  2.24236326761941e+01
  1.74708264409795e+02  2.25019808847730e+01
  1.76343017515067e+02  2.25873285359799e+01
  1.77975474991929e+02  2.26803110093419e+01
  1.79605428221209e+02  2.27816148532884e+01
  1.81232650509377e+02  2.28919766377139e+01
  1.82856896334678e+02  2.30121795771094e+01
  1.84477900962800e+02  2.31430472520581e+01
  1.86095380598366e+02  2.32854337235748e+01
  1.87709033269667e+02  2.34402093833733e+01
  1.89318540666447e+02  2.36082420533594e+01
  1.90923571154576e+02  2.37903731725389e+01
  1.92523784165765e+02  2.39873893985327e+01
  1.94118836094170e+02  2.41999905702701e+01
  1.95708387718481e+02  2.44287556385214e+01
  1.97292113010548e+02  2.46741087330288e+01
  1.98869708354137e+02  2.49362969400883e+01
  2.00440902194049e+02  2.52153741257622e+01
  2.02005465445245e+02  2.55111797224848e+01
  2.03563221165708e+02  2.58233252330468e+01
  2.05114052755121e+02  2.61511889817042e+01
  2.06657910043180e+02  2.64939187821829e+01
  2.08194812824407e+02  2.68504414632977e+01
  2.09724851660550e+02  2.72194776325251e+01
  2.11248186075485e+02  2.75995596788287e+01
  2.12765040611942e+02  2.79890502537672e+01
  2.14275699468185e+02  2.83861585859768e+01
  2.15780500514210e+02  2.87889536119213e+01
  2.17279829660030e+02  2.91953720726147e+01
  2.18774116533796e+02  2.96032199223808e+01
  2.20263832276554e+02  3.00101658291111e+01
  2.21749489995006e+02  3.04137260379718e+01
  2.23231648037292e+02  3.08112408477939e+01
  2.24710915828881e+02  3.11998443711777e+01
  2.26187961760248e+02  3.15764270915430e+01
  2.27663522196411e+02  3.19375917449395e+01
  2.29138410390337e+02  3.22796034091529e+01
  2.30613523996395e+02  3.25983342622180e+01
  2.32089850058238e+02  3.28892025343119e+01
  2.33568466823906e+02  3.31471035285508e+01
  2.35050542408325e+02  3.33663246781391e+01
  2.36537330692208e+02  3.35404361506154e+01
  2.38030164988919e+02  3.36621500802471e+01
  2.39530449781326e+02  3.37231329016742e+01
  2.41039650147609e+02  3.37137450615498e+01
  2.42559278092433e+02  3.36226576309837e+01
  2.44090877245410e+02  3.34362390370770e+01
  2.45636020032769e+02  3.31374535407212e+01
  2.47196383286988e+02  3.27037126419481e+01
  2.48774087646445e+02  3.21020834419995e+01
  2.50372668019991e+02  3.12760991564337e+01
  2.52000000000000e+02  3.00950668981247e+01
  0.00000000000000e+00  3.02775386608829e+01
  1.62395478831183e+00  3.14991518799169e+01
  3.21930270168836e+00  3.23594844834608e+01
  4.79429030717960e+00  3.29924889782883e+01
  6.35269338833463e+00  3.34565424382374e+01
  7.89678266805246e+00  3.37855832576235e+01
  9.42829753423618e+00  3.40026437560245e+01
  1.09487946963280e+01  3.41248640251564e+01
  1.24597475095314e+01  3.41657994770772e+01
  1.39625662630311e+01  3.41366214252255e+01
  1.54585994012433e+01  3.40467857392139e+01
  1.69491305924233e+01  3.39044445537311e+01
  1.84353749849610e+01  3.37167198541767e+01
  1.99184753606970e+01  3.34898966266841e+01
  2.13994986946782e+01  3.32295652542519e+01
  2.28794338252406e+01  3.29407305909889e+01
  2.43591908782792e+01  3.26278955656996e+01
  2.58396028636023e+01  3.22951279645004e+01
  2.73214295551850e+01  3.19461183411818e+01
  2.88053632322883e+01  3.15842313980466e+01
  3.02920354689776e+01  3.12125516688675e+01
  3.17820239951242e+01  3.08339234535006e+01
  3.32758586930771e+01  3.04509845137560e+01
  3.47740260052359e+01  3.00661933046316e+01
  3.62769713586827e+01  2.96818503894601e+01
  3.77850993881925e+01  2.93001125920080e+01
  3.92987720826699e+01  2.89229997085904e+01
  4.08183052836007e+01  2.85523944534617e+01
  4.23439641778438e+01  2.81900367138398e+01
  4.38759585503939e+01  2.78375135503742e+01
  4.54144385766083e+01  2.74962465278268e+01
  4.69594917895365e+01  2.71674771580822e+01
  4.85111418061381e+01  2.68522527382170e+01
  5.00693491998292e+01  2.65514149580414e+01
  5.16340146273465e+01  2.62655929364005e+01
  5.32049840740855e+01  2.59952020080925e+01
  5.47820558689699e+01  2.57404491046109e+01
  5.63649889625142e+01  2.55013449704483e+01
  5.79535118754188e+01  2.52777227645232e+01
  5.95473310275130e+01  2.50692513116682e+01
  6.11461387964649e+01  2.48754535977765e+01
  6.27496213569684e+01  2.46957361217275e+01
  6.43574654177629e+01  2.45294186275867e+01
  6.59693637109144e+01  2.43757624317017e+01
  6.75850192165734e+01  2.42339959682148e+01
  6.92041482040091e+01  2.41033366771241e+01
  7.08264822320015e+01  2.39830088488986e+01
  7.24517692817596e+01  2.38722574464409e+01
  7.40797742005117e+01  2.37703582148827e+01
  7.57102786220268e+01  2.36766245608547e+01
  7.73430805090450e+01  2.35904117544282e+01
  7.89779934376219e+01  2.35111190061375e+01
  8.06148457185814e+01  2.34381899253322e+01
  8.22534794288100e+01  2.33711117966837e+01
  8.38937494060364e+01  2.33094140348330e+01
  8.55355222452346e+01  2.32526661029176e+01
  8.71786753226336e+01  2.32004751144982e+01
  8.88230958640802e+01  2.31524832824673e+01
  9.04686800676523e+01  2.31083653331135e+01
  9.21153322854879e+01  2.30678259678111e+01
  9.37629642663257e+01  2.30305974274463e+01
  9.54114944578980e+01  2.29964371942299e+01
  9.70608473667754e+01  2.29651258505843e+01
  9.87109529723249e+01  2.29364651041002e+01
  1.00361746190913e+02  2.29102759801398e+01
  1.02013166386260e+02  2.28863971786767e+01
  1.03665156921823e+02  2.28646835887788e+01
  1.05317664751164e+02  2.28450049522614e+01
  1.06970640042467e+02  2.28272446670848e+01
  1.08624035833561e+02  2.28112987207685e+01
  1.10277807714048e+02  2.27970747442385e+01
  1.11931913531413e+02  2.27844911769578e+01
  1.13586313118180e+02  2.27734765348174e+01
  1.15240968037449e+02  2.27639687729999e+01
  1.16895841344323e+02  2.27559147368237e+01
  1.18550897360926e+02  2.27492696943996e+01
  1.20206101462892e+02  2.27439969457535e+01
  1.21861419875317e+02  2.27400675038858e+01
  1.23516819476291e+02  2.27374598440307e+01
  1.25172267606253e+02  2.27361597181615e+01
  1.26827731881420e+02  2.27361600325391e+01
  1.28483180009671e+02  2.27374607868500e+01
  1.30138579607228e+02  2.27400690742063e+01
  1.31793898014531e+02  2.27439991420084e+01
  1.33449102109678e+02  2.27492725143971e+01
  1.35104158117772e+02  2.27559181777486e+01
  1.36759031414455e+02  2.27639728314155e+01
  1.38413686321866e+02  2.27734812066681e+01
  1.40068085895121e+02  2.27844964575718e+01
  1.41722191697335e+02  2.27970806283310e+01
  1.43375963561051e+02  2.28113052024448e+01
  1.45029359333774e+02  2.28272517398441e+01
  1.46682334605129e+02  2.28450126090003e+01
  1.48334842412969e+02  2.28646918217945e+01
  1.49986832925505e+02  2.28864059796708e+01
  1.51638253096332e+02  2.29102853402209e+01
  1.53289046288936e+02  2.29364750137859e+01
  1.54939151867075e+02  2.29651362998030e+01
  1.56588504747156e+02  2.29964481723206e+01
  1.58237034908587e+02  2.30306089231568e+01
  1.59884666857989e+02  2.30678379692943e+01
  1.61531319043144e+02  2.31083778279201e+01
  1.63176903212852e+02  2.31524962575360e+01
  1.64821323719316e+02  2.32004885561403e+01
  1.66464476760686e+02  2.32526799967962e+01
  1.68106249562894e+02  2.33094283659359e+01
  1.69746519502261e+02  2.33711265492873e+01
  1.71385153173871e+02  2.34382050829559e+01
  1.73022005415576e+02  2.35111345514864e+01
  1.74656918304405e+02  2.35904276693226e+01
  1.76289720151349e+02  2.36766408261447e+01
  1.77920224532654e+02  2.37703748103461e+01
  1.79548229411287e+02  2.38722743506650e+01
  1.81173516421274e+02  2.39830260391446e+01
  1.82795850410149e+02  2.41033541291777e+01
  1.84414979359468e+02  2.42340136562263e+01
  1.86030634828414e+02  2.43757803280225e+01
  1.87642533086714e+02  2.45294367026133e+01
  1.89250377115035e+02  2.46957543437657e+01
  1.90853859646015e+02  2.48754719329416e+01
  1.92452667389020e+02  2.50692697238396e+01
  1.94046486519410e+02  2.52777412153682e+01
  1.95635009415549e+02  2.55013634195300e+01
  1.97217942497965e+02  2.57404675095840e+01
  1.98795014288037e+02  2.59952203249919e+01
  2.00365983736907e+02  2.62656111200129e+01
  2.01930649174040e+02  2.65514329623366e+01
  2.03488856585261e+02  2.68522705168161e+01
  2.05040506627593e+02  2.71674946647367e+01
  2.06585559874580e+02  2.74962637168853e+01
  2.08124039943134e+02  2.78375303772146e+01
  2.09656034366086e+02  2.81900531352519e+01
  2.11181693318408e+02  2.85524104279713e+01
  2.12701226584561e+02  2.89230151967210e+01
  2.14214899350739e+02  2.93001275564850e+01
  2.15723027457662e+02  2.96818647953661e+01
  2.17225972893385e+02  3.00662071195286e+01
  2.18724140291770e+02  3.04509977077926e+01
  2.20217975078931e+02  3.08339359995237e+01
  2.21707963696256e+02  3.12125635425573e+01
  2.23194636025025e+02  3.15842425780915e+01
  2.24678569793986e+02  3.19461288095043e+01
  2.26160396576014e+02  3.22951377065398e+01
  2.27640808649108e+02  3.26279045707464e+01
  2.29120565785926e+02  3.29407388525598e+01
  2.30600500994919e+02  3.32295727704859e+01
  2.32081524400638e+02  3.34899034007339e+01
  2.33564624840151e+02  3.37167258945684e+01
  2.35050869287401e+02  3.39044498746622e+01
  2.36541400523391e+02  3.40467903607616e+01
  2.38037433696051e+02  3.41366253734364e+01
  2.39540252473673e+02  3.41658027839134e+01
  2.41051205301317e+02  3.41248667282724e+01
  2.42571702469504e+02  3.40026458983733e+01
  2.44103217335499e+02  3.37855848869555e+01
  2.45647306611448e+02  3.34565436067254e+01
  2.47205709688290e+02  3.29924897429020e+01
  2.48780697291697e+02  3.23594849082734e+01
  2.50376045206848e+02  3.14991520418690e+01
  2.52000000000000e+02  3.02775386608829e+01
  0.00000000000000e+00  3.04712836122360e+01
  1.62056631123623e+00  3.17321243398473e+01
  3.21279187934478e+00  3.26261570953029e+01
  4.78523101158639e+00  3.32901728016445e+01
  6.34185123210145e+00  3.37842445162596e+01
  7.88503467981185e+00  3.41431983783210e+01
  9.41655802798986e+00  3.43904580246505e+01
  1.09379516162346e+01  3.45432603995551e+01
  1.24506188331262e+01  3.46151008163525e+01
  1.39558750286483e+01  3.46170175487279e+01
  1.54549619689631e+01  3.45583078728871e+01
  1.69490535758769e+01  3.44469646486690e+01
  1.84392577802406e+01  3.42899621232250e+01
  1.99266163441878e+01  3.40934545207126e+01
  2.14121038366785e+01  3.38629203650991e+01
  2.28966267761805e+01  3.36032715925634e+01
  2.43810236887370e+01  3.33189361843241e+01
  2.58660665447781e+01  3.30139231882436e+01
  2.73524637701992e+01  3.26918780507312e+01
  2.88408645849621e+01  3.23561308083952e+01
  3.03318640991622e+01  3.20097382696410e+01
  3.18260084461651e+01  3.16555204750887e+01
  3.33237992435345e+01  3.12960912730213e+01
  3.48256968254183e+01  3.09338830373527e+01
  3.63321219485607e+01  3.05711663096898e+01
  3.78434557933539e+01  3.02100631175690e+01
  3.93600383562936e+01  2.98525538581215e+01
  4.08821655742943e+01  2.95004783764739e+01
  4.24100856926855e+01  2.91555321944812e+01
  4.39439954887779e+01  2.88192591401751e+01
  4.54840369749525e+01  2.84930417357148e+01
  4.70302950846314e+01  2.81780899293545e+01
  4.85827968147944e+01  2.78754301431389e+01
  5.01415121439976e+01  2.75858966817695e+01
  5.17063568176857e+01  2.73101268812703e+01
  5.32771968968224e+01  2.70485610797773e+01
  5.48538547938755e+01  2.68014480866461e+01
  5.64361163916477e+01  2.65688563300829e+01
  5.80237387672709e+01  2.63506903034140e+01
  5.96164574034974e+01  2.61467014873186e+01
  6.12139932454734e+01  2.59565038325948e+01
  6.28160596771855e+01  2.57795992935999e+01
  6.44223686221179e+01  2.56154038839524e+01
  6.60326356238608e+01  2.54632727813659e+01
  6.76465838674180e+01  2.53225233070610e+01
  6.92639471851124e+01  2.51924549857987e+01
  7.08844721478029e+01  2.50723662794093e+01
  7.25079193736196e+01  2.49615679222711e+01
  7.41340641970694e+01  2.48593930401766e+01
  7.57626968370122e+01  2.47652043971931e+01
  7.73936221883877e+01  2.46783991981210e+01
  7.90266593443612e+01  2.45984118950221e+01
  8.06616409361671e+01  2.45247154249249e+01
  8.22984123594868e+01  2.44568212597894e+01
  8.39368309398921e+01  2.43942785926965e+01
  8.55767650761618e+01  2.43366729252826e+01
  8.72180933891744e+01  2.42836242663326e+01
  8.88607038953573e+01  2.42347851030506e+01
  9.05044932170088e+01  2.41898382659121e+01
  9.21493658368310e+01  2.41484947750359e+01
  9.37952334003876e+01  2.41104917300053e+01
  9.54420140676168e+01  2.40755902850071e+01
  9.70896319127540e+01  2.40435737360305e+01
  9.87380163708303e+01  2.40142457356811e+01
  1.00387101728170e+02  2.39874286430857e+01
  1.02036826653873e+02  2.39629620106677e+01
  1.03687133769072e+02  2.39407012056865e+01
  1.05337969250679e+02  2.39205161619000e+01
  1.06989282466405e+02  2.39022902551651e+01
  1.08641025637934e+02  2.38859192959690e+01
  1.10293153529289e+02  2.38713106315798e+01
  1.11945623157591e+02  2.38583823505502e+01
  1.13598393523609e+02  2.38470625826096e+01
  1.15251425359634e+02  2.38372888874388e+01
  1.16904680892411e+02  2.38290077263848e+01
  1.18558123618991e+02  2.38221740117989e+01
  1.20211718093511e+02  2.38167507293428e+01
  1.21865429723012e+02  2.38127086292798e+01
  1.23519224570527e+02  2.38100259834440e+01
  1.25173069163734e+02  2.38086884052583e+01
  1.26826930307535e+02  2.38086887308329e+01
  1.28480774898988e+02  2.38100269598413e+01
  1.30134569742998e+02  2.38127102555199e+01
  1.31788281367247e+02  2.38167530037932e+01
  1.33441875834775e+02  2.38221769321756e+01
  1.35095318552632e+02  2.38290112897539e+01
  1.36748574074964e+02  2.38372930902181e+01
  1.38401605898837e+02  2.38470674205707e+01
  1.40054376251011e+02  2.38583878188212e+01
  1.41706845863796e+02  2.38713167246478e+01
  1.43358973737978e+02  2.38859260076829e+01
  1.45010716890704e+02  2.39022975787386e+01
  1.46662030086021e+02  2.39205240899144e+01
  1.48312865545641e+02  2.39407097300933e+01
  1.49963172637306e+02  2.39629711227913e+01
  1.51612897537961e+02  2.39874383336246e+01
  1.53261982868775e+02  2.40142559947092e+01
  1.54910367298891e+02  2.40435845529968e+01
  1.56557985114677e+02  2.40756016487344e+01
  1.58204765751212e+02  2.41105036286861e+01
  1.59850633282787e+02  2.41485071962267e+01
  1.61495505869399e+02  2.41898511965241e+01
  1.63139295156679e+02  2.42347985293368e+01
  1.64781905627402e+02  2.42836381738700e+01
  1.66423233903950e+02  2.43366872989488e+01
  1.68063168002843e+02  2.43942934166391e+01
  1.69701586545067e+02  2.44568365173879e+01
  1.71338357929518e+02  2.45247310987420e+01
  1.72973339481907e+02  2.45984279667448e+01
  1.74606376598070e+02  2.46784156484888e+01
  1.76237301909423e+02  2.47652212059134e+01
  1.77865934509339e+02  2.48594101858246e+01
  1.79492079292995e+02  2.49615853821764e+01
  1.81115526479526e+02  2.50723840295284e+01
  1.82736051403753e+02  2.51924730005772e+01
  1.84353414684167e+02  2.53225415592890e+01
  1.85967362892036e+02  2.54632912420355e+01
  1.87577629860142e+02  2.56154225221243e+01
  1.89183938774001e+02  2.57796180762936e+01
  1.90786005177766e+02  2.59565227247152e+01
  1.92383540995525e+02  2.61467204516344e+01
  1.93976259611905e+02  2.63507093006004e+01
  1.95563881972709e+02  2.65688753188399e+01
  1.97146143561345e+02  2.68014670238955e+01
  1.98722801455575e+02  2.70485799209422e+01
  2.00293641538776e+02  2.73101455806272e+01
  2.01858486223908e+02  2.75859151928539e+01
  2.03417201572320e+02  2.78754484191844e+01
  2.04969703329707e+02  2.81781079237436e+01
  2.06515961474726e+02  2.84930594024191e+01
  2.08056003004298e+02  2.88192764341682e+01
  2.09589912851623e+02  2.91555490721089e+01
  2.11117833028707e+02  2.95004947957744e+01
  2.12639960312341e+02  2.98525697790916e+01
  2.14156542947213e+02  3.02100785023797e+01
  2.15667876869490e+02  3.05711811228596e+01
  2.17174302074839e+02  3.09338972458916e+01
  2.18676199742750e+02  3.12961048465605e+01
  2.20173990629009e+02  3.16555333860133e+01
  2.21668135066753e+02  3.20097504932419e+01
  2.23159134672480e+02  3.23561423230534e+01
  2.24647535578435e+02  3.26918888381445e+01
  2.26133932893529e+02  3.30139332336994e+01
  2.27618975836488e+02  3.33189454770144e+01
  2.29103372831921e+02  3.36032801259320e+01
  2.30587895848956e+02  3.38629281372027e+01
  2.32073383412357e+02  3.40934615345756e+01
  2.33560742039398e+02  3.42899683871641e+01
  2.35050946298011e+02  3.44469701765617e+01
  2.36545037949557e+02  3.45583126843602e+01
  2.38044124924473e+02  3.46170216692429e+01
  2.39549381144612e+02  3.46151042771685e+01
  2.41062048376743e+02  3.45432632375542e+01
  2.42583441972100e+02  3.43904602820349e+01
  2.44114965321182e+02  3.41432001022496e+01
  2.45658148766116e+02  3.37842457586469e+01
  2.47214768983050e+02  3.32901736196898e+01
  2.48787208113622e+02  3.26261575538725e+01
  2.50379433683704e+02  3.17321245173275e+01
  2.52000000000000e+02  3.04712836122360e+01
  0.00000000000000e+00  3.06769545384199e+01
  1.61717208047883e+00  3.19756388604925e+01
  3.20638623854528e+00  3.29026983350780e+01
  4.77643974641531e+00  3.35973343595263e+01
  6.33144516997408e+00  3.41211057235483e+01
  7.87386147312252e+00  3.45096148672024e+01
  9.40548094601329e+00  3.47866276229689e+01
  1.09277986264302e+01  3.49694692203300e+01
  1.24421482988405e+01  3.50715874733165e+01
  1.39497562621301e+01  3.51039083625828e+01
  1.54517662822860e+01  3.50755924503747e+01
  1.69492522577114e+01  3.49944931461802e+01
  1.84432246004620e+01  3.48674535774152e+01
  1.99346330630604e+01  3.47005104092307e+01
  2.14243677033969e+01  3.44990402467695e+01
  2.29132592374088e+01  3.42678690524772e+01
  2.44020796183687e+01  3.40113541191419e+01
  2.58915433559953e+01  3.37334477094834e+01
  2.73823098441942e+01  3.34377502904660e+01
  2.88749865896109e+01  3.31275561062453e+01
  3.03701329591558e+01  3.28058924740937e+01
  3.18682639272560e+01  3.24755533741513e+01
  3.33698532944449e+01  3.21391274414819e+01
  3.48753359579715e+01  3.17990205993781e+01
  3.63851090160695e+01  3.14574742231399e+01
  3.78995315629223e+01  3.11165777626958e+01
  3.94189232503532e+01  3.07782757732290e+01
  4.09435618878938e+01  3.04443699474522e+01
  4.24736804895695e+01  3.01165170037047e+01
  4.40094642563857e+01  2.97962235227869e+01
  4.55510479933753e+01  2.94848388980929e+01
  4.70985143581075e+01  2.91835468217573e+01
  4.86518933242463e+01  2.88933570125784e+01
  5.02111631220055e+01  2.86150989518689e+01
  5.17762527322468e+01  2.83494187739857e+01
  5.33470458537314e+01  2.80967802005508e+01
  5.49233861240843e+01  2.78574700642629e+01
  5.65050832699530e+01  2.76316085590502e+01
  5.80919197998840e+01  2.74191638977821e+01
  5.96836572668810e+01  2.72199613756887e+01
  6.12800424593838e+01  2.70336964102578e+01
  6.28808136123179e+01  2.68599568778525e+01
  6.44857059226848e+01  2.66982460453725e+01
  6.60944562315845e+01  2.65480048786396e+01
  6.77068068199981e+01  2.64086327277788e+01
  6.93225083359742e+01  2.62795056799108e+01
  7.09413219216225e+01  2.61599921747355e+01
  7.25630206393377e+01  2.60494657538265e+01
  7.41873903105859e+01  2.59473150321473e+01
  7.58142298814911e+01  2.58529511306343e+01
  7.74433514216419e+01  2.57658128953373e+01
  7.90745798497776e+01  2.56853702630161e+01
  8.07077524652201e+01  2.56111261295594e+01
  8.23427183490695e+01  2.55426170497719e+01
  8.39793376854971e+01  2.54794130562184e+01
  8.56174810415478e+01  2.54211168391848e+01
  8.72570286339017e+01  2.53673624848689e+01
  8.88978696029933e+01  2.53178139278417e+01
  9.05399013085442e+01  2.52721632381529e+01
  9.21830286556919e+01  2.52301288336292e+01
  9.38271634572300e+01  2.51914536836934e+01
  9.54722238347734e+01  2.51559035518457e+01
  9.71181336597196e+01  2.51232653090588e+01
  9.87648220335152e+01  2.50933453390133e+01
  1.00412222805815e+02  2.50659680476537e+01
  1.02060274128521e+02  2.50409744833658e+01
  1.03708918043344e+02  2.50182210696723e+01
  1.05358100100313e+02  2.49975784492882e+01
  1.07007769004641e+02  2.49789304363506e+01
  1.08657876289302e+02  2.49621730723715e+01
  1.10308376010818e+02  2.49472137807616e+01
  1.11959224465780e+02  2.49339706144770e+01
  1.13610379925803e+02  2.49223715913434e+01
  1.15261802388707e+02  2.49123541118106e+01
  1.16913453343842e+02  2.49038644542398e+01
  1.18565295549604e+02  2.48968573432624e+01
  1.20217292821291e+02  2.48912955872476e+01
  1.21869409827530e+02  2.48871497814545e+01
  1.23521611893627e+02  2.48843980740018e+01
  1.25173864810195e+02  2.48830259923568e+01
  1.26826134645549e+02  2.48830263286188e+01
  1.28478387560325e+02  2.48843990824482e+01
  1.30130589622838e+02  2.48871514610669e+01
  1.31782706623708e+02  2.48912979363295e+01
  1.33434703888247e+02  2.48968603594401e+01
  1.35086546085092e+02  2.49038681344632e+01
  1.36738197029554e+02  2.49123584523555e+01
  1.38389619480042e+02  2.49223765878128e+01
  1.40040774925925e+02  2.49339762618032e+01
  1.41691623365041e+02  2.49472200732088e+01
  1.43342123069027e+02  2.49621800035379e+01
  1.44992230334502e+02  2.49789379991705e+01
  1.46641899218012e+02  2.49975866360343e+01
  1.48291081252566e+02  2.50182298719576e+01
  1.49939725143408e+02  2.50409838921449e+01
  1.51587776440607e+02  2.50659780532234e+01
  1.53235177185913e+02  2.50933559310123e+01
  1.54881865531275e+02  2.51232764764661e+01
  1.56527775326397e+02  2.51559152829774e+01
  1.58172835672781e+02  2.51914659661972e+01
  1.59816970441884e+02  2.52301416544767e+01
  1.61460097755388e+02  2.52721765836281e+01
  1.63102129426161e+02  2.53178277835256e+01
  1.64742970359423e+02  2.53673768356198e+01
  1.66382517914987e+02  2.54211316691120e+01
  1.68020661233391e+02  2.54794283486497e+01
  1.69657280531432e+02  2.55426327872128e+01
  1.71292246376285e+02  2.56111422936435e+01
  1.72925418952271e+02  2.56853868344446e+01
  1.74556647340658e+02  2.57658298538076e+01
  1.76185768840963e+02  2.58529684547563e+01
  1.77812608372145e+02  2.59473326993474e+01
  1.79436978004043e+02  2.60494837402395e+01
  1.81058676683068e+02  2.61600104550859e+01
  1.82677490231010e+02  2.62795242273873e+01
  1.84293191710631e+02  2.64086515139053e+01
  1.85905542264454e+02  2.65480238731508e+01
  1.87514292540987e+02  2.66982652161030e+01
  1.89119184821715e+02  2.68599761906499e+01
  1.90719955948286e+02  2.70337158289321e+01
  1.92316341118286e+02  2.72199808620109e+01
  1.93908078567251e+02  2.74191834115425e+01
  1.95494915084242e+02  2.76316280581843e+01
  1.97076612222875e+02  2.78574895050492e+01
  1.98652952492280e+02  2.80967995378800e+01
  2.00223745619631e+02  2.83494379616959e+01
  2.01788835243001e+02  2.86151179431279e+01
  2.03348105061495e+02  2.88933757602967e+01
  2.04901484056191e+02  2.91835652790123e+01
  2.06448950457382e+02  2.94848570185465e+01
  2.07990534238659e+02  2.97962412610796e+01
  2.09526318057370e+02  3.01165343158142e+01
  2.11056436718177e+02  3.04443867910090e+01
  2.12581075421583e+02  3.07782921077855e+01
  2.14100467180989e+02  3.11165935499513e+01
  2.15614889805201e+02  3.14574894271284e+01
  2.17124662945230e+02  3.17990351866300e+01
  2.18630145694372e+02  3.21391413811721e+01
  2.20131735149917e+02  3.24755666382490e+01
  2.21629866208108e+02  3.28059050375267e+01
  2.23125012668422e+02  3.31275679470907e+01
  2.24617689504175e+02  3.34377613901748e+01
  2.26108456081112e+02  3.37334580531433e+01
  2.27597919904666e+02  3.40113636957718e+01
  2.29086740367499e+02  3.42678778553485e+01
  2.30575631978079e+02  3.44990482737354e+01
  2.32065366688463e+02  3.47005176630476e+01
  2.33556775213465e+02  3.48674600660367e+01
  2.35050747610016e+02  3.49944988830007e+01
  2.36548233629924e+02  3.50755974544033e+01
  2.38050243684865e+02  3.51039126585289e+01
  2.39557851673292e+02  3.50715910915746e+01
  2.41072201361763e+02  3.49694721968565e+01
  2.42594519050323e+02  3.47866299990673e+01
  2.44126138525222e+02  3.45096166892910e+01
  2.45668554826601e+02  3.41211070431185e+01
  2.47223560247337e+02  3.35973352338168e+01
  2.48793613753981e+02  3.29026988295345e+01
  2.50382827914236e+02  3.19756390547089e+01
  2.52000000000000e+02  3.06769545384199e+01
  0.00000000000000e+00  3.08952363351815e+01
  1.61377824573509e+00  3.22303464885508e+01
  3.20009284626241e+00  3.31897315763693e+01
  4.76791844992078e+00  3.39145682464666e+01
  6.32146856025907e+00  3.44676944309773e+01
  7.86324811115126e+00  3.48853829735403e+01
  9.39504645996099e+00  3.51916956700427e+01
  1.09183159045626e+01  3.54040366389778e+01
  1.24343210869643e+01  3.55358159378506e+01
  1.39442044340723e+01  3.55978647524974e+01
  1.54490193247329e+01  3.55992259998835e+01
  1.69497482074853e+01  3.55476313459884e+01
  1.84473125871875e+01  3.54498079695275e+01
  1.99425782715650e+01  3.53116872891944e+01
  2.14363579477313e+01  3.51385534876954e+01
  2.29294125142180e+01  3.49351534221919e+01
  2.44224520816173e+01  3.47057781937054e+01
  2.59161372022011e+01  3.44543257300715e+01
  2.74110806590756e+01  3.41843523347649e+01
  2.89078498162021e+01  3.38991161262745e+01
  3.04069692936661e+01  3.36016139705973e+01
  3.19089236064373e+01  3.32946127135363e+01
  3.34141593819696e+01  3.29806750485420e+01
  3.49230868478747e+01  3.26621804347592e+01
  3.64360804363098e+01  3.23413420401634e+01
  3.79534783931788e+01  3.20202187939733e+01
  3.94755814539354e+01  3.17007225512063e+01
  4.10026508039435e+01  3.13846209337740e+01
  4.25349056497413e+01  3.10735366169256e+01
  4.40725207920238e+01  3.07689440203816e+01
  4.56156245987650e+01  3.04721644048258e+01
  4.71642976899223e+01  3.01843596630394e+01
  4.87185726437879e+01  2.99065262847610e+01
  5.02784349393373e+01  2.96394910246655e+01
  5.18438251976930e+01  2.93839092287416e+01
  5.34146426594392e+01  2.91402665515756e+01
  5.49907497221712e+01  2.89088845079553e+01
  5.65719772766913e+01  2.86899299643597e+01
  5.81581305278949e+01  2.84834283035994e+01
  5.97489944496330e+01  2.82892710023135e+01
  6.13443392268080e+01  2.81072266840028e+01
  6.29439257887349e+01  2.79369607681658e+01
  6.45475107908191e+01  2.77780557406297e+01
  6.61548509153215e+01  2.76300310351850e+01
  6.77657064314093e+01  2.74923616768852e+01
  6.93798440138010e+01  2.73644950588802e+01
  7.09970388640178e+01  2.72458654655370e+01
  7.26170762076397e+01  2.71359061794396e+01
  7.42397522564834e+01  2.70340591952035e+01
  7.58648747290352e+01  2.69397826983338e+01
  7.74922630189565e+01  2.68525565526017e+01
  7.91217480930315e+01  2.67718860814619e+01
  8.07531721889473e+01  2.66973044378458e+01
  8.23863883715897e+01  2.66283738426532e+01
  8.40212599952451e+01  2.65646859445267e+01
  8.56576601089137e+01  2.65058615191563e+01
  8.72954708331609e+01  2.64515496904654e+01
  8.89345827296240e+01  2.64014268217865e+01
  9.05748941783865e+01  2.63551951943590e+01
  9.22163107737638e+01  2.63125815639544e+01
  9.38587447454326e+01  2.62733356643049e+01
  9.55021144091012e+01  2.62372287080089e+01
  9.71463436488809e+01  2.62040519212715e+01
  9.87913614320360e+01  2.61736151376547e+01
  1.00437101355738e+02  2.61457454674464e+01
  1.02083501224723e+02  2.61202860528073e+01
  1.03730502658272e+02  2.60970949140904e+01
  1.05378050724624e+02  2.60760438892872e+01
  1.07026093600793e+02  2.60570176661446e+01
  1.08674582255646e+02  2.60399129048619e+01
  1.10323470154129e+02  2.60246374482426e+01
  1.11972712980533e+02  2.60111096155771e+01
  1.13622268378791e+02  2.59992575762685e+01
  1.15272095707816e+02  2.59890187991780e+01
  1.16922155810055e+02  2.59803395738141e+01
  1.18572410791438e+02  2.59731745997452e+01
  1.20222823811040e+02  2.59674866409667e+01
  1.21873358878823e+02  2.59632462423558e+01
  1.23523980659900e+02  2.59604315057858e+01
  1.25174654283806e+02  2.59590279239423e+01
  1.26825345157318e+02  2.59590282703590e+01
  1.28476018779396e+02  2.59604325446838e+01
  1.30126640556820e+02  2.59632479726795e+01
  1.31777175619129e+02  2.59674890609574e+01
  1.33427588631445e+02  2.59731777069414e+01
  1.35077843603740e+02  2.59803433650533e+01
  1.36727903695103e+02  2.59890232705974e+01
  1.38377731011479e+02  2.59992627233070e+01
  1.40027286395334e+02  2.60111154329769e+01
  1.41676529205604e+02  2.60246439300506e+01
  1.43325417086244e+02  2.60399200444320e+01
  1.44973905721575e+02  2.60570254561389e+01
  1.46621948576572e+02  2.60760523216777e+01
  1.48269496620137e+02  2.60971039801599e+01
  1.49916498029321e+02  2.61202957431497e+01
  1.51562897872407e+02  2.61457557719663e+01
  1.53208637768718e+02  2.61736260455662e+01
  1.54853655523043e+02  2.62040634210948e+01
  1.56497884732607e+02  2.62372407875655e+01
  1.58141254364735e+02  2.62733483107111e+01
  1.59783688303606e+02  2.63125947636111e+01
  1.61425104865001e+02  2.63552089329384e+01
  1.63065416278679e+02  2.64014410842152e+01
  1.64704528139045e+02  2.64515644609022e+01
  1.66342338826284e+02  2.65058767809641e+01
  1.67978738902146e+02  2.65647016802383e+01
  1.69613610487321e+02  2.66283900339290e+01
  1.71246826630954e+02  2.66973210654229e+01
  1.72878250687489e+02  2.67719031250941e+01
  1.74507735721993e+02  2.68525739909885e+01
  1.76135123972359e+02  2.69398005090394e+01
  1.77760246405601e+02  2.70340773545649e+01
  1.79382922415643e+02  2.71359246624650e+01
  1.81002959721266e+02  2.72458842457967e+01
  1.82620154534620e+02  2.73645141083927e+01
  1.84234292081656e+02  2.74923809660035e+01
  1.85845147564308e+02  2.76300505324903e+01
  1.87452487657752e+02  2.77780754128400e+01
  1.89056072631649e+02  2.79369805800695e+01
  1.90655659168793e+02  2.81072465984281e+01
  1.92251003925150e+02  2.82892909801440e+01
  1.93841867830618e+02  2.84834483038452e+01
  1.95428021070682e+02  2.86899499442893e+01
  1.97009248619768e+02  2.89089044232921e+01
  1.98585355683309e+02  2.91402863567585e+01
  2.00156173152592e+02  2.93839288772432e+01
  2.01721563425617e+02  2.96395104693539e+01
  2.03281425743273e+02  2.99065454782892e+01
  2.04835700726872e+02  3.01843785582455e+01
  2.06384373855444e+02  3.04721829551295e+01
  2.07927477707200e+02  3.07689621801611e+01
  2.09465092901872e+02  3.10735543418646e+01
  2.10997347807071e+02  3.13846381811726e+01
  2.12524417223002e+02  3.17007392802511e+01
  2.14046520355599e+02  3.20202349659695e+01
  2.15563918389517e+02  3.23413576187341e+01
  2.17076912059416e+02  3.26621953860206e+01
  2.18585839610331e+02  3.29806893412672e+01
  2.20091075473489e+02  3.32946263193171e+01
  2.21593029875510e+02  3.36016268640183e+01
  2.23092149442805e+02  3.38991282851061e+01
  2.24588918689247e+02  3.41843637401856e+01
  2.26083862233781e+02  3.44543363669173e+01
  2.27577547439188e+02  3.47057880507469e+01
  2.29070587087372e+02  3.49351624924292e+01
  2.30563641729408e+02  3.51385617686592e+01
  2.32057421474734e+02  3.53116947832378e+01
  2.33552687220824e+02  3.54498146840924e+01
  2.35050251653892e+02  3.55476372938289e+01
  2.36550980581000e+02  3.55992311992293e+01
  2.38055795506654e+02  3.55978692271444e+01
  2.39565678879444e+02  3.55358197171705e+01
  2.41081684078742e+02  3.54040397578472e+01
  2.42604953532525e+02  3.51916981687148e+01
  2.44136751884454e+02  3.48853848975359e+01
  2.45678531434597e+02  3.44676958311898e+01
  2.47232081542895e+02  3.39145691799732e+01
  2.48799907145797e+02  3.31897321089684e+01
  2.50386221748746e+02  3.22303467007897e+01
  2.52000000000000e+02  3.08952363351815e+01
  0.00000000000000e+00  3.11268468336352e+01
  1.61039155955451e+00  3.24969281702567e+01
  3.19391944583930e+00  3.34879071929604e+01
  4.75967000703432e+00  3.42424934442327e+01
  6.31191630272405e+00  3.48246008249291e+01
  7.85318180805888e+00  3.52710715835266e+01
  9.38523710870087e+00  3.56062197190487e+01
  1.09094856228570e+01  3.58475181912986e+01
  1.24271234361205e+01  3.60083466742514e+01
  1.39392137140424e+01  3.60994562953310e+01
  1.54467261710674e+01  3.61297889382052e+01
  1.69505593966089e+01  3.61069703208110e+01
  1.84515536545471e+01  3.60376254873069e+01
  1.99504980386626e+01  3.59275920457246e+01
  2.14481343287471e+01  3.57820707734338e+01
  2.29451590999156e+01  3.56057361438586e+01
  2.44422250556666e+01  3.54028176982667e+01
  2.59399421856360e+01  3.51771618479123e+01
  2.74388791286594e+01  3.49322820890352e+01
  2.89395648275368e+01  3.46714007210890e+01
  3.04424903532233e+01  3.43974838589351e+01
  3.19481106596411e+01  3.41132707438491e+01
  3.34568459981178e+01  3.38212978790194e+01
  3.49690827712003e+01  3.35239185496784e+01
  3.64851737250335e+01  3.32233187696479e+01
  3.80054373950568e+01  3.29215288760383e+01
  3.95301568569163e+01  3.26204308227683e+01
  4.10595779586495e+01  3.23217617130512e+01
  4.25939072955445e+01  3.20271142677011e+01
  4.41333102401613e+01  3.17379350754306e+01
  4.56779093453996e+01  3.14555214872404e+01
  4.72277833636533e+01  3.11810173360016e+01
  4.87829671322169e+01  3.09154087675558e+01
  5.03434524999019e+01  3.06595215122031e+01
  5.19091903458798e+01  3.04140203938006e+01
  5.34800936400809e+01  3.01794116819285e+01
  5.50560414035630e+01  2.99560486493458e+01
  5.66368833568697e+01  2.97441404175785e+01
  5.82224450002119e+01  2.95437638677674e+01
  5.98125323785699e+01  2.93548700289567e+01
  6.14069368751393e+01  2.91772935110620e+01
  6.30054401453374e+01  2.90107698857753e+01
  6.46078186138756e+01  2.88549536839217e+01
  6.62138474158804e+01  2.87094361703032e+01
  6.78233037194209e+01  2.85737621745428e+01
  6.94359694162828e+01  2.84474454259045e+01
  7.10516332067704e+01  2.83299820302087e+01
  7.26700921314576e+01  2.82208619101124e+01
  7.42911526187865e+01  2.81195781865989e+01
  7.59146311240503e+01  2.80256345992428e+01
  7.75403544348973e+01  2.79385511435896e+01
  7.91681597133766e+01  2.78578681494748e+01
  8.07978943366936e+01  2.77831490410677e+01
  8.24294155898073e+01  2.77139820156001e+01
  8.40625902538526e+01  2.76499808603579e+01
  8.56972941258011e+01  2.75907851025554e+01
  8.73334114971592e+01  2.75360596586830e+01
  8.89708346129755e+01  2.74854941218817e+01
  9.06094631270239e+01  2.74388017997636e+01
  9.22492035646394e+01  2.73957185918858e+01
  9.38899688012119e+01  2.73560017761849e+01
  9.55316775616335e+01  2.73194287570887e+01
  9.71742539439297e+01  2.72857958145031e+01
  9.88176269687515e+01  2.72549168820686e+01
  1.00461730155262e+02  2.72266223746011e+01
  1.02106501123129e+02  2.72007580780798e+01
  1.03751881219750e+02  2.71771841105749e+01
  1.05397815171464e+02  2.71557739588031e+01
  1.07044250757218e+02  2.71364135922902e+01
  1.08691138503057e+02  2.71190006552044e+01
  1.10338431395670e+02  2.71034437346032e+01
  1.11986084613270e+02  2.70896617029853e+01
  1.13634055272029e+02  2.70775831325381e+01
  1.15282302186389e+02  2.70671457782299e+01
  1.16930785641562e+02  2.70582961268521e+01
  1.18579467176639e+02  2.70509890092164e+01
  1.20228309376733e+02  2.70451872729138e+01
  1.21877275672688e+02  2.70408615133171e+01
  1.23526330146886e+02  2.70379898608400e+01
  1.25175437343764e+02  2.70365578228279e+01
  1.26824562083667e+02  2.70365581788453e+01
  1.28473669278686e+02  2.70379909285283e+01
  1.30122723749169e+02  2.70408632915845e+01
  1.31771690039559e+02  2.70451897599410e+01
  1.33420532232246e+02  2.70509922024575e+01
  1.35069213758086e+02  2.70583000230352e+01
  1.36717697202206e+02  2.70671503733584e+01
  1.38365944103714e+02  2.70775884218917e+01
  1.40013914747844e+02  2.70896676811215e+01
  1.41661567949059e+02  2.71034503953587e+01
  1.43308860823561e+02  2.71190079916960e+01
  1.44955748549589e+02  2.71364215969158e+01
  1.46602184113870e+02  2.71557826232430e+01
  1.48248118042483e+02  2.71771934257913e+01
  1.49893498114418e+02  2.72007680343164e+01
  1.51538269056058e+02  2.72266329613821e+01
  1.53182372214852e+02  2.72549280881953e+01
  1.54825745210521e+02  2.72858076280502e+01
  1.56468321562290e+02  2.73194411653978e+01
  1.58110030290875e+02  2.73560147658562e+01
  1.59750795494374e+02  2.73957321487666e+01
  1.61390535897761e+02  2.74388159089335e+01
  1.63029164376513e+02  2.74855087676336e+01
  1.64666587456064e+02  2.75360748244993e+01
  1.66302704790298e+02  2.75908007710788e+01
  1.67937408624383e+02  2.76499970133557e+01
  1.69570583249963e+02  2.77139986339207e+01
  1.71202104464160e+02  2.77831661045900e+01
  1.72831839048279e+02  2.78578856370487e+01
  1.74459644287471e+02  2.79385690329663e+01
  1.76085367559155e+02  2.80256528669974e+01
  1.77708846025622e+02  2.81195968080435e+01
  1.79329906474789e+02  2.82208808592014e+01
  1.80948365362253e+02  2.83300012794391e+01
  1.82564029116794e+02  2.84474649462141e+01
  1.84176694779357e+02  2.85737819352113e+01
  1.85786151050662e+02  2.87094561388622e+01
  1.87392179822940e+02  2.88549738260808e+01
  1.88994558264748e+02  2.90107901653749e+01
  1.90593061511725e+02  2.91773138900594e+01
  1.92187465989122e+02  2.93548904674560e+01
  1.93777553352907e+02  2.95437843241012e+01
  1.95363114986828e+02  2.97441608484440e+01
  1.96943956936398e+02  2.99560690099993e+01
  1.98519904702327e+02  3.01794319264371e+01
  2.00090808005601e+02  3.04140404753457e+01
  2.01656545867643e+02  3.06595413834227e+01
  2.03217031258656e+02  3.09154283809121e+01
  2.04772215057972e+02  3.11810366441602e+01
  2.06322089114439e+02  3.14555404434464e+01
  2.07866688265259e+02  3.17379536338700e+01
  2.09406091262599e+02  3.20271323838367e+01
  2.10940420659002e+02  3.23217793439270e+01
  2.12469841826551e+02  3.26204479272800e+01
  2.13994561359945e+02  3.29215454151701e+01
  2.15514825106533e+02  3.32233347066799e+01
  2.17030916141187e+02  3.35239338503733e+01
  2.18543152998496e+02  3.38213125117963e+01
  2.20051888423692e+02  3.41132846799554e+01
  2.21557508818348e+02  3.43974970726263e+01
  2.23060434432767e+02  3.46714131898231e+01
  2.24561120219798e+02  3.49322937936881e+01
  2.26060057249281e+02  3.51771727730163e+01
  2.27557774462872e+02  3.54028278322686e+01
  2.29054840498250e+02  3.56057454793910e+01
  2.30551865343906e+02  3.57820793075897e+01
  2.32049501702242e+02  3.59275997803229e+01
  2.33548446147378e+02  3.60376324291353e+01
  2.35049440458261e+02  3.61069764818322e+01
  2.36553273728050e+02  3.61297943357138e+01
  2.38060786220299e+02  3.60994609520525e+01
  2.39572876524462e+02  3.60083506183784e+01
  2.41090514355465e+02  3.58475214564734e+01
  2.42614762879846e+02  3.56062223443180e+01
  2.44146818184721e+02  3.52710736133477e+01
  2.45688083690338e+02  3.48246023094128e+01
  2.47240329984789e+02  3.42424944400816e+01
  2.48806080545725e+02  3.34879077660850e+01
  2.50389608434685e+02  3.24969284018847e+01
  2.52000000000000e+02  3.11268468336352e+01
  0.00000000000000e+00  3.13725375374113e+01
  1.60701936018457e+00  3.27760959734671e+01
  3.18787441751908e+00  3.37979035528380e+01
  4.75169817719458e+00  3.45817540070503e+01
  6.30278469648357e+00  3.51924373330517e+01
  7.84365171036538e+00  3.56672685304985e+01
  9.37603756046570e+00  3.60307721551390e+01
  1.09012917773539e+01  3.63004794361786e+01
  1.24205426140714e+01  3.64897450551935e+01
  1.39347781281598e+01  3.66092524588660e+01
  1.54448903463943e+01  3.66678569589815e+01
  1.69517007487966e+01  3.66730923989330e+01
  1.84559752026299e+01  3.66314942384552e+01
  1.99584325835148e+01  3.65488168586481e+01
  2.14597496213247e+01  3.64301861477375e+01
  2.29605636103803e+01  3.62802107141606e+01
  2.44614739957236e+01  3.61030632222073e+01
  2.59630434685810e+01  3.59025416442659e+01
  2.74657989904427e+01  3.56821184405679e+01
  2.89702328975608e+01  3.54449809064049e+01
  3.04768040509447e+01  3.51940646398878e+01
  3.19859388886261e+01  3.49320813020365e+01
  3.34980321985596e+01  3.46615413537551e+01
  3.50134474622410e+01  3.43847724498643e+01
  3.65325167102194e+01  3.41039345830294e+01
  3.80555398267784e+01  3.38210313207278e+01
  3.95827833488646e+01  3.35379172282274e+01
  4.11144789025915e+01  3.32563019974195e+01
  4.26508214873034e+01  3.29777519176367e+01
  4.41919678572390e+01  3.27036894388527e+01
  4.57380352541972e+01  3.24353915725642e+01
  4.72891006796457e+01  3.21739872247641e+01
  4.88452009077318e+01  3.19204545837010e+01
  5.04063333815814e+01  3.16756197215190e+01
  5.19724580333202e+01  3.14401570765518e+01
  5.35434999863593e+01  3.12145923183686e+01
  5.51193530248250e+01  3.09993078930707e+01
  5.66998836573606e+01  3.07945513148994e+01
  5.82849355652917e+01  3.06004460180094e+01
  5.98743337767581e+01  3.04169967924621e+01
  6.14678888973702e+01  3.02440978933768e+01
  6.30654015143771e+01  3.00815485001945e+01
  6.46666662555899e+01  2.99290687677376e+01
  6.62714753946783e+01  2.97863157706440e+01
  6.78796219402174e+01  2.96528987287236e+01
  6.94909021871578e+01  2.95283930306073e+01
  7.11051177430439e+01  2.94123527232127e+01
  7.27220770659097e+01  2.93043212834605e+01
  7.43415965664754e+01  2.92038406201783e+01
  7.59635013351826e+01  2.91104583587583e+01
  7.75876255563883e+01  2.90237335357173e+01
  7.92138126694548e+01  2.89432408763609e+01
  8.08419153311313e+01  2.88685738506964e+01
  8.24717952268271e+01  2.87993467062041e+01
  8.41033227711009e+01  2.87351956666849e+01
  8.57363767305979e+01  2.86757794690933e+01
  8.73708437961461e+01  2.86207793889270e+01
  8.90066181249956e+01  2.85698988822152e+01
  9.06436008692972e+01  2.85228629503086e+01
  9.22816997028701e+01  2.84794173136567e+01
  9.39208283550194e+01  2.84393274631302e+01
  9.55609061575458e+01  2.84023776423858e+01
  9.72018576090387e+01  2.83683698022148e+01
  9.88436119589648e+01  2.83371225575605e+01
  1.00486102812866e+02  2.83084701696596e+01
  1.02129267759092e+02  2.82822615692610e+01
  1.03773048016834e+02  2.82583594318243e+01
  1.05417388104775e+02  2.82366393117330e+01
  1.07062235529336e+02  2.82169888396517e+01
  1.08707540491290e+02  2.81993069850122e+01
  1.10353255609399e+02  2.81835033840780e+01
  1.11999335659610e+02  2.81694977329649e+01
  1.13645737328375e+02  2.81572192442983e+01
  1.15292418978606e+02  2.81466061657588e+01
  1.16939340426811e+02  2.81376053585628e+01
  1.18586462729997e+02  2.81301719338692e+01
  1.20233747980926e+02  2.81242689451754e+01
  1.21881159110387e+02  2.81198671349214e+01
  1.23528659695135e+02  2.81169447337420e+01
  1.25176213770227e+02  2.81154873110728e+01
  1.26823785644458e+02  2.81154876761171e+01
  1.28471339717665e+02  2.81169458284993e+01
  1.30118840298646e+02  2.81198689582651e+01
  1.31766251422463e+02  2.81242714952280e+01
  1.33413536665882e+02  2.81301752080031e+01
  1.35060658959703e+02  2.81376093534009e+01
  1.36707580396705e+02  2.81466108771751e+01
  1.38354262033911e+02  2.81572246674191e+01
  1.40000663687855e+02  2.81695038621698e+01
  1.41646743721471e+02  2.81835102130002e+01
  1.43292458821242e+02  2.81993145065399e+01
  1.44937763763147e+02  2.82169970459280e+01
  1.46582611165984e+02  2.82366481941561e+01
  1.48226951230567e+02  2.82583689810469e+01
  1.49870731463362e+02  2.82822717751888e+01
  1.51513896383100e+02  2.83084810214487e+01
  1.53156387209027e+02  2.83371340436140e+01
  1.54798141529553e+02  2.83683819101771e+01
  1.56439092950284e+02  2.84023903591352e+01
  1.58079170720758e+02  2.84393407747690e+01
  1.59718299339645e+02  2.84794312054985e+01
  1.61356398138831e+02  2.85228774068622e+01
  1.62993380847717e+02  2.85699138871640e+01
  1.64629155140228e+02  2.86207949251040e+01
  1.66263622168633e+02  2.86757955184510e+01
  1.67896676090309e+02  2.87352122102583e+01
  1.69528203596231e+02  2.87993637240677e+01
  1.71158083453203e+02  2.88685913219137e+01
  1.72786186075964e+02  2.89432587789255e+01
  1.74412373150123e+02  2.90237518464868e+01
  1.76036497332652e+02  2.91104770533798e+01
  1.77658402063162e+02  2.92038596730073e+01
  1.79277921526287e+02  2.93043406674737e+01
  1.80894880812776e+02  2.94123724099178e+01
  1.82509096333690e+02  2.95284129899532e+01
  1.84120376547436e+02  2.96529189290146e+01
  1.85728523061967e+02  2.97863361784655e+01
  1.87333332172675e+02  2.99290893478987e+01
  1.88934596888605e+02  3.00815692156966e+01
  1.90532109483925e+02  3.02441187054146e+01
  1.92125664586961e+02  3.04170176604661e+01
  1.93715062785484e+02  3.06004668997352e+01
  1.95300114685622e+02  3.07945721665671e+01
  1.96880645316012e+02  3.09993286695568e+01
  1.98456498358440e+02  3.12146129734488e+01
  2.00027540321954e+02  3.14401775631909e+01
  2.01593664991010e+02  3.16756399921950e+01
  2.03154797489260e+02  3.19204745907537e+01
  2.04710897748966e+02  3.21740069207536e+01
  2.06261963213272e+02  3.24354109106294e+01
  2.07808030656223e+02  3.27037083730567e+01
  2.09349177079060e+02  3.29777704032923e+01
  2.10885519723230e+02  3.32563199913869e+01
  2.12417215342507e+02  3.35379346891831e+01
  2.13944458935663e+02  3.38210482094039e+01
  2.15467482128142e+02  3.41039508624269e+01
  2.16986551456135e+02  3.43847880854470e+01
  2.18501966803098e+02  3.46615563136317e+01
  2.20014060198686e+02  3.49320955571386e+01
  2.21523195123444e+02  3.51940781641526e+01
  2.23029766364322e+02  3.54449936769685e+01
  2.24534200358307e+02  3.56821304379735e+01
  2.26036955965325e+02  3.59025528526899e+01
  2.27538525520521e+02  3.61030736296992e+01
  2.29039435984276e+02  3.62802203128925e+01
  2.30540250046721e+02  3.64301949342545e+01
  2.32041567151861e+02  3.65488248341098e+01
  2.33544024593074e+02  3.66315014088588e+01
  2.35048299099441e+02  3.66730987753052e+01
  2.36555109545999e+02  3.66678625575322e+01
  2.38065221799701e+02  3.66092573010970e+01
  2.39579457340599e+02  3.64897491679646e+01
  2.41098708195904e+02  3.63004828517413e+01
  2.42623962424058e+02  3.60307749111721e+01
  2.44156348279506e+02  3.56672706702217e+01
  2.45697215294709e+02  3.51924389055966e+01
  2.47248301813581e+02  3.45817550685194e+01
  2.48812125573521e+02  3.37979041689978e+01
  2.50392980633804e+02  3.27760962259323e+01
  2.52000000000000e+02  3.13725375374113e+01
  0.00000000000000e+00  3.16330942514521e+01
  1.60366954677794e+00  3.30685941845581e+01
  3.18196673117560e+00  3.41204279046645e+01
  4.74400751703370e+00  3.49330196544239e+01
  6.29407130091759e+00  3.55718389634677e+01
  7.83464869158675e+00  3.60745808059974e+01
  9.36743438928648e+00  3.64659404545534e+01
  1.08937200185595e+01  3.67634964010174e+01
  1.24145668668674e+01  3.69805820522355e+01
  1.39308916680010e+01  3.71278235256793e+01
  1.54435141110076e+01  3.72140021346097e+01
  1.69531845956869e+01  3.72465723701700e+01
  1.84606007224551e+01  3.72319914846043e+01
  1.99664169969824e+01  3.71759403949445e+01
  2.14712504145792e+01  3.70834781041411e+01
  2.29756836179551e+01  3.69591536279740e+01
  2.44802666663562e+01  3.68070874172221e+01
  2.59855180723352e+01  3.66310322508562e+01
  2.74919255539886e+01  3.64344216325675e+01
  2.89999467037210e+01  3.62204090635596e+01
  3.05100096053186e+01  3.59919002843393e+01
  3.20225133299038e+01  3.57515797980386e+01
  3.35378281989347e+01  3.55019324927081e+01
  3.50562957197557e+01  3.52452611414189e+01
  3.65782281679984e+01  3.49837009108343e+01
  3.81039077728825e+01  3.47192303285989e+01
  3.96335855457820e+01  3.44536788398219e+01
  4.11674798697858e+01  3.41887314553424e+01
  4.27057750195255e+01  3.39259310766240e+01
  4.42486198115598e+01  3.36666791667199e+01
  4.57961265871602e+01  3.34122354144243e+01
  4.73483706724898e+01  3.31637164174870e+01
  4.89053904781040e+01  3.29220943688449e+01
  5.04671883532973e+01  3.26881967611937e+01
  5.20337322266202e+01  3.24627076690591e+01
  5.36049579978444e+01  3.22461710262113e+01
  5.51807725869155e+01  3.20389961440911e+01
  5.67610574981774e+01  3.18414655247595e+01
  5.83456727268333e+01  3.16537448128788e+01
  5.99344604250319e+01  3.14758874691618e+01
  6.15272486432699e+01  3.13078417958549e+01
  6.31238552661282e+01  3.11494647620545e+01
  6.47240916761266e+01  3.10005363838999e+01
  6.63277660477919e+01  3.08607740770862e+01
  6.79346862111773e+01  3.07298464618182e+01
  6.95446620584688e+01  3.06073861998559e+01
  7.11575074962088e+01  3.04930015619388e+01
  7.27730419676882e+01  3.03862865447860e+01
  7.43910915849904e+01  3.02868294668281e+01
  7.60114899186923e+01  3.01942200624220e+01
  7.76340784964753e+01  3.01080551618810e+01
  7.92587070612025e+01  3.00279430893907e+01
  8.08852336356556e+01  2.99535069354849e+01
  8.25135244361825e+01  2.98843868692229e+01
  8.41434536718415e+01  2.98202416518545e+01
  8.57749032598451e+01  2.97607495025563e+01
  8.74077624826141e+01  2.97056084510864e+01
  8.90419276067818e+01  2.96545362944637e+01
  9.06773014801418e+01  2.96072702568157e+01
  9.23137931188489e+01  2.95635664345274e+01
  9.39513172941197e+01  2.95231990934163e+01
  9.55897941251914e+01  2.94859598711751e+01
  9.72291486832999e+01  2.94516569268318e+01
  9.88693106098690e+01  2.94201140693846e+01
  1.00510213750885e+02  2.93911698899176e+01
  1.02151795808490e+02  2.93646769151686e+01
  1.03793998010140e+02  2.93405007954971e+01
  1.05436764795128e+02  2.93185195362650e+01
  1.07080043517931e+02  2.92986227786108e+01
  1.08723784167537e+02  2.92807111333032e+01
  1.10367939101749e+02  2.92646955696451e+01
  1.12012462795343e+02  2.92504968601660e+01
  1.13657311600868e+02  2.92380450809651e+01
  1.15302443520861e+02  2.92272791669903e+01
  1.16947817990213e+02  2.92181465211793e+01
  1.18593395667447e+02  2.92106026762045e+01
  1.20239138233659e+02  2.92046110075103e+01
  1.21885008197895e+02  2.92001424963777e+01
  1.23530968707777e+02  2.91971755418698e+01
  1.25176983364170e+02  2.91956958206856e+01
  1.26823016038739e+02  2.91956961941644e+01
  1.28469030693225e+02  2.91971766619194e+01
  1.30114991199295e+02  2.92001443618381e+01
  1.31760861157822e+02  2.92046136164482e+01
  1.33406603716437e+02  2.92106060259139e+01
  1.35052181384200e+02  2.92181506081820e+01
  1.36697555842224e+02  2.92272839870363e+01
  1.38342687749050e+02  2.92380506290335e+01
  1.39987536539596e+02  2.92505031304653e+01
  1.41632060216424e+02  2.92647025556136e+01
  1.43276215132115e+02  2.92807188276092e+01
  1.44919955761479e+02  2.92986311731527e+01
  1.46563234462360e+02  2.93185286221701e+01
  1.48206001223789e+02  2.93405105631209e+01
  1.49848203400290e+02  2.93646873540917e+01
  1.51489785431210e+02  2.93911809889432e+01
  1.53130688544063e+02  2.94201258165331e+01
  1.54770850441055e+02  2.94516693093345e+01
  1.56410204968243e+02  2.94859728754658e+01
  1.58048681767127e+02  2.95232127051202e+01
  1.59686205909028e+02  2.95635806384471e+01
  1.61322697513275e+02  2.96072850369137e+01
  1.62958071351188e+02  2.96545516338412e+01
  1.64592236439035e+02  2.97056243319573e+01
  1.66225095624732e+02  2.97607659062162e+01
  1.67856545175051e+02  2.98202585586439e+01
  1.69486474372565e+02  2.98844042584840e+01
  1.71114765134654e+02  2.99535247855122e+01
  1.72741291670565e+02  3.00279613773741e+01
  1.74365920196852e+02  3.01080738638424e+01
  1.75988508736527e+02  3.01942391531455e+01
  1.77608907032708e+02  3.02868489197844e+01
  1.79226956613360e+02  3.03863063320530e+01
  1.80842491049369e+02  3.04930216541209e+01
  1.82455336453159e+02  3.06074065660053e+01
  1.84065312268394e+02  3.07298670693624e+01
  1.85672232402018e+02  3.08607948917676e+01
  1.87275906746648e+02  3.10005573697332e+01
  1.88876143132796e+02  3.11494858813092e+01
  1.90472749735465e+02  3.13078630090695e+01
  1.92065537937666e+02  3.14759087351963e+01
  1.93654325624475e+02  3.16537660890103e+01
  1.95238940846873e+02  3.18414867668239e+01
  1.96819225757472e+02  3.20390173066713e+01
  1.98395040351900e+02  3.22461920628720e+01
  1.99966266134868e+02  3.24627285326234e+01
  2.01532810026621e+02  3.26882174040510e+01
  2.03094607927143e+02  3.29221147432809e+01
  2.04651627765096e+02  3.31637364760243e+01
  2.06203871889778e+02  3.34122551101632e+01
  2.07751378711634e+02  3.36666984536697e+01
  2.09294223556598e+02  3.39259499100170e+01
  2.10832518765598e+02  3.41887497919251e+01
  2.12366413154738e+02  3.44536966381201e+01
  2.13896090998094e+02  3.47192475491580e+01
  2.15421770678102e+02  3.49837175164358e+01
  2.16943703205406e+02  3.52452770972790e+01
  2.18462170808418e+02  3.55019477666648e+01
  2.19977485761898e+02  3.57515943607330e+01
  2.21489989572263e+02  3.59919141093988e+01
  2.23000052559996e+02  3.62204221277878e+01
  2.24508073795201e+02  3.64344339161449e+01
  2.26014481360618e+02  3.66310437375527e+01
  2.27519732847585e+02  3.68070980946199e+01
  2.29024315973133e+02  3.69591634876962e+01
  2.30528749248772e+02  3.70834871420802e+01
  2.32033582732764e+02  3.71759486114829e+01
  2.33539399066928e+02  3.72319988848188e+01
  2.35046815245827e+02  3.72465789640135e+01
  2.36556485774581e+02  3.72140079370630e+01
  2.38069108253307e+02  3.71278285568721e+01
  2.39585433081821e+02  3.69805863375417e+01
  2.41106279949562e+02  3.67634999711402e+01
  2.42632565591137e+02  3.64659433456362e+01
  2.44165351295295e+02  3.60745830598395e+01
  2.45705928688329e+02  3.55718406280140e+01
  2.47255992472636e+02  3.49330207849375e+01
  2.48818033259309e+02  3.41204285664951e+01
  2.50396330446950e+02  3.30685944593906e+01
  2.52000000000000e+02  3.16330942514521e+01
  0.00000000000000e+00  3.19093375806095e+01
  1.60035054600320e+00  3.33752002537307e+01
  3.17620589058477e+00  3.44562171297031e+01
  4.73660329733516e+00  3.52969862458795e+01
  6.28577479828321e+00  3.59634635343951e+01
  7.82616515757054e+00  3.64936346538787e+01
  9.35941586357562e+00  3.69123272967774e+01
  1.08867574842568e+01  3.72371558367211e+01
  1.24091853513521e+01  3.74814346944416e+01
  1.39275483601292e+01  3.76557412568601e+01
  1.54425986836482e+01  3.77687937472870e+01
  1.69550210522997e+01  3.78279784272172e+01
  1.84654503077452e+01  3.78396846308306e+01
  1.99744818634675e+01  3.78095287872764e+01
  2.14826778111256e+01  3.77425105014611e+01
  2.29905703932885e+01  3.76431251883737e+01
  2.44986638932326e+01  3.75154456711872e+01
  2.60074356123348e+01  3.73631828709248e+01
  2.75173364019161e+01  3.71897336311488e+01
  2.90287909865639e+01  3.69982191667770e+01
  3.05421981609193e+01  3.67915163492796e+01
  3.20579308469465e+01  3.65722832592721e+01
  3.35763359539180e+01  3.63429799349919e+01
  3.50977339898830e+01  3.61058851762306e+01
  3.66224184246818e+01  3.58631105612350e+01
  3.81506547759869e+01  3.56166112217073e+01
  3.96826794554502e+01  3.53681935389999e+01
  4.12186984726015e+01  3.51195202495790e+01
  4.27588861335312e+01  3.48721135012746e+01
  4.43033838950356e+01  3.46273564614018e+01
  4.58522995348937e+01  3.43864940415550e+01
  4.74057067488092e+01  3.41506327116487e+01
  4.89636453039181e+01  3.39207402695976e+01
  5.05261218422968e+01  3.36976464601586e+01
  5.20931113580521e+01  3.34820449133400e+01
  5.36645593182221e+01  3.32744967514664e+01
  5.52403843492114e+01  3.30754360688963e+01
  5.68204813717252e+01  3.28851773284518e+01
  5.84047250408577e+01  3.27039245446203e+01
  5.99929729739112e+01  3.25317753468693e+01
  6.15850690655420e+01  3.23687271167856e+01
  6.31808470091395e+01  3.22146894191798e+01
  6.47801336051059e+01  3.20694969441857e+01
  6.63827517681035e+01  3.19329224735638e+01
  6.79885231754982e+01  3.18046894298330e+01
  6.95972705278361e+01  3.16844836431698e+01
  7.12088194168940e+01  3.15719640647858e+01
  7.28229998163507e+01  3.14667722535812e+01
  7.44396472240327e+01  3.13685405545130e+01
  7.60586034933450e+01  3.12768989649912e+01
  7.76797173956709e+01  3.11914807460148e+01
  7.93028449561950e+01  3.11119268769992e+01
  8.09278496037793e+01  3.10378894788531e+01
  8.25546021720855e+01  3.09690343415745e+01
  8.41829807848312e+01  3.09050426937130e+01
  8.58128706534394e+01  3.08456123446329e+01
  8.74441638107760e+01  3.07904583193780e+01
  8.90767588004127e+01  3.07393130922889e+01
  9.07105603370412e+01  3.06919265110030e+01
  9.23454789503510e+01  3.06480654882034e+01
  9.39814306218720e+01  3.06075135251972e+01
  9.56183364219526e+01  3.05700701194849e+01
  9.72561221521341e+01  3.05355500980937e+01
  9.88947179966505e+01  3.05037829096050e+01
  1.00534058185565e+02  3.04746119004165e+01
  1.02174080671106e+02  3.04478935947126e+01
  1.03814726818025e+02  3.04234969926994e+01
  1.05455941108248e+02  3.04013028977442e+01
  1.07097670859661e+02  3.03812032799671e+01
  1.08739865958574e+02  3.03631006814390e+01
  1.10382478605176e+02  3.03469076663089e+01
  1.12025463071141e+02  3.03325463178089e+01
  1.13668775468434e+02  3.03199477830818e+01
  1.15312373528302e+02  3.03090518660613e+01
  1.16956216389399e+02  3.02998066681526e+01
  1.18600264393949e+02  3.02921682761554e+01
  1.20244478890880e+02  3.02861004967112e+01
  1.21888822044818e+02  3.02815746364992e+01
  1.23533256649880e+02  3.02785693274289e+01
  1.25177745947173e+02  3.02770703961680e+01
  1.26822253444945e+02  3.02770707774719e+01
  1.28466742740313e+02  3.02785704709432e+01
  1.30111177341528e+02  3.02815765410319e+01
  1.31755520489704e+02  3.02861031602757e+01
  1.33399734978968e+02  3.02921716959709e+01
  1.35043782973963e+02  3.02998108406446e+01
  1.36687625823631e+02  3.03090567868614e+01
  1.38331223870221e+02  3.03199534470283e+01
  1.39974536252411e+02  3.03325527189472e+01
  1.41617520701477e+02  3.03469147978911e+01
  1.43260133329417e+02  3.03631085359236e+01
  1.44902328407943e+02  3.03812118490186e+01
  1.46544058137286e+02  3.04013121722316e+01
  1.48185272403803e+02  3.04235069626939e+01
  1.49825918525430e+02  3.04479042494850e+01
  1.51465940984152e+02  3.04746232284327e+01
  1.53105281144780e+02  3.05037948985204e+01
  1.54743876959613e+02  3.05355627347460e+01
  1.56381662658788e+02  3.05700833898842e+01
  1.58018568426621e+02  3.06075274145143e+01
  1.59654520064744e+02  3.06480799807548e+01
  1.61289438643603e+02  3.06919415902326e+01
  1.62923240144837e+02  3.07393287407459e+01
  1.64555835098255e+02  3.07904745186905e+01
  1.66187128218679e+02  3.08456290754767e+01
  1.67817018049826e+02  3.09050599357746e+01
  1.69445396624719e+02  3.09690520735092e+01
  1.71072149154959e+02  3.10379076782366e+01
  1.72697153764456e+02  3.11119455202734e+01
  1.74320281287086e+02  3.11914998084274e+01
  1.75941395151947e+02  3.12769184205311e+01
  1.77560351384483e+02  3.13685603758402e+01
  1.79176998756363e+02  3.14667924119558e+01
  1.80791179121304e+02  3.15719845299963e+01
  1.82402727977471e+02  3.16845043834650e+01
  1.84011475298913e+02  3.18047104118618e+01
  1.85617246677801e+02  3.19329436623276e+01
  1.87219864815102e+02  3.20695183030091e+01
  1.88819151388623e+02  3.22147109097056e+01
  1.90414929313484e+02  3.23687486989999e+01
  1.92007025390556e+02  3.25317969791626e+01
  1.93595273313694e+02  3.27039461838877e+01
  1.95179516978010e+02  3.28851989302362e+01
  1.96759614001235e+02  3.30754575875727e+01
  1.98335439038853e+02  3.32745181404684e+01
  1.99906887011907e+02  3.34820661254240e+01
  2.01473876547069e+02  3.36976674476968e+01
  2.03036353111563e+02  3.39207609848908e+01
  2.04594291699587e+02  3.41506531072497e+01
  2.06147698953207e+02  3.43865140705934e+01
  2.07696614639441e+02  3.46273760779011e+01
  2.09241112453763e+02  3.48721326604550e+01
  2.10781300173614e+02  3.51195389081406e+01
  2.12317319255348e+02  3.53682116553844e+01
  2.13849344004515e+02  3.56166287563357e+01
  2.15377580430013e+02  3.58631274767259e+01
  2.16902264942784e+02  3.61059014376008e+01
  2.18423663059717e+02  3.63429955098454e+01
  2.19942068249807e+02  3.65722981179827e+01
  2.21457801020201e+02  3.67915304651723e+01
  2.22971208279226e+02  3.69982325163129e+01
  2.24482662947862e+02  3.71897461941168e+01
  2.25992563819739e+02  3.73631946306408e+01
  2.27501335618419e+02  3.75154566147004e+01
  2.29009429194205e+02  3.76431353066755e+01
  2.30517321847480e+02  3.77425197896935e+01
  2.32025517860588e+02  3.78095372449331e+01
  2.33534549475254e+02  3.78396922619463e+01
  2.35044978782432e+02  3.78279852405397e+01
  2.36557401195081e+02  3.77687997564297e+01
  2.38072451554574e+02  3.76557464804358e+01
  2.39590814591301e+02  3.74814391561872e+01
  2.41113242478667e+02  3.72371595656314e+01
  2.42640584112678e+02  3.69123303272883e+01
  2.44173834826245e+02  3.64936370261771e+01
  2.45714225188944e+02  3.59634652950199e+01
  2.47263396691171e+02  3.52969874490004e+01
  2.48823794099310e+02  3.44562178399622e+01
  2.50399649447452e+02  3.33752005525425e+01
  2.52000000000000e+02  3.19093375806095e+01
  0.00000000000000e+00  3.22021232738979e+01
  1.59707126917991e+00  3.36967255585056e+01
  3.17060186864528e+00  3.48060383293330e+01
  4.72949141374476e+00  3.56743761097685e+01
  6.27789485686883e+00  3.63679917693133e+01
  7.81819486036010e+00  3.69250755276989e+01
  9.35197174500087e+00  3.73705505185264e+01
  1.08803926349004e+01  3.77220552809847e+01
  1.24043880549415e+01  3.79928863020297e+01
  1.39247423038039e+01  3.81935793071470e+01
  1.54421444137300e+01  3.83327988617609e+01
  1.69572183248371e+01  3.84178728530327e+01
  1.84705410867655e+01  3.84551319775470e+01
  1.99826537959115e+01  3.84501364005508e+01
  2.14940680383808e+01  3.84078332997172e+01
  2.30052695636698e+01  3.83326701738332e+01
  2.45167202404594e+01  3.82286766780233e+01
  2.60288589710205e+01  3.80995252345769e+01
  2.75421020418252e+01  3.79485784617541e+01
  2.90568431724270e+01  3.77789270092947e+01
  3.05734533815734e+01  3.75934201143220e+01
  3.20922807001751e+01  3.73946904080539e+01
  3.36136497148002e+01  3.71851739943976e+01
  3.51378609238485e+01  3.69671267256916e+01
  3.66651899261689e+01  3.67426378509278e+01
  3.81958864261040e+01  3.65136406655341e+01
  3.97301730896879e+01  3.62819203546476e+01
  4.12682443338279e+01  3.60491195054281e+01
  4.28102651599504e+01  3.58167417933006e+01
  4.43563701612664e+01  3.55861543855621e+01
  4.59066628314772e+01  3.53585895583224e+01
  4.74612152582270e+01  3.51351454587347e+01
  4.90200683052951e+01  3.49167867793226e+01
  5.05832323588506e+01  3.47043461346541e+01
  5.21506886548490e+01  3.44985265376109e+01
  5.37223911614719e+01  3.42999052681836e+01
  5.52982689510714e+01  3.41089393052072e+01
  5.68782289642662e+01  3.39259723579464e+01
  5.84621590467605e+01  3.37512433889057e+01
  6.00499307977651e+01  3.35848901897459e+01
  6.16414025129082e+01  3.34269547894315e+01
  6.32364223387718e+01  3.32773946916455e+01
  6.48348312615033e+01  3.31360945759876e+01
  6.64364658508370e+01  3.30028780555256e+01
  6.80411607053773e+01  3.28775191158610e+01
  6.96487505687618e+01  3.27597529193460e+01
  7.12590721073855e+01  3.26492857322273e+01
  7.28719653575031e+01  3.25458038120125e+01
  7.44872748622855e+01  3.24489811685309e+01
  7.61048505278772e+01  3.23584861787307e+01
  7.77245482321989e+01  3.22739870886577e+01
  7.93462302218744e+01  3.21951564751428e+01
  8.09697653320037e+01  3.21216747651698e+01
  8.25950290612765e+01  3.20532329245354e+01
  8.42219035317493e+01  3.19895344316327e+01
  8.58502773589764e+01  3.19302966494581e+01
  8.74800454544474e+01  3.18752517015302e+01
  8.91111087786894e+01  3.18241469472015e+01
  9.07433740600850e+01  3.17767451403145e+01
  9.23767534915156e+01  3.17328243433710e+01
  9.40111644143944e+01  3.16921776580682e+01
  9.56465289974949e+01  3.16546128226425e+01
  9.72827739161833e+01  3.16199517171855e+01
  9.89198300361902e+01  3.15880298100396e+01
  1.00557632104866e+02  3.15586955715183e+01
  1.02196118451911e+02  3.15318098754577e+01
  1.03835230700833e+02  3.15072454043751e+01
  1.05474913491776e+02  3.14848860701655e+01
  1.07115114215943e+02  3.14646264591818e+01
  1.08755782761478e+02  3.14463713081019e+01
  1.10396871270421e+02  3.14300350150735e+01
  1.12038333906147e+02  3.14155411891621e+01
  1.13680126630608e+02  3.14028222400124e+01
  1.15322206990541e+02  3.13918190088148e+01
  1.16964533911785e+02  3.13824804410755e+01
  1.18607067500801e+02  3.13747633012846e+01
  1.20249768852436e+02  3.13686319293151e+01
  1.21892599862993e+02  3.13640580382375e+01
  1.23535523047633e+02  3.13610205531741e+01
  1.25178501361154e+02  3.13595054908214e+01
  1.26821498021174e+02  3.13595058793254e+01
  1.28464476332756e+02  3.13610217182786e+01
  1.30107399513522e+02  3.13640599787203e+01
  1.31750230518277e+02  3.13686346431390e+01
  1.33392931862194e+02  3.13747667855980e+01
  1.35035465441590e+02  3.13824846922123e+01
  1.36677792351332e+02  3.13918240222944e+01
  1.38319872697903e+02  3.14028280105397e+01
  1.39961665407171e+02  3.14155477106275e+01
  1.41603128025902e+02  3.14300422805525e+01
  1.43244216516084e+02  3.14463793098540e+01
  1.44884885041133e+02  3.14646351886497e+01
  1.46525085743131e+02  3.14848955179728e+01
  1.48164768510274e+02  3.15072555603239e+01
  1.49803880733819e+02  3.15318207285247e+01
  1.51442367053971e+02  3.15587071098498e+01
  1.53080169094301e+02  3.15880420209452e+01
  1.54717225184585e+02  3.16199645871301e+01
  1.56353470072252e+02  3.16546263372355e+01
  1.57988834623118e+02  3.16921918020510e+01
  1.59623245512646e+02  3.17328391006015e+01
  1.61256624909713e+02  3.17767604937479e+01
  1.62888890155846e+02  3.18241628788680e+01
  1.64519953444052e+02  3.18752681925082e+01
  1.66149721502851e+02  3.19303136798433e+01
  1.67778095292920e+02  3.19895519805017e+01
  1.69404969725914e+02  3.20532509699048e+01
  1.71030233417569e+02  3.21216932839497e+01
  1.72653768490141e+02  3.21951754430856e+01
  1.74275450442540e+02  3.22740064803013e+01
  1.75895148110104e+02  3.23585059673386e+01
  1.77512723739721e+02  3.24490013260292e+01
  1.79128033209599e+02  3.25458243089256e+01
  1.80740926426194e+02  3.26493065376156e+01
  1.82351247933015e+02  3.27597740007483e+01
  1.83958837766678e+02  3.28775404392453e+01
  1.85563532593965e+02  3.30028995852531e+01
  1.87165167158923e+02  3.31361162747953e+01
  1.88763576060581e+02  3.32774165206524e+01
  1.90358595869113e+02  3.34269767081726e+01
  1.91950067571109e+02  3.35849121562408e+01
  1.93537839313591e+02  3.37512653597624e+01
  1.95121769392612e+02  3.39259942885041e+01
  1.96701729407783e+02  3.41089611497174e+01
  1.98277607205166e+02  3.42999269800281e+01
  1.99849309725686e+02  3.44985480695547e+01
  2.01416766041935e+02  3.47043674391235e+01
  2.02979930122256e+02  3.49168078087027e+01
  2.04538783202679e+02  3.51351661656764e+01
  2.06093335669349e+02  3.53586098960519e+01
  2.07643628385919e+02  3.55861743081842e+01
  2.09189733439807e+02  3.58167612560904e+01
  2.10731754324380e+02  3.60491384651057e+01
  2.12269825632419e+02  3.62819387696339e+01
  2.13804112364827e+02  3.65136584961859e+01
  2.15334808937899e+02  3.67426550597550e+01
  2.16862138016982e+02  3.69671432775573e+01
  2.18386349305658e+02  3.71851898567071e+01
  2.19907718401959e+02  3.73947055509360e+01
  2.21426545803413e+02  3.75934345108066e+01
  2.22943156095671e+02  3.77789406354916e+01
  2.24457897308697e+02  3.79485912970345e+01
  2.25971140460264e+02  3.80995372617595e+01
  2.27483279268944e+02  3.82286878835637e+01
  2.28994730020236e+02  3.83326805480151e+01
  2.30505931615465e+02  3.84078428368414e+01
  2.32017345922428e+02  3.84501450991192e+01
  2.33529458689822e+02  3.84551398404376e+01
  2.35042781503085e+02  3.84178798876645e+01
  2.36557855458113e+02  3.83328050802475e+01
  2.38075257604264e+02  3.81935847264439e+01
  2.39595611881637e+02  3.79928909440869e+01
  2.41119607322775e+02  3.77220591729272e+01
  2.42648028227018e+02  3.73705536929048e+01
  2.44181805120315e+02  3.69250780228875e+01
  2.45722105128266e+02  3.63679936302135e+01
  2.47270508573538e+02  3.56743773891882e+01
  2.48829398120625e+02  3.48060390908960e+01
  2.50402928723991e+02  3.36967258829890e+01
  2.52000000000000e+02  3.22021232738979e+01
  0.00000000000000e+00  3.25123423878468e+01
  1.59384105918773e+00  3.40340159514316e+01
  3.16516503306888e+00  3.51706892154292e+01
  4.72267829081736e+00  3.60659381960704e+01
  6.27043199373643e+00  3.67861272310095e+01
  7.81073271878562e+00  3.73695678897782e+01
  9.34509309606185e+00  3.78412428957762e+01
  1.08746150918208e+01  3.82188029251132e+01
  1.24001657057620e+01  3.85155264980417e+01
  1.39224676830437e+01  3.87419133994532e+01
  1.54421509113518e+01  3.89065826496583e+01
  1.69597829614887e+01  3.90168124634692e+01
  1.84758875857618e+01  3.90788832415072e+01
  1.99909558953434e+01  3.90983063896323e+01
  2.15054529821705e+01  3.90799831153135e+01
  2.30198216961306e+01  3.90283183568525e+01
  2.45344846191601e+01  3.89473028931823e+01
  2.60498449112029e+01  3.88405739738131e+01
  2.75662865091788e+01  3.87114624969532e+01
  2.90841739570809e+01  3.85630304080641e+01
  3.06038520125350e+01  3.83981007176733e+01
  3.21256450910060e+01  3.82192817517538e+01
  3.36498565626208e+01  3.80289867326575e+01
  3.51767679091703e+01  3.78294496689230e+01
  3.67066377757886e+01  3.76227387397201e+01
  3.82397009112736e+01  3.74107668775299e+01
  3.97761670300038e+01  3.71952997663209e+01
  4.13162196647682e+01  3.69779617199740e+01
  4.28600151017125e+01  3.67602399148775e+01
  4.44076815014695e+01  3.65434874715596e+01
  4.59593183081271e+01  3.63289258239164e+01
  4.75149960078994e+01  3.61176462778733e+01
  4.90747563205851e+01  3.59106114419173e+01
  5.06386128843169e+01  3.57086572320982e+01
  5.22065524452884e+01  3.55124957884829e+01
  5.37785365291234e+01  3.53227195501159e+01
  5.53545035384330e+01  3.51398066318005e+01
  5.69343711949637e+01  3.49641275342034e+01
  5.85180392262360e+01  3.47959530964895e+01
  6.01053918843859e+01  3.46354576839156e+01
  6.16963005632205e+01  3.44827239973585e+01
  6.32906266276145e+01  3.43377532853664e+01
  6.48882241148991e+01  3.42004759719100e+01
  6.64889422380580e+01  3.40707623583368e+01
  6.80926276404834e+01  3.39484330810785e+01
  6.96991263718010e+01  3.38332690514095e+01
  7.13082855721724e+01  3.37250206621598e+01
  7.29199548674691e+01  3.36234161107246e+01
  7.45339874892643e+01  3.35281687509088e+01
  7.61502411416829e+01  3.34389834427947e+01
  7.77685786420757e+01  3.33555619166550e+01
  7.93888683647683e+01  3.32776072025376e+01
  8.10109845173462e+01  3.32048272016730e+01
  8.26348072776666e+01  3.31369374904298e+01
  8.42602228175505e+01  3.30736634539017e+01
  8.58871232363190e+01  3.30147418462417e+01
  8.75154064243323e+01  3.29599218704046e+01
  8.91449758736933e+01  3.29089658626025e+01
  9.07757404504416e+01  3.28616496578175e+01
  9.24076141399865e+01  3.28177627031295e+01
  9.40405157752459e+01  3.27771079760966e+01
  9.56743687549835e+01  3.27395017564383e+01
  9.73091007581688e+01  3.27047732910776e+01
  9.89446434587838e+01  3.26727643853337e+01
  1.00580932244355e+02  3.26433289467640e+01
  1.02217905940556e+02  3.26163325027862e+01
  1.03855506543463e+02  3.25916517087211e+01
  1.05493678960482e+02  3.25691738591744e+01
  1.07132370760446e+02  3.25487964126477e+01
  1.08771531933071e+02  3.25304265368158e+01
  1.10411114657632e+02  3.25139806799643e+01
  1.12051073080552e+02  3.24993841725411e+01
  1.13691363101382e+02  3.24865708615925e+01
  1.15331942166601e+02  3.24754827799413e+01
  1.16972769070501e+02  3.24660698512931e+01
  1.18613803762446e+02  3.24582896319560e+01
  1.20255007159672e+02  3.24521070895180e+01
  1.21896340964821e+02  3.24474944185957e+01
  1.23537767487361e+02  3.24444308936261e+01
  1.25179249468042e+02  3.24429027586071e+01
  1.26820749905512e+02  3.24429031536721e+01
  1.28462231884244e+02  3.24444320784042e+01
  1.30103658402892e+02  3.24474963918361e+01
  1.31744992202210e+02  3.24521098491361e+01
  1.33386195591683e+02  3.24582931750333e+01
  1.35027230273965e+02  3.24660741740774e+01
  1.36668057166314e+02  3.24754878778460e+01
  1.38308636218117e+02  3.24865767291969e+01
  1.39948926223696e+02  3.24993908035899e+01
  1.41588884629562e+02  3.25139880673664e+01
  1.43228467335304e+02  3.25304346726434e+01
  1.44867628487386e+02  3.25488052881345e+01
  1.46506320265132e+02  3.25691834647131e+01
  1.48144492658309e+02  3.25916620338602e+01
  1.49782093235809e+02  3.26163435362257e+01
  1.51419066905100e+02  3.26433406763496e+01
  1.53055355662330e+02  3.26727767980503e+01
  1.54690898333247e+02  3.27047863730396e+01
  1.56325630305463e+02  3.27395154928792e+01
  1.57959483253050e+02  3.27771223513555e+01
  1.59592384855078e+02  3.28177777006352e+01
  1.61224258510420e+02  3.28616652600688e+01
  1.62855023052113e+02  3.29089820511458e+01
  1.64484592465697e+02  3.29599386258076e+01
  1.66112875617353e+02  3.30147591480622e+01
  1.67739775999342e+02  3.30736812806529e+01
  1.69365191502194e+02  3.31369558195406e+01
  1.70989014225416e+02  3.32048460094439e+01
  1.72611130341034e+02  3.32776264640921e+01
  1.74231420027129e+02  3.33555816058877e+01
  1.75849757491528e+02  3.34390035323159e+01
  1.77466011108824e+02  3.35281892119879e+01
  1.79080043696652e+02  3.36234369132336e+01
  1.80691712959450e+02  3.37250417745193e+01
  1.82300872129123e+02  3.38332904405413e+01
  1.83907370831899e+02  3.39484547123659e+01
  1.85511056208317e+02  3.40707841956001e+01
  1.87111774308397e+02  3.42004979773995e+01
  1.88709371775942e+02  3.43377754197773e+01
  1.90303697824353e+02  3.44827462198741e+01
  1.91894606491383e+02  3.46354799522807e+01
  1.93481959142320e+02  3.47959753671173e+01
  1.95065627171367e+02  3.49641497623177e+01
  1.96645494831031e+02  3.51398287716123e+01
  1.98221461849162e+02  3.53227415550338e+01
  1.99793445947784e+02  3.55125176113547e+01
  2.01361385529722e+02  3.57086788254760e+01
  2.02925242120741e+02  3.59106327583395e+01
  2.04485002467091e+02  3.61176672701566e+01
  2.06040680206868e+02  3.63289464454502e+01
  2.07592317059742e+02  3.65435076765965e+01
  2.09139983511699e+02  3.67602596588131e+01
  2.10683779006500e+02  3.69779809596128e+01
  2.12223831704361e+02  3.71953184601251e+01
  2.13760297890918e+02  3.74107849858503e+01
  2.15293361098371e+02  3.76227562250101e+01
  2.16823231040431e+02  3.78294664959362e+01
  2.18350142465165e+02  3.80290028686350e+01
  2.19874354016917e+02  3.82192971666013e+01
  2.21396147176635e+02  3.83981153841345e+01
  2.22915825313565e+02  3.85630443018909e+01
  2.24433712842259e+02  3.87114755970769e+01
  2.25950154519409e+02  3.88405862625164e+01
  2.27465514888069e+02  3.89473143562736e+01
  2.28980177884231e+02  3.90283289838387e+01
  2.30494546666941e+02  3.90799928995720e+01
  2.32009043817295e+02  3.90983153285781e+01
  2.33524112184424e+02  3.90788913367558e+01
  2.35040216859629e+02  3.90168197209948e+01
  2.36557848953605e+02  3.89065890799488e+01
  2.38077532218380e+02  3.87419190176704e+01
  2.39599834224720e+02  3.85155313242007e+01
  2.41125384860567e+02  3.82188069843065e+01
  2.42654906871665e+02  3.78412462184869e+01
  2.44189267258681e+02  3.73695705123590e+01
  2.45729567989235e+02  3.67861291964818e+01
  2.47277321695182e+02  3.60659395555957e+01
  2.48834834955541e+02  3.51706900312824e+01
  2.50406158933686e+02  3.40340163033564e+01
  2.52000000000000e+02  3.25123423878468e+01
  0.00000000000000e+00  3.28409212399419e+01
  1.59066962658171e+00  3.43879520544503e+01
  3.15990606221773e+00  3.55509982680804e+01
  4.71617077911844e+00  3.64724480209778e+01
  6.26338743630605e+00  3.72185960661446e+01
  7.80377464432415e+00  3.78277948287124e+01
  9.33877209505182e+00  3.83250517379258e+01
  1.08694154783563e+01  3.87280172767768e+01
  1.23965096756147e+01  3.90499509978051e+01
  1.39207187581085e+01  3.93013212636909e+01
  1.54426171424860e+01  3.94907084728874e+01
  1.69627200553328e+01  3.96253488129627e+01
  1.84815020340114e+01  3.97114798523444e+01
  1.99994081450713e+01  3.97545710520807e+01
  2.15168606519845e+01  3.97594835960740e+01
  2.30342628131585e+01  3.97305848709170e+01
  2.45520008330886e+01  3.96718308678551e+01
  2.60704446334003e+01  3.95868269067631e+01
  2.75899479223592e+01  3.94788746821338e+01
  2.91108478496749e+01  3.93510093714350e+01
  3.06334644098014e+01  3.92060292750344e+01
  3.21580996776609e+01  3.90465196695334e+01
  3.36850369149569e+01  3.88748720360314e+01
  3.52145395736157e+01  3.86932996840687e+01
  3.67468502415517e+01  3.85038509614341e+01
  3.82821895325503e+01  3.83084198197341e+01
  3.98207549517971e+01  3.81087539752637e+01
  4.13627197963983e+01  3.79064611205624e+01
  4.29082321659798e+01  3.77030136344061e+01
  4.44574141674628e+01  3.74997522442245e+01
  4.60103613948419e+01  3.72978890317359e+01
  4.75671427290242e+01  3.70985096621583e+01
  4.91278005239628e+01  3.69025754479228e+01
  5.06923512274997e+01  3.67109258749934e+01
  5.22607864441819e+01  3.65242818791817e+01
  5.38330744188403e+01  3.63432500820366e+01
  5.54091618935088e+01  3.61683281077510e+01
  5.69889762687622e+01  3.59999110085372e+01
  5.85724279850453e+01  3.58382987226425e+01
  6.01594127542273e+01  3.56836989537714e+01
  6.17498138906907e+01  3.55362314889302e+01
  6.33435048521703e+01  3.53959375269082e+01
  6.49403516831123e+01  3.52627893751268e+01
  6.65402152980264e+01  3.51367002282681e+01
  6.81429535585491e+01  3.50175337580519e+01
  6.97484231143534e+01  3.49051132776682e+01
  7.13564809932358e+01  3.47992302906961e+01
  7.29669859387555e+01  3.46996522865203e+01
  7.45797995041741e+01  3.46061296966047e+01
  7.61947869190304e+01  3.45184019740224e+01
  7.78118177496415e+01  3.44362027994392e+01
  7.94307663775082e+01  3.43592644488089e+01
  8.10515123204458e+01  3.42873213811541e+01
  8.26739404207367e+01  3.42201131196084e+01
  8.42979409231146e+01  3.41573865066116e+01
  8.59234094633193e+01  3.40988974161954e+01
  8.75502469855857e+01  3.40444120041534e+01
  8.91783596049640e+01  3.39937075718593e+01
  9.08076584279764e+01  3.39465731127106e+01
  9.24380593428700e+01  3.39028096025013e+01
  9.40694827887107e+01  3.38622300871263e+01
  9.57018535107762e+01  3.38246596133428e+01
  9.73351003081713e+01  3.37899350411546e+01
  9.89691557782782e+01  3.37579047699064e+01
  1.00603956061566e+02  3.37284284044546e+01
  1.02239440589371e+02  3.37013763828256e+01
  1.03875551836535e+02  3.36766295825461e+01
  1.05512235080172e+02  3.36540789192847e+01
  1.07149438165370e+02  3.36336249484979e+01
  1.08787111278248e+02  3.36151774783604e+01
  1.10425206726500e+02  3.35986552003038e+01
  1.12063678727295e+02  3.35839853419168e+01
  1.13702483202277e+02  3.35711033457220e+01
  1.15341577579210e+02  3.35599525763677e+01
  1.16980920599765e+02  3.35504840580303e+01
  1.18620472132826e+02  3.35426562432522e+01
  1.20260192992674e+02  3.35364348140238e+01
  1.21900044761337e+02  3.35317925156160e+01
  1.23539989614382e+02  3.35287090234584e+01
  1.25179990149397e+02  3.35271708432245e+01
  1.26820009216411e+02  3.35271712441989e+01
  1.28460009749472e+02  3.35287102259556e+01
  1.30099954598612e+02  3.35317945183588e+01
  1.31739806361431e+02  3.35364376148831e+01
  1.33379527213505e+02  3.35426598392469e+01
  1.35019078736880e+02  3.35504884453277e+01
  1.36658421745858e+02  3.35599577502824e+01
  1.38297516109350e+02  3.35711093007160e+01
  1.39936320569055e+02  3.35839920715983e+01
  1.41574792552774e+02  3.35986626974263e+01
  1.43212887982187e+02  3.36151857348210e+01
  1.44850561074511e+02  3.36336339553351e+01
  1.46487764137487e+02  3.36540886666756e+01
  1.48124447357290e+02  3.36766400598025e+01
  1.49760558579071e+02  3.37013875783894e+01
  1.51396043080007e+02  3.37284403058913e+01
  1.53030843335015e+02  3.37579173638978e+01
  1.54664898775512e+02  3.37899483134895e+01
  1.56298145542054e+02  3.38246735489052e+01
  1.57930516232119e+02  3.38622446698819e+01
  1.59561939644917e+02  3.39028248154810e+01
  1.61192340525837e+02  3.39465889379914e+01
  1.62821639314072e+02  3.39937239905415e+01
  1.64449751898002e+02  3.40444289963344e+01
  1.66076589384298e+02  3.40989149609402e+01
  1.67702057888170e+02  3.41574045819187e+01
  1.69326058354029e+02  3.42201317023721e+01
  1.70948486417806e+02  3.42873404471230e+01
  1.72569232324441e+02  3.43592839725408e+01
  1.74188180916443e+02  3.44362227542531e+01
  1.75805211711874e+02  3.45184223319486e+01
  1.77420199092498e+02  3.46061504283344e+01
  1.79033012624920e+02  3.46996733613566e+01
  1.80643517538986e+02  3.47992516765080e+01
  1.82251575388286e+02  3.49051349408521e+01
  1.83857044916727e+02  3.50175556635021e+01
  1.85459783152472e+02  3.51367223393613e+01
  1.87059646745575e+02  3.52628116537244e+01
  1.88656493558068e+02  3.53959599333803e+01
  1.90250184504856e+02  3.55362539822046e+01
  1.91840585630786e+02  3.56837214914120e+01
  1.93427570393979e+02  3.58383212609579e+01
  1.95011022109190e+02  3.59999335027218e+01
  1.96590836488628e+02  3.61683505120573e+01
  1.98166923973043e+02  3.63432723499777e+01
  1.99739211963259e+02  3.65243039637622e+01
  2.01307647201502e+02  3.67109477289618e+01
  2.02872197932724e+02  3.69025970240393e+01
  2.04432855761511e+02  3.70985309134726e+01
  2.05989637135661e+02  3.72979099118670e+01
  2.07542584408993e+02  3.74997727076381e+01
  2.09091766462187e+02  3.77030336366830e+01
  2.10637278888919e+02  3.79064806186542e+01
  2.12179243795703e+02  3.81087729277347e+01
  2.13717809281674e+02  3.83084381869858e+01
  2.15253148643368e+02  3.85038687059140e+01
  2.16785459385329e+02  3.86933167704649e+01
  2.18314962120637e+02  3.88748884314547e+01
  2.19841899436445e+02  3.90465353436901e+01
  2.21366534783870e+02  3.92060442003921e+01
  2.22889151423768e+02  3.93510235233844e+01
  2.24410051430185e+02  3.94788880391484e+01
  2.25929554796683e+02  3.95868394505575e+01
  2.27447998672075e+02  3.96718425835435e+01
  2.28965736763742e+02  3.97305957471690e+01
  2.30483138992458e+02  3.97594936252694e+01
  2.32000591561919e+02  3.97545802304623e+01
  2.33518497729816e+02  3.97114881801680e+01
  2.35037279759017e+02  3.96253562946495e+01
  2.36557382715611e+02  3.94907151171806e+01
  2.38079281136683e+02  3.93013270838273e+01
  2.39603490248765e+02  3.90499560117195e+01
  2.41130584468716e+02  3.87280215073659e+01
  2.42661227868336e+02  3.83250552134185e+01
  2.44196225329870e+02  3.78277975832234e+01
  2.45736612544432e+02  3.72185981405605e+01
  2.47283829205539e+02  3.64724494645144e+01
  2.48840093925695e+02  3.55509991413108e+01
  2.50409330365982e+02  3.43879524356600e+01
  2.52000000000000e+02  3.28409212399419e+01
  0.00000000000000e+00  3.31888211206343e+01
  1.58756697458728e+00  3.47594492590809e+01
  3.15483585097152e+00  3.59478246225114e+01
  4.70997604527360e+00  3.68947073690524e+01
  6.25676298226080e+00  3.76661465304326e+01
  7.79731737109897e+00  3.83004574707209e+01
  9.33300185735581e+00  3.88226382764517e+01
  1.08647852640075e+01  3.92503266088331e+01
  1.23934118777742e+01  3.95967611733524e+01
  1.39194898406023e+01  3.98723823422979e+01
  1.54435414955612e+01  4.00857377315856e+01
  1.69660334071035e+01  4.02440281698266e+01
  1.84873946191801e+01  4.03534550306774e+01
  2.00080277484406e+01  4.04194519802862e+01
  2.15283155863310e+01  4.04468456180669e+01
  2.30486248483698e+01  4.04399704248084e+01
  2.45693080670311e+01  4.04027514578123e+01
  2.60907042810411e+01  4.03387652240162e+01
  2.76131389919334e+01  4.02512866893592e+01
  2.91369236774271e+01  4.01433262181701e+01
  3.06623550358939e+01  4.00176589687646e+01
  3.21897140615624e+01  3.98768484830526e+01
  3.37192650053466e+01  3.97232656837483e+01
  3.52512542616537e+01  3.95591043334023e+01
  3.67859092338064e+01  3.93863941450007e+01
  3.83234371858853e+01  3.92070113731819e+01
  3.98640241112720e+01  3.90226871452074e+01
  4.14078336692357e+01  3.88350139789241e+01
  4.29550062518020e+01  3.86454509133361e+01
  4.45056582491011e+01  3.84553276714147e+01
  4.60598815774553e+01  3.82658482062996e+01
  4.76177435021557e+01  3.80780934968224e+01
  4.91792868076029e+01  3.78930241426231e+01
  5.07445303533889e+01  3.77114833235562e+01
  5.23134700200045e+01  3.75342003700001e+01
  5.38860800246359e+01  3.73617951230750e+01
  5.54623145660757e+01  3.71947831885679e+01
  5.70421097400764e+01  3.70335821090369e+01
  5.86253856534723e+01  3.68785183908885e+01
  6.02120484044761e+01  3.67298301405879e+01
  6.18019921621756e+01  3.65876709787364e+01
  6.33951014509091e+01  3.64521186048282e+01
  6.49912533617767e+01  3.63231836848242e+01
  6.65903196356190e+01  3.62008188207995e+01
  6.81921685750550e+01  3.60849273726044e+01
  6.97966667568214e+01  3.59753719274212e+01
  7.14036805285469e+01  3.58719822496773e+01
  7.30130772854122e+01  3.57745625860110e+01
  7.46247265313989e+01  3.56828982432855e+01
  7.62385007368465e+01  3.55967613982738e+01
  7.78542760088832e+01  3.55159161329795e+01
  7.94719325942004e+01  3.54401227181734e+01
  8.10913552349345e+01  3.53691411891457e+01
  8.27124333984547e+01  3.53027342722125e+01
  8.43350614009806e+01  3.52406697289884e+01
  8.59591384434718e+01  3.51827221889066e+01
  8.75845685763967e+01  3.51286745400843e+01
  8.92112606079979e+01  3.50783189454784e+01
  9.08391279686636e+01  3.50314575462977e+01
  9.24680885420993e+01  3.49879029086173e+01
  9.40980644722173e+01  3.49474782626671e+01
  9.57289819530706e+01  3.49100175777872e+01
  9.73607710077554e+01  3.48753655098476e+01
  9.89933652609994e+01  3.48433772522053e+01
  1.00626701709119e+02  3.48139183161282e+01
  1.02260720490171e+02  3.47868642620738e+01
  1.03895364656399e+02  3.47621003992866e+01
  1.05530579950492e+02  3.47395214678240e+01
  1.07166314586691e+02  3.47190313142982e+01
  1.08802519037383e+02  3.47005425702712e+01
  1.10439145825525e+02  3.46839763403033e+01
  1.12076149322993e+02  3.46692619050774e+01
  1.13713485554736e+02  3.46563364437499e+01
  1.15351112008507e+02  3.46451447786608e+01
  1.16988987449764e+02  3.46356391447354e+01
  1.18627071741325e+02  3.46277789852845e+01
  1.20265325667201e+02  3.46215307754295e+01
  1.21903710760069e+02  3.46168678740158e+01
  1.23542189131741e+02  3.46137704046063e+01
  1.25180723305994e+02  3.46122251659492e+01
  1.26819276053104e+02  3.46122255721700e+01
  1.28457810225402e+02  3.46137716228349e+01
  1.30096288593167e+02  3.46168699029500e+01
  1.31734673680187e+02  3.46215336128991e+01
  1.33372927598286e+02  3.46277826282507e+01
  1.35011011880157e+02  3.46356435892908e+01
  1.36648887309837e+02  3.46451500200286e+01
  1.38286513750166e+02  3.46563424762833e+01
  1.39923849966639e+02  3.46692687222585e+01
  1.41560853447041e+02  3.46839839347417e+01
  1.43197480216364e+02  3.47005509337018e+01
  1.44833684646531e+02  3.47190404375790e+01
  1.46469419260550e+02  3.47395313409327e+01
  1.48104634530867e+02  3.47621110113163e+01
  1.49739278671785e+02  3.47868756012278e+01
  1.51373297426064e+02  3.48139303697135e+01
  1.53006633846024e+02  3.48433900066244e+01
  1.54639228069805e+02  3.48753789505890e+01
  1.56271017093815e+02  3.49100316894136e+01
  1.57901934542881e+02  3.49474930288012e+01
  1.59531910440208e+02  3.49879183119258e+01
  1.61160870979967e+02  3.50314735684717e+01
  1.62788738306197e+02  3.50783355672113e+01
  1.64415430302745e+02  3.51286917410466e+01
  1.66040860400150e+02  3.51827399477167e+01
  1.67664937406820e+02  3.52406880231808e+01
  1.69287565373400e+02  3.53027530782020e+01
  1.70908643501047e+02  3.53691604821885e+01
  1.72528066106189e+02  3.54401424723257e+01
  1.74145722656423e+02  3.55159363210539e+01
  1.75761497894133e+02  3.55967819917946e+01
  1.77375272066274e+02  3.56829192124446e+01
  1.78986921280258e+02  3.57745838996256e+01
  1.80596318006730e+02  3.58720038751525e+01
  1.82203331749991e+02  3.59753938307188e+01
  1.83807829905564e+02  3.60849495182231e+01
  1.85409678821431e+02  3.62008411717679e+01
  1.87008745074697e+02  3.63232062027109e+01
  1.88604896968358e+02  3.64521412497733e+01
  1.90198006243632e+02  3.65876937095064e+01
  1.91787949991995e+02  3.67298529146569e+01
  1.93374612738151e+02  3.68785411645487e+01
  1.94957888651532e+02  3.70336048375377e+01
  1.96537683830668e+02  3.71948058262833e+01
  1.98113918382668e+02  3.73618176236989e+01
  1.99686528403515e+02  3.75342226867671e+01
  2.01255468092169e+02  3.77115054094811e+01
  2.02820711665919e+02  3.78930459507564e+01
  2.04382255005284e+02  3.80781149805129e+01
  2.05940116969800e+02  3.82658693194615e+01
  2.07494340343731e+02  3.84553483687912e+01
  2.09044992392144e+02  3.86454711507564e+01
  2.10592165031049e+02  3.88350337135491e+01
  2.12135974650182e+02  3.90227063357627e+01
  2.13676561641094e+02  3.92070299801750e+01
  2.15214089662505e+02  3.93864121309240e+01
  2.16748744707180e+02  3.95591216629215e+01
  2.18280734038520e+02  3.97232823238790e+01
  2.19810285059117e+02  3.98768644033261e+01
  2.21337644162603e+02  4.00176741413858e+01
  2.22863075599078e+02  4.01433406181695e+01
  2.24386860361935e+02  4.02513002947398e+01
  2.25909295148691e+02  4.03387780158991e+01
  2.27430691436213e+02  4.04027634205780e+01
  2.28951374725192e+02  4.04399815462371e+01
  2.30471684053547e+02  4.04468558894771e+01
  2.31991971952994e+02  4.04194613966716e+01
  2.33512605138371e+02  4.03534635908470e+01
  2.35033966400548e+02  4.02440358765492e+01
  2.36556458355730e+02  4.00857445917479e+01
  2.38080510047592e+02  3.98723883670862e+01
  2.39606588040515e+02  3.95967663784789e+01
  2.41135214677736e+02  3.92503310148354e+01
  2.42666998101654e+02  3.88226419091147e+01
  2.44202682599764e+02  3.83004603616976e+01
  2.45743236996180e+02  3.76661487182096e+01
  2.47290023937984e+02  3.68947089005842e+01
  2.48845164136206e+02  3.59478255562944e+01
  2.50412433017653e+02  3.47594496714865e+01
  2.52000000000000e+02  3.31888211206343e+01
  0.00000000000000e+00  3.35570377299165e+01
  1.58454331295061e+00  3.51494573887732e+01
  3.14996540676018e+00  3.63620576447964e+01
  4.70410145506971e+00  3.73335437169934e+01
  6.25056085749233e+00  3.81295482632359e+01
  7.79135828920716e+00  3.87882741591120e+01
  9.32777626230502e+00  3.93346768290999e+01
  1.08607166117295e+01  3.97863681826263e+01
  1.23908646613037e+01  4.01565633879716e+01
  1.39187752557138e+01  4.04556772628980e+01
  1.54449218247002e+01  4.06922294804576e+01
  1.69697256544784e+01  4.08733912666401e+01
  1.84935737005339e+01  4.10053336534489e+01
  2.00168294180271e+01  4.10934600177263e+01
  2.15398392057953e+01  4.11425673072065e+01
  2.30629360489424e+01  4.11569613649978e+01
  2.45864413235704e+01  4.11405399050857e+01
  2.61106653976248e+01  4.10968535727295e+01
  2.76359074866980e+01  4.10291529928086e+01
  2.91624550522744e+01  4.09404256394474e+01
  3.06905829223182e+01  4.08334250979214e+01
  3.22205522440004e+01  4.07106945015626e+01
  3.37526093350199e+01  4.05745853994451e+01
  3.52869844835593e+01  4.04272731349905e+01
  3.68238907543456e+01  4.02707699208812e+01
  3.83635228131019e+01  4.01069354922439e+01
  3.99060557985065e+01  3.99374856145121e+01
  4.14516442865103e+01  3.97639988860762e+01
  4.30004213989745e+01  3.95879222426321e+01
  4.45524981121541e+01  3.94105755539938e+01
  4.61079628161197e+01  3.92331556317253e+01
  4.76668811468952e+01  3.90567395048044e+01
  4.92292961330992e+01  3.88822874620912e+01
  5.07952286876783e+01  3.87106463722297e+01
  5.23646784455593e+01  3.85425534941275e+01
  5.39376249290424e+01  3.83786409320974e+01
  5.55140290051842e+01  3.82194408252708e+01
  5.70938345848264e+01  3.80653912936223e+01
  5.86769705020242e+01  3.79168430881131e+01
  6.02633522738898e+01  3.77740620364161e+01
  6.18528839581873e+01  3.76372326256488e+01
  6.34454602094160e+01  3.75064659050280e+01
  6.50409682819080e+01  3.73818076681899e+01
  6.66392899303711e+01  3.72632467128018e+01
  6.82403031691609e+01  3.71507229818642e+01
  6.98438838629220e+01  3.70441354106987e+01
  7.14499071321791e+01  3.69433493324525e+01
  7.30582485672486e+01  3.68482033291193e+01
  7.46687852520594e+01  3.67585154508435e+01
  7.62813966058895e+01  3.66740887605482e+01
  7.78959650556688e+01  3.65947161914186e+01
  7.95123765544901e+01  3.65201847301144e+01
  8.11305209635608e+01  3.64502789581831e+01
  8.27502923152886e+01  3.63847839980885e+01
  8.43715889747922e+01  3.63234879190551e+01
  8.59943137161384e+01  3.62661836623487e+01
  8.76183737282284e+01  3.62126705465459e+01
  8.92436805636748e+01  3.61627554116756e+01
  9.08701500423590e+01  3.61162534576283e+01
  9.24977021197305e+01  3.60729888276088e+01
  9.41262607283710e+01  3.60327949821882e+01
  9.57557535999366e+01  3.59955149041008e+01
  9.73861120733254e+01  3.59610011686274e+01
  9.90172708938145e+01  3.59291159093944e+01
  1.00649168006945e+02  3.58997307048312e+01
  1.02281744350125e+02  3.58727264064107e+01
  1.03914943644221e+02  3.58479929261776e+01
  1.05548712186849e+02  3.58254289979369e+01
  1.07182998648583e+02  3.58049419237914e+01
  1.08817753872929e+02  3.57864473154556e+01
  1.10452930680578e+02  3.57698688378794e+01
  1.12088483678217e+02  3.57551379611515e+01
  1.13724369071949e+02  3.57421937253646e+01
  1.15360544485233e+02  3.57309825220834e+01
  1.16996968781106e+02  3.57214578952162e+01
  1.18633601888374e+02  3.57135803634188e+01
  1.20270404631351e+02  3.57073172656303e+01
  1.21907338562696e+02  3.57026426309242e+01
  1.23544365798825e+02  3.56995370735335e+01
  1.25181448857363e+02  3.56979877136559e+01
  1.26818550496072e+02  3.56979881244507e+01
  1.28455633552657e+02  3.56995383054763e+01
  1.30092660784885e+02  3.57026446826905e+01
  1.31729594710389e+02  3.57073201350119e+01
  1.33366397445600e+02  3.57135840473242e+01
  1.35003030543195e+02  3.57214623896696e+01
  1.36639454827511e+02  3.57309878222242e+01
  1.38275630227382e+02  3.57421998254464e+01
  1.39911515605879e+02  3.57551448545409e+01
  1.41547068586498e+02  3.57698765170541e+01
  1.43182245375385e+02  3.57864557720024e+01
  1.44817000579275e+02  3.58049511484032e+01
  1.46451287018914e+02  3.58254389804089e+01
  1.48085055537869e+02  3.58480036554030e+01
  1.49718254806780e+02  3.58727378703752e+01
  1.51350831123334e+02  3.58997428906058e+01
  1.52982728208478e+02  3.59291288031271e+01
  1.54613886999708e+02  3.59610147555337e+01
  1.56244245442658e+02  3.59955291684513e+01
  1.57873738282709e+02  3.60328099072948e+01
  1.59502296858872e+02  3.60730043958086e+01
  1.61129848902923e+02  3.61162696502643e+01
  1.62756318347576e+02  3.61627722090756e+01
  1.64381625148425e+02  3.62126879279976e+01
  1.66005685125505e+02  3.62662016060726e+01
  1.67628409831597e+02  3.63235064021737e+01
  1.69249706455784e+02  3.63848029965932e+01
  1.70869477772330e+02  3.64502984468987e+01
  1.72487622146565e+02  3.65202046826607e+01
  1.74104033611125e+02  3.65947365801715e+01
  1.75718602027465e+02  3.66741095566004e+01
  1.77331213348940e+02  3.67585366239662e+01
  1.78941750002761e+02  3.68482248477268e+01
  1.80550091408504e+02  3.69433711635720e+01
  1.82156114650414e+02  3.70441575199473e+01
  1.83759695319138e+02  3.71507453334366e+01
  1.85360708535542e+02  3.72632692694712e+01
  1.86959030164625e+02  3.73818303913259e+01
  1.88554538221102e+02  3.75064887546334e+01
  1.90147114460041e+02  3.76372555604198e+01
  1.91736646136127e+02  3.77740850138262e+01
  1.93323027904202e+02  3.79168660645236e+01
  1.94906163822351e+02  3.80654142244196e+01
  1.96485969407978e+02  3.82194636650291e+01
  1.98062373495390e+02  3.83786636347663e+01
  1.99635319995637e+02  3.85425760132433e+01
  2.01204769775923e+02  3.87106686611431e+01
  2.02770702358635e+02  3.88823094742097e+01
  2.04333117378715e+02  3.90567611938418e+01
  2.05892035749047e+02  3.92331769519555e+01
  2.07447500498111e+02  3.94105964605010e+01
  2.08999577261706e+02  3.95879426915563e+01
  2.10548354429602e+02  3.97640188348485e+01
  2.12093942977671e+02  3.99375050220776e+01
  2.13636476027316e+02  4.01069543192710e+01
  2.15176108153960e+02  4.02707881299572e+01
  2.16713014495689e+02  4.04272906908027e+01
  2.18247389717576e+02  4.05746022689497e+01
  2.19779446883646e+02  4.07107106541430e+01
  2.21309416281341e+02  4.08334405055366e+01
  2.22837544227581e+02  4.09404402767727e+01
  2.24364091868740e+02  4.10291668373708e+01
  2.25889334031968e+02  4.10968666050370e+01
  2.27413558177938e+02  4.11405521087550e+01
  2.28937063521445e+02  4.11569727268771e+01
  2.30460160429665e+02  4.11425778174981e+01
  2.31983170277984e+02  4.10934696701095e+01
  2.33506426050859e+02  4.10053424452077e+01
  2.35030274146576e+02  4.08733991988012e+01
  2.36555078019867e+02  4.06922365579479e+01
  2.38081224625942e+02  4.04556834947341e+01
  2.39609135250925e+02  4.01565687875045e+01
  2.41139283324685e+02  3.97863727678725e+01
  2.42672223692297e+02  3.93346806232082e+01
  2.44208641678274e+02  3.87882771910445e+01
  2.45749439118589e+02  3.81295505688033e+01
  2.47295898526732e+02  3.73335453405574e+01
  2.48850034579646e+02  3.63620586423802e+01
  2.50415456678954e+02  3.51494578343455e+01
  2.52000000000000e+02  3.35570377299165e+01
  0.00000000000000e+00  3.39466003020349e+01
  1.58160896098180e+00  3.55589599775870e+01
  3.14530573619863e+00  3.67946161541391e+01
  4.69855444995846e+00  3.77898093416944e+01
  6.24478357206628e+00  3.86095912794165e+01
  7.78589528087740e+00  3.92919793754083e+01
  9.32308978507469e+00  3.98618537197966e+01
  1.08572022285524e+01  4.03367872329992e+01
  1.23888607033456e+01  4.07299680946381e+01
  1.39185692945856e+01  4.10517870770883e+01
  1.54467554740991e+01  4.13107398161396e+01
  1.69737983736102e+01  4.15139728304292e+01
  1.85000459865723e+01  4.16676319119025e+01
  2.00258256232067e+01  4.17770950243844e+01
  2.15514501206269e+01  4.18471338895036e+01
  2.30772213310610e+01  4.18820295882791e+01
  2.46034318135183e+01  4.18856557926146e+01
  2.61303653399683e+01  4.18615400365214e+01
  2.76582966593874e+01  4.18129108618426e+01
  2.91874908012301e+01  4.17427346982965e+01
  3.07182020995654e+01  4.16537450825837e+01
  3.22506730534035e+01  4.15484660344338e+01
  3.37851330971565e+01  4.14292308790307e+01
  3.53217973376750e+01  4.12981976154703e+01
  3.68608653180846e+01  4.11573620091614e+01
  3.84025198239291e+01  4.10085683375815e+01
  3.99469257595775e+01  4.08535180810319e+01
  4.14942291344227e+01  4.06937769922417e+01
  4.30445562025829e+01  4.05307809359116e+01
  4.45980128015102e+01  4.03658408647435e+01
  4.61546839301408e+01  4.02001472232455e+01
  4.77146335805224e+01  4.00347736324045e+01
  4.92779048559720e+01  3.98706803102080e+01
  5.08445203998888e+01  3.97087176924566e+01
  5.24144831337940e+01  3.95496304395853e+01
  5.39877772875631e+01  3.93940619633080e+01
  5.55643696903717e+01  3.92425595513253e+01
  5.71442112788140e+01  3.90955801109856e+01
  5.87272387695171e+01  3.89534964885684e+01
  6.03133762249679e+01  3.88165997673586e+01
  6.19025367149141e+01  3.86851025787910e+01
  6.34946241689112e+01  3.85591464294384e+01
  6.50895351919496e+01  3.84388092672392e+01
  6.66871607990030e+01  3.83241131167875e+01
  6.82873880332289e+01  3.82150316173879e+01
  6.98901014420252e+01  3.81114973122469e+01
  7.14951843944253e+01  3.80134085598640e+01
  7.31025202317806e+01  3.79206359662891e+01
  7.47119932509390e+01  3.78330282664344e+01
  7.63234895249671e+01  3.77504176114745e+01
  7.79368975708350e+01  3.76726242455866e+01
  7.95521088764724e+01  3.75994605775809e+01
  8.11690183013794e+01  3.75307346707327e+01
  8.27875243657364e+01  3.74662531872500e+01
  8.44075294429369e+01  3.74058238325926e+01
  8.60289398698629e+01  3.73492573498628e+01
  8.76516659882325e+01  3.72963691163701e+01
  8.92756221291225e+01  3.72469803939560e+01
  9.09007265514240e+01  3.72009192823891e+01
  9.25269013436296e+01  3.71580214216984e+01
  9.41540722970250e+01  3.71181304851718e+01
  9.57821687571256e+01  3.70810985002898e+01
  9.74111234590660e+01  3.70467860303612e+01
  9.90408723516470e+01  3.70150622452875e+01
  1.00671354413860e+02  3.69858049058166e+01
  1.02302511466944e+02  3.69589002819521e+01
  1.03934287984374e+02  3.69342430228681e+01
  1.05566630901632e+02  3.69117359927796e+01
  1.07199489427146e+02  3.68912900846923e+01
  1.08832814855392e+02  3.68728240217991e+01
  1.10466560382850e+02  3.68562641544589e+01
  1.12100680927229e+02  3.68415442591581e+01
  1.13735132950177e+02  3.68286053445760e+01
  1.15369874283517e+02  3.68173954688191e+01
  1.17004863958909e+02  3.68078695710238e+01
  1.18640062040749e+02  3.67999893198252e+01
  1.20275429461986e+02  3.67937229806159e+01
  1.21910927862540e+02  3.67890453030628e+01
  1.23546519429873e+02  3.67859374299781e+01
  1.25182166741296e+02  3.67843868283417e+01
  1.26817832607528e+02  3.67843872430296e+01
  1.28453479917005e+02  3.67859386735934e+01
  1.30089071480449e+02  3.67890473742604e+01
  1.31724569875181e+02  3.67937258771537e+01
  1.33359937288679e+02  3.67999930385638e+01
  1.34995135360880e+02  3.68078741079257e+01
  1.36630125024759e+02  3.68174008189479e+01
  1.38264866344739e+02  3.68286115020954e+01
  1.39899318352516e+02  3.68415512173303e+01
  1.41533438879953e+02  3.68562719056427e+01
  1.43167184388741e+02  3.68728325574473e+01
  1.44800509796640e+02  3.68912993953486e+01
  1.46433368300186e+02  3.69117460680748e+01
  1.48065711193919e+02  3.69342538515154e+01
  1.49697487686334e+02  3.69589118517410e+01
  1.51328644712989e+02  3.69858172036059e+01
  1.52959126747441e+02  3.70150752569968e+01
  1.54588875611019e+02  3.70467997409610e+01
  1.56217830282812e+02  3.70811128937894e+01
  1.57845926711728e+02  3.71181455446057e+01
  1.59473097633015e+02  3.71580371291101e+01
  1.61099272392313e+02  3.72009356188130e+01
  1.62724376781045e+02  3.72469973393964e+01
  1.64348332887848e+02  3.72963866497780e+01
  1.65971058971771e+02  3.73492754491099e+01
  1.67592469364063e+02  3.74058424744431e+01
  1.69212474406624e+02  3.74662723473294e+01
  1.70830980436535e+02  3.75307543234956e+01
  1.72447889827403e+02  3.75994806962765e+01
  1.74063101099637e+02  3.76726448022245e+01
  1.75676509112980e+02  3.77504385767899e+01
  1.77288005355625e+02  3.78330496098560e+01
  1.78897478344817e+02  3.79206576559103e+01
  1.80504814153917e+02  3.80134305624190e+01
  1.82109897080078e+02  3.81115195930958e+01
  1.83712610464974e+02  3.82150541405109e+01
  1.85312837677968e+02  3.83241358447934e+01
  1.86910463266797e+02  3.84388321613889e+01
  1.88505374274961e+02  3.85591694496878e+01
  1.90097461717774e+02  3.86851256838543e+01
  1.91686622200561e+02  3.88166229147946e+01
  1.93272759653196e+02  3.89535196348911e+01
  1.94855787145726e+02  3.90956032117981e+01
  1.96435628740907e+02  3.92425825614786e+01
  1.98012221155596e+02  3.93940848370810e+01
  1.99585515326573e+02  3.95496531308862e+01
  2.01155478083146e+02  3.97087401550402e+01
  2.02722093655261e+02  3.98707024979048e+01
  2.04285364964442e+02  4.00347954993582e+01
  2.05845314654022e+02  4.02001687241528e+01
  2.07401985827175e+02  4.03658619550924e+01
  2.08955442475730e+02  4.05308015722144e+01
  2.10505769598328e+02  4.06937971322592e+01
  2.12053073032052e+02  4.08535376839865e+01
  2.13597479030579e+02  4.10085873643570e+01
  2.15139133602796e+02  4.11573804224900e+01
  2.16678201652504e+02  4.12982153801053e+01
  2.18214865964624e+02  4.14292479619070e+01
  2.19749326081612e+02  4.15484824048165e+01
  2.21281797109609e+02  4.16537607122063e+01
  2.22812508482287e+02  4.17427495614902e+01
  2.24341702697896e+02  4.18129249356577e+01
  2.25869634089733e+02  4.18615533008429e+01
  2.27396567686479e+02  4.18856682302733e+01
  2.28922778236355e+02  4.18820411851583e+01
  2.30448549510604e+02  4.18471446346456e+01
  2.31974174067553e+02  4.17771049100985e+01
  2.33499953758817e+02  4.16676409338810e+01
  2.35026201420982e+02  4.15139809878770e+01
  2.36553244363855e+02  4.13107471119290e+01
  2.38081430580613e+02  4.10517935179542e+01
  2.39611139202871e+02  4.07299736914374e+01
  2.41142797702548e+02  4.03367920010676e+01
  2.42676910165104e+02  3.98618576794540e+01
  2.44214104683181e+02  3.92919825526913e+01
  2.45755216401601e+02  3.86095937071750e+01
  2.47301445530334e+02  3.77898110613513e+01
  2.48854694249400e+02  3.67946172188248e+01
  2.50418391030573e+02  3.55589604583463e+01
  2.52000000000000e+02  3.39466003020349e+01
  0.00000000000000e+00  3.43585703796098e+01
  1.57877424054357e+00  3.59889731179728e+01
  3.14086772310206e+00  3.72464472483136e+01
  4.69334241759166e+00  3.82643800744007e+01
  6.23943377446335e+00  3.91070846457689e+01
  7.78092655926918e+00  3.98123223753533e+01
  9.31893733337917e+00  4.04048659340684e+01
  1.08542352198182e+01  4.09022357016223e+01
  1.23873929006997e+01  4.13175886912326e+01
  1.39188661593939e+01  4.16612922634358e+01
  1.54490392874032e+01  4.19418210374422e+01
  1.69782521578476e+01  4.21663008968514e+01
  1.85068166828027e+01  4.23408567675049e+01
  2.00350268022146e+01  4.24708454567058e+01
  2.15631643989596e+01  4.25610173746278e+01
  2.30915025940804e+01  4.26156323080200e+01
  2.46203073050076e+01  4.26385428736024e+01
  2.61498376515991e+01  4.26332560111238e+01
  2.76803456350893e+01  4.26029802699596e+01
  2.92120753625362e+01  4.25506627632900e+01
  3.07452619959698e+01  4.24790184182499e+01
  3.22801305440318e+01  4.23905533664295e+01
  3.38168945743070e+01  4.22875837904168e+01
  3.53557549066006e+01  4.21722513401198e+01
  3.68968983484988e+01  4.20465362868155e+01
  3.84404964908920e+01  4.19122683869928e+01
  3.99867045902366e+01  4.17711357610884e+01
  4.15356605726577e+01  4.16246922154358e+01
  4.30874841969410e+01  4.14743633851373e+01
  4.46422764137232e+01  4.13214520440942e+01
  4.62001189532059e+01  4.11671428512225e+01
  4.77610741493268e+01  4.10125063854751e+01
  4.93251850264476e+01  4.08585028873636e+01
  5.08924756674614e+01  4.07059861318743e+01
  5.24629518601462e+01  4.05557075960741e+01
  5.40366020057228e+01  4.04083210387809e+01
  5.56133982616618e+01  4.02643875614702e+01
  5.71932978808019e+01  4.01243811704249e+01
  5.87762447011680e+01  3.99886948046797e+01
  6.03621705405586e+01  3.98576425212474e+01
  6.19509966840740e+01  3.97314625840359e+01
  6.35426355549035e+01  3.96103242888957e+01
  6.51369923611931e+01  3.94943349903418e+01
  6.67339666796049e+01  3.93835471868559e+01
  6.83334539434878e+01  3.92779655234223e+01
  6.99353468114916e+01  3.91775535808018e+01
  7.15395364003336e+01  3.90822403388371e+01
  7.31459133727400e+01  3.89919262233632e+01
  7.47543688779857e+01  3.89064886706219e+01
  7.63647953477310e+01  3.88257871673228e+01
  7.79770871539240e+01  3.87496677469563e+01
  7.95911411384630e+01  3.86779669424959e+01
  8.12068570261757e+01  3.86105152115831e+01
  8.28241377336534e+01  3.85471398624733e+01
  8.44428895867380e+01  3.84876675175715e+01
  8.60630224591744e+01  3.84319261566908e+01
  8.76844498442659e+01  3.83797467847117e+01
  8.93070888704474e+01  3.83309647686787e+01
  9.09308602706180e+01  3.82854208880664e+01
  9.25556883139498e+01  3.82429621394789e+01
  9.41815007077647e+01  3.82034423338345e+01
  9.58082284760003e+01  3.81667225204527e+01
  9.74358058197841e+01  3.81326712686919e+01
  9.90641699647317e+01  3.81011648340436e+01
  1.00693260998776e+02  3.80720872320328e+01
  1.02323021703625e+02  3.80453302399644e+01
  1.03953397382329e+02  3.80207933435606e+01
  1.05584335684922e+02  3.79983836428552e+01
  1.07215786433631e+02  3.79780157293608e+01
  1.08847701448799e+02  3.79596115444823e+01
  1.10480034376342e+02  3.79431002273955e+01
  1.12112740517276e+02  3.79284179591193e+01
  1.13745776659688e+02  3.79155078082480e+01
  1.15379100913288e+02  3.79043195827579e+01
  1.17012672546591e+02  3.78948096914229e+01
  1.18646451826622e+02  3.78869410176462e+01
  1.20280399860968e+02  3.78806828079167e+01
  1.21914478441921e+02  3.78760105766042e+01
  1.23548649892406e+02  3.78729060283980e+01
  1.25182876913324e+02  3.78713569993568e+01
  1.26817122431947e+02  3.78713574172501e+01
  1.28451349450928e+02  3.78729072816235e+01
  1.30085520897544e+02  3.78760126637987e+01
  1.31719599472705e+02  3.78806857268077e+01
  1.33353547499352e+02  3.78869447650516e+01
  1.34987326769796e+02  3.78948142632504e+01
  1.36620898391651e+02  3.79043249740037e+01
  1.38254222631970e+02  3.79155140129959e+01
  1.39887258759303e+02  3.79284249705387e+01
  1.41519964883403e+02  3.79431080377394e+01
  1.43152297792402e+02  3.79596201450846e+01
  1.44784212787369e+02  3.79780251106330e+01
  1.46415663514277e+02  3.79983937942822e+01
  1.48046601793535e+02  3.80208042536960e+01
  1.49676977447441e+02  3.80453418964241e+01
  1.51306738126104e+02  3.80720996214880e+01
  1.52935829132662e+02  3.81011779422125e+01
  1.54564193248913e+02  3.81326850803291e+01
  1.56191770562893e+02  3.81667370193383e+01
  1.57818498300324e+02  3.82034575027597e+01
  1.59444310662453e+02  3.82429779602312e+01
  1.61069138673344e+02  3.82854373414116e+01
  1.62692910040457e+02  3.83309818343415e+01
  1.64315549033113e+02  3.83797644413530e+01
  1.65936976384372e+02  3.84319443818843e+01
  1.67557109222840e+02  3.84876862877769e+01
  1.69175861042006e+02  3.85471591530085e+01
  1.70793141715813e+02  3.86105349965945e+01
  1.72408857570317e+02  3.86779871949283e+01
  1.74022911522338e+02  3.87496884385226e+01
  1.75635203296944e+02  3.88258082684746e+01
  1.77245629736291e+02  3.89065101505229e+01
  1.78854085212601e+02  3.89919480498664e+01
  1.80460462157819e+02  3.90822624784675e+01
  1.82064651721519e+02  3.91775759987480e+01
  1.83666544566736e+02  3.92779881835375e+01
  1.85266031810508e+02  3.93835700516721e+01
  1.86863006111807e+02  3.94943580210996e+01
  1.88457362904309e+02  3.96103474455909e+01
  1.90049001764998e+02  3.97314858254864e+01
  1.91637827902334e+02  3.98576658051807e+01
  1.93223753739804e+02  3.99887180878428e+01
  1.94806700562786e+02  4.01244044087157e+01
  1.96386600189326e+02  4.02644107100908e+01
  1.97963396457660e+02  4.04083440524110e+01
  1.99537046620792e+02  4.05557304290629e+01
  2.01107522836308e+02  4.07060087384470e+01
  2.02674813505487e+02  4.08585252218389e+01
  2.04238924416101e+02  4.10125284024898e+01
  2.05799879650970e+02  4.11671645059587e+01
  2.07357722234312e+02  4.13214732925049e+01
  2.08912514499851e+02  4.14743841841674e+01
  2.10464338177500e+02  4.16247125232351e+01
  2.12013294217541e+02  4.17711555372134e+01
  2.13559502378336e+02  4.19122875925970e+01
  2.15103100585524e+02  4.20465548848264e+01
  2.16644244095019e+02  4.21722692954026e+01
  2.18183104497117e+02  4.22876010699247e+01
  2.19719868598765e+02  4.23905699393422e+01
  2.21254737219093e+02  4.24790342561004e+01
  2.22787923924982e+02  4.25506778400814e+01
  2.24319653724350e+02  4.26029945622729e+01
  2.25850161778495e+02  4.26332694982183e+01
  2.27379692193743e+02  4.26385555375101e+01
  2.28908496970612e+02  4.26156441336369e+01
  2.30436835228271e+02  4.25610283498031e+01
  2.31964972883505e+02  4.24708555723352e+01
  2.33493183056774e+02  4.23408660176330e+01
  2.35021747630451e+02  4.21663092787921e+01
  2.36550960544078e+02  4.19418285519288e+01
  2.38081133709454e+02  4.16612989148182e+01
  2.39612606999575e+02  4.13175944877466e+01
  2.41145764706000e+02  4.09022406557668e+01
  2.42681062612371e+02  4.04048700631423e+01
  2.44219073401333e+02  3.98123257022304e+01
  2.45760566196740e+02  3.91070872000447e+01
  2.47306657561142e+02  3.82643818941995e+01
  2.48859132261655e+02  3.72464483834311e+01
  2.50421225750650e+02  3.59889736359762e+01
  2.52000000000000e+02  3.43585703796098e+01
  0.00000000000000e+00  3.47940401963459e+01
  1.57604936019593e+00  3.64405438300167e+01
  3.13666199903677e+00  3.77185246884640e+01
  4.68847255732360e+00  3.87581536625534e+01
  6.23451410464140e+00  3.96228548093898e+01
  7.77645051003043e+00  4.03500655132234e+01
  9.31531408898074e+00  4.09644194899054e+01
  1.08518089474455e+01  4.14833707051766e+01
  1.23864542619161e+01  4.19200401251720e+01
  1.39196599034120e+01  4.22847714923888e+01
  1.54517696054281e+01  4.25860205799936e+01
  1.69830866779363e+01  4.28308959124315e+01
  1.85138896146531e+01  4.30255052112295e+01
  2.00444415440874e+01  4.31751877679013e+01
  2.15749958011137e+01  4.32846760782091e+01
  2.31057989985929e+01  4.33582116785170e+01
  2.46370924358845e+01  4.33996287787522e+01
  2.61691124002004e+01  4.34124159774601e+01
  2.77020897654575e+01  4.33997637198115e+01
  2.92362491499022e+01  4.33646013753317e+01
  3.07718078070444e+01  4.33096265781552e+01
  3.23089743672477e+01  4.32373286929957e+01
  3.38479475099162e+01  4.31500077423104e+01
  3.53889146282961e+01  4.30497899178618e+01
  3.69320505480694e+01  4.29386408326968e+01
  3.84775163187356e+01  4.28183765240363e+01
  4.00254581033291e+01  4.26906725240617e+01
  4.15760061978473e+01  4.25570714220040e+01
  4.31292742120203e+01  4.24189892839127e+01
  4.46853584422379e+01  4.22777212593188e+01
  4.62443374623558e+01  4.21344466255665e+01
  4.78062719357608e+01  4.19902331248346e+01
  4.93712046691619e+01  4.18460409797201e+01
  5.09391609228021e+01  4.17027269783488e+01
  5.25101489725933e+01  4.15610487740198e+01
  5.40841609090187e+01  4.14216695034726e+01
  5.56611736477888e+01  4.12851627857723e+01
  5.72411501189513e+01  4.11520181213928e+01
  5.88240405947057e+01  4.10226466628899e+01
  6.04097839324504e+01  4.08973833155271e+01
  6.19983089078717e+01  4.07764896447572e+01
  6.35895357231602e+01  4.06601602623802e+01
  6.51833775018277e+01  4.05485293796704e+01
  6.67797417349382e+01  4.04416774072202e+01
  6.83785316495893e+01  4.03396374814346e+01
  6.99796474771089e+01  4.02424018054915e+01
  7.15829876051226e+01  4.01499277064701e+01
  7.31884496039646e+01  4.00621433282926e+01
  7.47959311235409e+01  3.99789529001471e+01
  7.64053306614907e+01  3.99002415403926e+01
  7.80165482072620e+01  3.98258795751468e+01
  7.96294857695150e+01  3.97557263677885e+01
  8.12440477961709e+01  3.96896336698462e+01
  8.28601414975414e+01  3.96274485149320e+01
  8.44776770834447e+01  3.95690156855490e+01
  8.60965679251836e+01  3.95141797879876e+01
  8.77167306528398e+01  3.94627869735090e+01
  8.93380851976779e+01  3.94146863450171e+01
  9.09605547886067e+01  3.93697310878815e+01
  9.25840659107372e+01  3.93277793619077e+01
  9.42085482331285e+01  3.92886949890132e+01
  9.58339345118899e+01  3.92523479682624e+01
  9.74601604739344e+01  3.92186148467768e+01
  9.90871646858684e+01  3.91873789718521e+01
  1.00714888411769e+02  3.91585306465170e+01
  1.02343275462951e+02  3.91319672078347e+01
  1.03972272042251e+02  3.91075930445529e+01
  1.05601826584859e+02  3.90853195682582e+01
  1.07231889597300e+02  3.90650651500186e+01
  1.08862413495802e+02  3.90467550325746e+01
  1.10493352444986e+02  3.90303212264787e+01
  1.12124662197546e+02  3.90157023971419e+01
  1.13756299935375e+02  3.90028437485196e+01
  1.15388224112424e+02  3.89916969081255e+01
  1.17020394299411e+02  3.89822198171822e+01
  1.18652771030411e+02  3.89743766289754e+01
  1.20285315651225e+02  3.89681376178604e+01
  1.21917990169392e+02  3.89634791008442e+01
  1.23550757105587e+02  3.89603833732329e+01
  1.25183579346177e+02  3.89588386594560e+01
  1.26816419996601e+02  3.89588390798616e+01
  1.28449242235267e+02  3.89603846339901e+01
  1.30082009167619e+02  3.89634812005738e+01
  1.31714683680034e+02  3.89681405542635e+01
  1.33347228293205e+02  3.89743803988330e+01
  1.34979605014687e+02  3.89822244163540e+01
  1.36611775190310e+02  3.89917023315492e+01
  1.38243699354179e+02  3.90028499902091e+01
  1.39875337077050e+02  3.90157094501859e+01
  1.41506646812914e+02  3.90303290830383e+01
  1.43137585743713e+02  3.90467636838803e+01
  1.44768109622195e+02  3.90650745863670e+01
  1.46398172613040e+02  3.90853297790076e+01
  1.48027727132544e+02  3.91076040181183e+01
  1.49656723687303e+02  3.91319789316821e+01
  1.51285110712587e+02  3.91585431071554e+01
  1.52912834411321e+02  3.91873921548258e+01
  1.54539838594913e+02  3.92186287366550e+01
  1.56166064527544e+02  3.92523625486283e+01
  1.57791450775931e+02  3.92887102424503e+01
  1.59415933067107e+02  3.93277952699857e+01
  1.61039444157312e+02  3.93697476311390e+01
  1.62661913715744e+02  3.94147035029431e+01
  1.64283268227664e+02  3.94628047245225e+01
  1.65903430922145e+02  3.95141981094151e+01
  1.67522321730622e+02  3.95690345536008e+01
  1.69139857283365e+02  3.96274679046764e+01
  1.70755950951874e+02  3.96896535551838e+01
  1.72370512946182e+02  3.97557467214256e+01
  1.73983450476824e+02  3.98259003685690e+01
  1.75594667991962e+02  3.99002627438410e+01
  1.77204067500510e+02  3.99789744825967e+01
  1.78811548992181e+02  4.00621652574351e+01
  1.80417010964894e+02  4.01499499487031e+01
  1.82020351068846e+02  4.02424243259155e+01
  1.83621466874668e+02  4.03396602438604e+01
  1.85220256770293e+02  4.04417003741884e+01
  1.86816620987358e+02  4.05485525124862e+01
  1.88410462753271e+02  4.06601835211637e+01
  1.90001689559399e+02  4.07765129885126e+01
  1.91590214529549e+02  4.08974067022310e+01
  1.93175957866191e+02  4.10226700496002e+01
  1.94758848345267e+02  4.11520414643773e+01
  1.96338824824403e+02  4.12851860406565e+01
  1.97915837575991e+02  4.14216926254065e+01
  1.99489849530227e+02  4.15610717178608e+01
  2.01060837602922e+02  4.17027496988575e+01
  2.02628793884604e+02  4.18460634317668e+01
  2.04193726651172e+02  4.19902552636112e+01
  2.05755661162790e+02  4.21344684068016e+01
  2.07314640226026e+02  4.22777426394907e+01
  2.08870724504053e+02  4.24190102204585e+01
  2.10423992570451e+02  4.25570918735203e+01
  2.11974540721266e+02  4.26906924504956e+01
  2.13522482565822e+02  4.28183958868654e+01
  2.15067948399652e+02  4.29386595950951e+01
  2.16611084385273e+02  4.30498080448531e+01
  2.18152051571618e+02  4.31500252009084e+01
  2.19691024783760e+02  4.32373454523308e+01
  2.21228191414304e+02  4.33096426095896e+01
  2.22763750141985e+02  4.33646166525625e+01
  2.24297909596482e+02  4.33997782189645e+01
  2.25830887030611e+02  4.34124296771745e+01
  2.27362907061924e+02  4.33996416602588e+01
  2.28894200563663e+02  4.33582237257120e+01
  2.30425003822386e+02  4.32846872777272e+01
  2.31955558136844e+02  4.31751981091921e+01
  2.33486110119340e+02  4.30255146866462e+01
  2.35016913104269e+02  4.28309045173395e+01
  2.36548230219749e+02  4.25860283129134e+01
  2.38080339959218e+02  4.22847783551914e+01
  2.39613545632509e+02  4.19200461233533e+01
  2.41148190973140e+02  4.14833758482485e+01
  2.42684685852352e+02  4.09644237919555e+01
  2.44223549447094e+02  4.03500689937234e+01
  2.45765485864057e+02  3.96228574943821e+01
  2.47311527419807e+02  3.87581555864903e+01
  2.48863337984846e+02  3.77185258973437e+01
  2.50423950630625e+02  3.64405443873429e+01
  2.52000000000000e+02  3.47940401963459e+01
  0.00000000000000e+00  3.52541306257170e+01
  1.57344429218999e+00  3.69147479052313e+01
  3.13269880795993e+00  3.82118468000014e+01
  4.68395174193919e+00  3.92720477014524e+01
  6.23002704676172e+00  4.01577435460386e+01
  7.77246553603085e+00  4.09059822286611e+01
  9.31221535428637e+00  4.15412275047268e+01
  1.08499168927735e+01  4.20808527254520e+01
  1.23860378010902e+01  4.25379372403810e+01
  1.39209443680943e+01  4.29228001509614e+01
  1.54549422551631e+01  4.32438797269225e+01
  1.69883007274534e+01  4.35082696290933e+01
  1.85212673299011e+01  4.37220633319647e+01
  2.00540767452443e+01  4.38905856349603e+01
  2.15869559848413e+01  4.40185539891062e+01
  2.31201272130881e+01  4.41101942829788e+01
  2.46538089936895e+01  4.41693246058236e+01
  2.61882164828196e+01  4.41994171752996e+01
  2.77235609517630e+01  4.42036459860972e+01
  2.92600488872141e+01  4.41849240481365e+01
  3.07978808371011e+01  4.41459328631175e+01
  3.23372501167504e+01  4.40891460145402e+01
  3.38783414551094e+01  4.40168482208084e+01
  3.54213296432276e+01  4.39311509801340e+01
  3.69663782450246e+01  4.38340059497963e+01
  3.85136383899642e+01  4.37272161049282e+01
  4.00632476719039e+01  4.36124450043128e+01
  4.16153291823048e+01  4.34912245821899e+01
  4.31699907049981e+01  4.33649618228395e+01
  4.47273240980930e+01  4.32349446328967e+01
  4.62874048834977e+01  4.31023471472567e+01
  4.78502920440139e+01  4.29682343282097e+01
  4.94160280440058e+01  4.28335662164706e+01
  5.09846390849528e+01  4.26992021958771e+01
  5.25561355904139e+01  4.25659054018980e+01
  5.41305129060553e+01  4.24343473673506e+01
  5.57077521922063e+01  4.23051129616981e+01
  5.72878214795150e+01  4.21787056434526e+01
  5.88706768528421e+01  4.20555530030595e+01
  6.04562635598698e+01  4.19360088017938e+01
  6.20445172067218e+01  4.18203557314984e+01
  6.36353651205444e+01  4.17088114158989e+01
  6.52287277071995e+01  4.16015345469561e+01
  6.68245197725744e+01  4.14986310553209e+01
  6.84226517810029e+01  4.14001602130068e+01
  7.00230310298496e+01  4.13061405719674e+01
  7.16255627250054e+01  4.12165556530379e+01
  7.32301509475037e+01  4.11313593141125e+01
  7.48366995064153e+01  4.10504807428816e+01
  7.64451126774290e+01  4.09738290364804e+01
  7.80552958299852e+01  4.09012973467637e+01
  7.96671559484816e+01  4.08327665847243e+01
  8.12806020549570e+01  4.07681086902033e+01
  8.28955455418650e+01  4.07071894832231e+01
  8.45119004241735e+01  4.06498711209579e+01
  8.61295835201828e+01  4.05960141896801e+01
  8.77485145702562e+01  4.05454794642545e+01
  8.93686163021970e+01  4.04981293692186e+01
  9.09898144513721e+01  4.04538291755390e+01
  9.26120377429505e+01  4.04124479661176e+01
  9.42352178428420e+01  4.03738594013306e+01
  9.58592892831354e+01  4.03379423135998e+01
  9.74841893670757e+01  4.03045811574178e+01
  9.91098580579031e+01  4.02736663385635e+01
  1.00736237855220e+02  4.02450944435630e+01
  1.02363273661953e+02  4.02187683878756e+01
  1.03990912644455e+02  4.01945974988679e+01
  1.05619104087816e+02  4.01724975474217e+01
  1.07247799248058e+02  4.01523907400153e+01
  1.08876951202528e+02  4.01342056813332e+01
  1.10506514699517e+02  4.01178773158862e+01
  1.12136446007870e+02  4.01033468557495e+01
  1.13766702767142e+02  4.00905617003392e+01
  1.15397243838674e+02  4.00794753531257e+01
  1.17028029157824e+02  4.00700473393094e+01
  1.18659019587460e+02  4.00622431277361e+01
  1.20290176772704e+02  4.00560340596984e+01
  1.21921462996882e+02  4.00513972867264e+01
  1.23552841038522e+02  4.00483157190095e+01
  1.25184274029215e+02  4.00467779856886e+01
  1.26815725312129e+02  4.00467784079093e+01
  1.28447158300915e+02  4.00483169852076e+01
  1.30078536338745e+02  4.00513993955093e+01
  1.31709822557223e+02  4.00560370087449e+01
  1.33340979734890e+02  4.00622469137956e+01
  1.34971970155094e+02  4.00700519582011e+01
  1.36602755462986e+02  4.00794807997375e+01
  1.38233296521462e+02  4.00905679686262e+01
  1.39863553265920e+02  4.01033539387321e+01
  1.41493484557744e+02  4.01178852056475e+01
  1.43123048036538e+02  4.01342143690163e+01
  1.44752199971202e+02  4.01524002158198e+01
  1.46380895110089e+02  4.01725078005991e+01
  1.48009086530614e+02  4.01946085177168e+01
  1.49636725488873e+02  4.02187801597354e+01
  1.51263761270038e+02  4.02451069548071e+01
  1.52890141040551e+02  4.02736795745907e+01
  1.54515809703435e+02  4.03045951026429e+01
  1.56140709758398e+02  4.03379569514425e+01
  1.57764781168791e+02  4.03738747142030e+01
  1.59387961237984e+02  4.04124639354102e+01
  1.61010184498196e+02  4.04538457816051e+01
  1.62631382615478e+02  4.04981465913568e+01
  1.64251484315151e+02  4.05454972806899e+01
  1.65870415332744e+02  4.05960325775437e+01
  1.67488098396236e+02  4.06498900562653e+01
  1.69104453246175e+02  4.07072089408519e+01
  1.70719396701060e+02  4.07681286438701e+01
  1.72332842776070e+02  4.08327870069619e+01
  1.73944702863881e+02  4.09013182088996e+01
  1.75554885986770e+02  4.09738503086172e+01
  1.77163299129381e+02  4.10505023938804e+01
  1.78769847661416e+02  4.11313813115812e+01
  1.80374435858834e+02  4.12165779633260e+01
  1.81976967530988e+02  4.13061631601684e+01
  1.83577346759198e+02  4.14001830429712e+01
  1.85175478749648e+02  4.14986540896806e+01
  1.86771270799999e+02  4.16015577471628e+01
  1.88364633374877e+02  4.17088347422780e+01
  1.89955481280457e+02  4.18203791433199e+01
  1.91543734922877e+02  4.19360322573610e+01
  1.93129321629544e+02  4.20555764598163e+01
  1.94712177006818e+02  4.21787290581088e+01
  1.96292246302592e+02  4.23051362903730e+01
  1.97869485601898e+02  4.24343705657317e+01
  1.99443862935519e+02  4.25659284254159e+01
  2.01015359463870e+02  4.26992249998910e+01
  2.02583970532653e+02  4.28335887564641e+01
  2.04149706565404e+02  4.29682565599906e+01
  2.05712593763523e+02  4.31023690271597e+01
  2.07272674591231e+02  4.32349661179846e+01
  2.08830008031122e+02  4.33649828710993e+01
  2.10384669604838e+02  4.34912451527226e+01
  2.11936751170156e+02  4.36124650575125e+01
  2.13486360510521e+02  4.37272356026502e+01
  2.15033620716949e+02  4.38340248555129e+01
  2.16578669382804e+02  4.39311692590764e+01
  2.18121657637012e+02  4.40168658400952e+01
  2.19662749042915e+02  4.40891629432925e+01
  2.21202118390953e+02  4.41459490725606e+01
  2.22739950409441e+02  4.41849395116898e+01
  2.24276438413056e+02  4.42036606794528e+01
  2.25811782949070e+02  4.41994310764911e+01
  2.27346190503523e+02  4.41693376952871e+01
  2.28879872347061e+02  4.41102065436098e+01
  2.30413043635240e+02  4.40185654063145e+01
  2.31945922931189e+02  4.38905961967298e+01
  2.33478732398775e+02  4.37220730289256e+01
  2.35011699048895e+02  4.35082784546175e+01
  2.36545057563910e+02  4.32438876772558e+01
  2.38079055488478e+02  4.29228072254129e+01
  2.39613962087600e+02  4.25379434415971e+01
  2.41150083022650e+02  4.20808580598140e+01
  2.42687784582656e+02  4.15412319829258e+01
  2.44227534417607e+02  4.09059858665286e+01
  2.45769972919400e+02  4.01577463657594e+01
  2.47316048233550e+02  3.92720497334238e+01
  2.48867301175021e+02  3.82118480859408e+01
  2.50426555698250e+02  3.69147485039621e+01
  2.52000000000000e+02  3.52541306257170e+01
  0.00000000000000e+00  3.57399886516164e+01
  1.57096864448856e+00  3.74126871799331e+01
  3.12898786690671e+00  3.87274338479528e+01
  4.67978637719799e+00  3.98069970993234e+01
  6.22597478272129e+00  4.07126054980052e+01
  7.76896990597872e+00  4.14808546717341e+01
  9.30963640455408e+00  4.21360079404764e+01
  1.08485525246764e+01  4.26953435095626e+01
  1.23861364345384e+01  4.31718928604285e+01
  1.39227131190402e+01  4.35759486257417e+01
  1.54585525326595e+01  4.39159320977961e+01
  1.69938922567658e+01  4.41989237957816e+01
  1.85289511844637e+01  4.44310052004200e+01
  2.00639377449060e+01  4.46174890194565e+01
  2.15990546858416e+01  4.47630799887213e+01
  2.31345016334365e+01  4.48719904916835e+01
  2.46704761671545e+01  4.49480243971365e+01
  2.62071739023196e+01  4.49946391819738e+01
  2.77447879397309e+01  4.50149937796003e+01
  2.92835079161087e+01  4.50119860045173e+01
  3.08235188150657e+01  4.49882822000575e+01
  3.23649996493054e+01  4.49463409901488e+01
  3.39081220920399e+01  4.48884324938804e+01
  3.54530491187886e+01  4.48166541337088e+01
  3.69999337176874e+01  4.47329441651975e+01
  3.85489176880021e+01  4.46390930047978e+01
  4.01001305497802e+01  4.45367526924086e+01
  4.16536885900608e+01  4.44274449037267e+01
  4.32096940691720e+01  4.43125678609827e+01
  4.47682346084709e+01  4.41934024450627e+01
  4.63293827758166e+01  4.40711177327377e+01
  4.78931958662028e+01  4.39467758249357e+01
  4.94597158899860e+01  4.38213363013936e+01
  5.10289697773061e+01  4.36956606382912e+01
  5.26009697925312e+01  4.35705167069644e+01
  5.41757141451281e+01  4.34465834385480e+01
  5.57531877765383e+01  4.33244557065662e+01
  5.73333632968795e+01  4.32046494472430e+01
  5.89162020407141e+01  4.30876070001911e+01
  6.05016550561254e+01  4.29736991039991e+01
  6.20896641777283e+01  4.28632275360181e+01
  6.36801632585923e+01  4.27564307752451e+01
  6.52730794041481e+01  4.26534897709525e+01
  6.68683341798356e+01  4.25545337325090e+01
  6.84658447683854e+01  4.24596458540673e+01
  7.00655250573093e+01  4.23688688915752e+01
  7.16672866420299e+01  4.22822105178415e+01
  7.32710397348027e+01  4.21996483929290e+01
  7.48766939739296e+01  4.21211349006371e+01
  7.64841591315637e+01  4.20466015160635e+01
  7.80933457215639e+01  4.19759627831581e+01
  7.97041655113471e+01  4.19091198939940e+01
  8.13165319435279e+01  4.18459638726368e+01
  8.29303604743779e+01  4.17863783756914e+01
  8.45455688368718e+01  4.17302421287427e+01
  8.61620772363894e+01  4.16774310230630e+01
  8.77798084871127e+01  4.16278199002978e+01
  8.93986880968743e+01  4.15812840546291e+01
  9.10186443077518e+01  4.15377004824105e+01
  9.26396080991277e+01  4.14969489087678e+01
  9.42615131592985e+01  4.14589126194074e+01
  9.58842958310510e+01  4.14234791241134e+01
  9.75078950359737e+01  4.13905406763294e+01
  9.91322521816407e+01  4.13599946709692e+01
  1.00757311055216e+02  4.13317439403063e+01
  1.02383017706495e+02  4.13056969655383e+01
  1.04009320322899e+02  4.12817680194750e+01
  1.05636169098529e+02  4.12598772537973e+01
  1.07263516098980e+02  4.12399507425026e+01
  1.08891315123300e+02  4.12219204914950e+01
  1.10519521564187e+02  4.12057244228076e+01
  1.12148092267272e+02  4.11913063406361e+01
  1.13776985390122e+02  4.11786158852269e+01
  1.15406160261429e+02  4.11676084796676e+01
  1.17035577240697e+02  4.11582452737651e+01
  1.18665197578617e+02  4.11504930884601e+01
  1.20294983278212e+02  4.11443243635788e+01
  1.21924896956775e+02  4.11397171111753e+01
  1.23554901708521e+02  4.11366548762313e+01
  1.25184960967858e+02  4.11351267060620e+01
  1.26815038373114e+02  4.11351271293981e+01
  1.28445097630562e+02  4.11366561457717e+01
  1.30075102378539e+02  4.11397192255166e+01
  1.31705016051461e+02  4.11443273203815e+01
  1.33334801743560e+02  4.11504968844479e+01
  1.34964422072149e+02  4.11582499047243e+01
  1.36593839040281e+02  4.11676139404455e+01
  1.38223013898679e+02  4.11786221697306e+01
  1.39851907006884e+02  4.11913134418302e+01
  1.41480477693633e+02  4.12057323327121e+01
  1.43108684116545e+02  4.12219292011820e+01
  1.44736483121305e+02  4.12399602420928e+01
  1.46363830100676e+02  4.12598875324559e+01
  1.47990678853774e+02  4.12817790654064e+01
  1.49616981446271e+02  4.13057087659803e+01
  1.51242688072350e+02  4.13317564815229e+01
  1.52867746919525e+02  4.13600079382429e+01
  1.54492104037688e+02  4.13905546539520e+01
  1.56115703214110e+02  4.14234937953752e+01
  1.57738485856479e+02  4.14589279665858e+01
  1.59360390886508e+02  4.14969649131139e+01
  1.60981354647117e+02  4.15377171241345e+01
  1.62601310826744e+02  4.15813013128844e+01
  1.64220190404924e+02  4.16278377531642e+01
  1.65837921623899e+02  4.16774494475276e+01
  1.67454429991674e+02  4.17302611006816e+01
  1.69069638322618e+02  4.17863978698494e+01
  1.70683466822307e+02  4.18459838626080e+01
  1.72295833223924e+02  4.19091403522028e+01
  1.73906652983962e+02  4.19759836808415e+01
  1.75515839545267e+02  4.20466228232560e+01
  1.77123304675499e+02  4.21211565861592e+01
  1.78728958888770e+02  4.21996704243803e+01
  1.80332711957498e+02  4.22822328616006e+01
  1.81934473520254e+02  4.23688915128074e+01
  1.83534153789570e+02  4.24596687167419e+01
  1.85131664361151e+02  4.25545567994283e+01
  1.86726919122789e+02  4.26535130037939e+01
  1.88319835257491e+02  4.27564541346171e+01
  1.89910334330970e+02  4.28632509815330e+01
  1.91498343448913e+02  4.29737225943611e+01
  1.93083796464634e+02  4.30876304933023e+01
  1.94666635212965e+02  4.32046729003253e+01
  1.96246810742182e+02  4.33244790762993e+01
  1.97824284387005e+02  4.34466066812223e+01
  1.99399028757670e+02  4.35705397786466e+01
  2.00971028795692e+02  4.36956834950006e+01
  2.02540282710565e+02  4.38213588992867e+01
  2.04106802766627e+02  4.39467981204950e+01
  2.05670615893936e+02  4.40711396829623e+01
  2.07231764102706e+02  4.41934240076571e+01
  2.08790304687729e+02  4.43125889945413e+01
  2.10346310216606e+02  4.44274655679112e+01
  2.11899868310377e+02  4.45367728481153e+01
  2.13451081228999e+02  4.46391126143145e+01
  2.15000065259089e+02  4.47329631923471e+01
  2.16546949920224e+02  4.48166725439798e+01
  2.18091877011160e+02  4.48884502545434e+01
  2.19634999519485e+02  4.49463580703586e+01
  2.21176480420142e+02  4.49882985709418e+01
  2.22716491385744e+02  4.50120016392521e+01
  2.24255211428382e+02  4.50150086534726e+01
  2.25792825531049e+02  4.49946532724347e+01
  2.27329523329848e+02  4.49480376838444e+01
  2.28865497924976e+02  4.48720029565426e+01
  2.30400944931174e+02  4.47630916159184e+01
  2.31936061927359e+02  4.46174997955024e+01
  2.33471048539198e+02  4.44310151142036e+01
  2.35006107513996e+02  4.41989328386494e+01
  2.36541447280542e+02  4.39159402636700e+01
  2.38077286731661e+02  4.35759559112981e+01
  2.39613863448557e+02  4.31718992653657e+01
  2.41151447385675e+02  4.26953490369976e+01
  2.42690363528043e+02  4.21360125975245e+01
  2.44231030044178e+02  4.14808584703508e+01
  2.45774025180882e+02  4.07126084562128e+01
  2.47320213596617e+02  3.98069992430713e+01
  2.48871012115146e+02  3.87274352141775e+01
  2.50429031345561e+02  3.74126878221319e+01
  2.52000000000000e+02  3.57399886516164e+01
  0.00000000000000e+00  3.62527843160929e+01
  1.56863153044900e+00  3.79354861965378e+01
  3.12553822507403e+00  3.92663248479188e+01
  4.67598226110874e+00  4.03639510418404e+01
  6.22235904792332e+00  4.12883052733554e+01
  7.76596160790440e+00  4.20754709441726e+01
  9.30757234646402e+00  4.27494810109474e+01
  1.08477091737834e+01  4.33275036702812e+01
  1.23867428815432e+01  4.38225156031400e+01
  1.39249593825637e+01  4.42447803440016e+01
  1.54625951821362e+01  4.46027019190645e+01
  1.69998583984260e+01  4.49033486528926e+01
  1.85369414149346e+01  4.51527915757787e+01
  2.00740284430617e+01  4.53563330701174e+01
  2.16112998773935e+01  4.55186669303972e+01
  2.31489345789950e+01  4.56439936978844e+01
  2.46871107727995e+01  4.57361045117756e+01
  2.62260060183048e+01  4.57984434018566e+01
  2.77657965889658e+01  4.58341553369364e+01
  2.93066564787687e+01  4.58461238519360e+01
  3.08487561864214e+01  4.58370008916815e+01
  3.23922613825714e+01  4.58092307524797e+01
  3.39373315351849e+01  4.57650694850102e+01
  3.54841185522876e+01  4.57066008885690e+01
  3.70327654977448e+01  4.56357502089685e+01
  3.85834053994062e+01  4.55542956449381e+01
  4.01361601711774e+01  4.54638780078951e+01
  4.16911396719965e+01  4.53660089464435e+01
  4.32484409221908e+01  4.52620780772156e+01
  4.48081474951233e+01  4.51533593150321e+01
  4.63703290970880e+01  4.50410166162553e+01
  4.79350413310302e+01  4.49261090088042e+01
  4.95023256536875e+01  4.48095952241091e+01
  5.10722095325772e+01  4.46923382458351e+01
  5.26447067961903e+01  4.45751098837626e+01
  5.42198181645043e+01  4.44585954508821e+01
  5.57975319412072e+01  4.43433985924114e+01
  5.73778248442075e+01  4.42300462869986e+01
  5.89606629471302e+01  4.41189940074632e+01
  6.05460025619009e+01  4.40106276877983e+01
  6.21337912021971e+01  4.39052662658503e+01
  6.37239686979798e+01  4.38031670476855e+01
  6.53164683175473e+01  4.37045311508863e+01
  6.69112178717229e+01  4.36095089561511e+01
  6.85081407782365e+01  4.35182054942217e+01
  7.01071570683130e+01  4.34306856975420e+01
  7.17081843216269e+01  4.33469794523379e+01
  7.33111385198764e+01  4.32670863959984e+01
  7.49159348130411e+01  4.31909804156715e+01
  7.65224881957849e+01  4.31186138158543e+01
  7.81307140943355e+01  4.30499211345718e+01
  7.97405288664971e+01  4.29848225987981e+01
  8.13518502192153e+01  4.29232272195832e+01
  8.29645975493753e+01  4.28650355356019e+01
  8.45786922143085e+01  4.28101420204145e+01
  8.61940577389008e+01  4.27584371736290e+01
  8.78106199662967e+01  4.27098093195112e+01
  8.94283071590531e+01  4.26641461385624e+01
  9.10470500572830e+01  4.26213359584186e+01
  9.26667818998892e+01  4.25812688303171e+01
  9.42874384144775e+01  4.25438374165748e+01
  9.59089577809895e+01  4.25089377131915e+01
  9.75312805735355e+01  4.24764696300358e+01
  9.91543496843633e+01  4.24463374491997e+01
  1.00778110233377e+02  4.24184501801598e+01
  1.02402509466138e+02  4.23927218284222e+01
  1.04027496642833e+02  4.23690715924333e+01
  1.05653022920302e+02  4.23474240017424e+01
  1.07279041228859e+02  4.23277090077341e+01
  1.08905506145325e+02  4.23098620367252e+01
  1.10532373763420e+02  4.22938240138463e+01
  1.12159601562422e+02  4.22795413648979e+01
  1.13787148274809e+02  4.22669660022821e+01
  1.15414973753407e+02  4.22560553001542e+01
  1.17043038838436e+02  4.22467720630959e+01
  1.18671305224717e+02  4.22390844918798e+01
  1.20299735329207e+02  4.22329661492535e+01
  1.21928292158930e+02  4.22283959281096e+01
  1.23556939179330e+02  4.22253580239154e+01
  1.25185640182992e+02  4.22238419128353e+01
  1.26814359158664e+02  4.22238423365855e+01
  1.28443060160461e+02  4.22253592946956e+01
  1.30071707177136e+02  4.22283980445079e+01
  1.31700264001287e+02  4.22329691089162e+01
  1.33328694098373e+02  4.22390882915111e+01
  1.34956960475441e+02  4.22467766984565e+01
  1.36585025549474e+02  4.22560607660606e+01
  1.38212851015328e+02  4.22669722926044e+01
  1.39840397713263e+02  4.22795484725581e+01
  1.41467625496148e+02  4.22938319308159e+01
  1.43094493096514e+02  4.23098707540221e+01
  1.44720957993697e+02  4.23277185154190e+01
  1.46346976281481e+02  4.23474342889147e+01
  1.47972502536756e+02  4.23690826472261e+01
  1.49597489689914e+02  4.23927336379964e+01
  1.51221888897880e+02  4.24184627306977e+01
  1.52845649420934e+02  4.24463507258969e+01
  1.54468718504735e+02  4.24764836170928e+01
  1.56091041269295e+02  4.25089523938039e+01
  1.57712560606979e+02  4.25438527729222e+01
  1.59333217092020e+02  4.25812848435509e+01
  1.60952948904495e+02  4.26213526086486e+01
  1.62571691772152e+02  4.26641634048428e+01
  1.64189378934047e+02  4.27098271798244e+01
  1.65805941130456e+02  4.27584556048703e+01
  1.67421306624109e+02  4.28101609983747e+01
  1.69035401258336e+02  4.28650550349510e+01
  1.70648148558216e+02  4.29232472138535e+01
  1.72259469881287e+02  4.29848430603694e+01
  1.73869284624652e+02  4.30499420346569e+01
  1.75477510495483e+02  4.31186351244889e+01
  1.77084063851821e+02  4.31910021017067e+01
  1.78688860120141e+02  4.32671084270987e+01
  1.80291814295362e+02  4.33470017949859e+01
  1.81892841527724e+02  4.34307083170504e+01
  1.83491857799191e+02  4.35182283547551e+01
  1.85088780689705e+02  4.36095320207587e+01
  1.86683530230758e+02  4.37045543815466e+01
  1.88276029840343e+02  4.38031904053649e+01
  1.89866207329537e+02  4.39052897105762e+01
  1.91453995966881e+02  4.40106511787474e+01
  1.93039335582562e+02  4.41190175030648e+01
  1.94622173690458e+02  4.42300697450533e+01
  1.96202466602671e+02  4.43434219702244e+01
  1.97780180392969e+02  4.44586187054087e+01
  1.99355291779365e+02  4.45751329717662e+01
  2.00927789065610e+02  4.46923611240541e+01
  2.02497672971699e+02  4.48096178494309e+01
  2.04064957326089e+02  4.49261313384429e+01
  2.05629669596211e+02  4.50410386079307e+01
  2.07191851238663e+02  4.51533809271466e+01
  2.08751557856196e+02  4.52620992690268e+01
  2.10308859154853e+02  4.53660296782289e+01
  2.11863838707695e+02  4.54638982411086e+01
  2.13416593534694e+02  4.55543153423539e+01
  2.14967233494387e+02  4.56357693348133e+01
  2.16515880500234e+02  4.57066194086402e+01
  2.18062667579600e+02  4.57650873667796e+01
  2.19607737795832e+02  4.58092479651829e+01
  2.21151243056413e+02  4.58370174063922e+01
  2.22693342828742e+02  4.58461396416267e+01
  2.24234202782890e+02  4.58341703765256e+01
  2.25773993416980e+02  4.57984576682442e+01
  2.27312888724419e+02  4.57361179838689e+01
  2.28851064978091e+02  4.56440063566172e+01
  2.30388699736948e+02  4.55186787587471e+01
  2.31925971225405e+02  4.53563440531272e+01
  2.33463058304052e+02  4.51528017005915e+01
  2.35000141367055e+02  4.49033579088113e+01
  2.36537404625456e+02  4.46027102976522e+01
  2.38075040462483e+02  4.42447878392447e+01
  2.39613256996123e+02  4.38225222117028e+01
  2.41152290731610e+02  4.33275093918934e+01
  2.42692427581850e+02  4.27494858489786e+01
  2.44234038338793e+02  4.20754749064724e+01
  2.45777640913113e+02  4.12883083734790e+01
  2.47324017711009e+02  4.03639533008915e+01
  2.48874461756031e+02  3.92663262975378e+01
  2.50431368459206e+02  3.79354868842244e+01
  2.52000000000000e+02  3.62527843160929e+01
  0.00000000000000e+00  3.67937070990781e+01
  1.56644143920204e+00  3.84842882157265e+01
  3.12235812400626e+00  3.98295737778721e+01
  4.67254444515191e+00  4.09438694257472e+01
  6.21918099098887e+00  4.18857140817332e+01
  7.76343820874680e+00  4.26906219378404e+01
  9.30601798402155e+00  4.33823662382516e+01
  1.08473799137698e+01  4.39779899789608e+01
  1.23878495703770e+01  4.44904074241095e+01
  1.39276759844844e+01  4.49298495744523e+01
  1.54670643734031e+01  4.53047020807500e+01
  1.70061954865849e+01  4.56220212365126e+01
  1.85452372008575e+01  4.58878684434981e+01
  2.00843514042570e+01  4.61075368762101e+01
  2.16236979125228e+01  4.62857105879789e+01
  2.31634364687372e+01  4.64265794401036e+01
  2.47037274598751e+01  4.65339229003392e+01
  2.62447317754997e+01  4.66111724734476e+01
  2.77866101195990e+01  4.66614599417441e+01
  2.93295219782024e+01  4.66876552019646e+01
  3.08736243832013e+01  4.66923963209934e+01
  3.24190705716531e+01  4.66781136867054e+01
  3.39660086120085e+01  4.66470496183025e+01
  3.55145800538166e+01  4.66012745628409e+01
  3.70649186537408e+01  4.65427009739489e+01
  3.86171491965000e+01  4.64730950032057e+01
  4.01713864308883e+01  4.63940863561570e+01
  4.17277341416798e+01  4.63071767209263e+01
  4.32862843753095e+01  4.62137471050413e+01
  4.48471168344271e+01  4.61150643650219e+01
  4.64102984516111e+01  4.60122871346512e+01
  4.79758831365041e+01  4.59064710337944e+01
  4.95439117036998e+01  4.57985734557397e+01
  5.11144119860735e+01  4.56894582290015e+01
  5.26873991266274e+01  4.55799002541864e+01
  5.42628760366323e+01  4.54705901886286e+01
  5.58408340030374e+01  4.53621392250408e+01
  5.74212534240675e+01  4.52550839851345e+01
  5.90041046486451e+01  4.51498915197588e+01
  6.05893487639283e+01  4.50469612589311e+01
  6.21769384606976e+01  4.49466274760950e+01
  6.37668190422738e+01  4.48491643883228e+01
  6.53589294454003e+01  4.47547913109323e+01
  6.69532032502143e+01  4.46636778077695e+01
  6.85495696593176e+01  4.45759487756529e+01
  7.01479544293030e+01  4.44916894027668e+01
  7.17482807416481e+01  4.44109499454786e+01
  7.33504700034354e+01  4.43337502753301e+01
  7.49544425717066e+01  4.42600841569432e+01
  7.65601183982892e+01  4.41899232274541e+01
  7.81674175945344e+01  4.41232206580900e+01
  7.97762609175622e+01  4.40599144880239e+01
  8.13865701812867e+01  4.39999306292321e+01
  8.29982685967389e+01  4.39431855484459e+01
  8.46112810470408e+01  4.38895886382897e+01
  8.62255343028796e+01  4.38390442943014e+01
  8.78409571845360e+01  4.37914537178150e+01
  8.94574806764961e+01  4.37467164667701e+01
  9.10750380004825e+01  4.37047317775679e+01
  9.26935646524215e+01  4.36653996813064e+01
  9.43129984084567e+01  4.36286219372683e+01
  9.59332793046740e+01  4.35943028055797e+01
  9.75543495947304e+01  4.35623496796525e+01
  9.91761536891061e+01  4.35326735974974e+01
  1.00798638079246e+02  4.35051896493398e+01
  1.02421751249422e+02  4.34798172972879e+01
  1.04045443578746e+02  4.34564806211316e+01
  1.05669667235410e+02  4.34351085027473e+01
  1.07294376064870e+02  4.34156347600786e+01
  1.08919525473443e+02  4.33979982402630e+01
  1.10545072308479e+02  4.33821428802005e+01
  1.12170974736088e+02  4.33680177417060e+01
  1.13797192117157e+02  4.33555770273562e+01
  1.15423684882287e+02  4.33447800822200e+01
  1.17050414406067e+02  4.33355913858469e+01
  1.18677342881034e+02  4.33279805381693e+01
  1.20304433191542e+02  4.33219222423365e+01
  1.21931648787684e+02  4.33173962869379e+01
  1.23558953559339e+02  4.33143875295664e+01
  1.25186311710380e+02  4.33128858832284e+01
  1.26813687633013e+02  4.33128863066917e+01
  1.28441045782215e+02  4.33143887994839e+01
  1.30068350550197e+02  4.33173984018918e+01
  1.31695566140843e+02  4.33219251999634e+01
  1.33322656444051e+02  4.33279843351596e+01
  1.34949584909935e+02  4.33355960179441e+01
  1.36576314422877e+02  4.33447855442188e+01
  1.38202807175448e+02  4.33555833131013e+01
  1.39829024542279e+02  4.33680248440901e+01
  1.41454926954014e+02  4.33821507911618e+01
  1.43080473771595e+02  4.33980069507822e+01
  1.44705623161188e+02  4.34156442601753e+01
  1.46330331970211e+02  4.34351187814762e+01
  1.47954555605050e+02  4.34564916665777e+01
  1.49578247911242e+02  4.34798290965606e+01
  1.51201361057061e+02  4.35052021885668e+01
  1.52823845421716e+02  4.35326868618175e+01
  1.54445649489577e+02  4.35623636532073e+01
  1.56066719752198e+02  4.35943174715046e+01
  1.57687000620176e+02  4.36286372776826e+01
  1.59306434347293e+02  4.36654156773017e+01
  1.60924960969770e+02  4.37047484091964e+01
  1.62542518263892e+02  4.37467337130318e+01
  1.64159041725740e+02  4.37914715566440e+01
  1.65774464577197e+02  4.38390627025517e+01
  1.67388717802923e+02  4.38896075917216e+01
  1.69001730223381e+02  4.39432050217113e+01
  1.70613428609450e+02  4.39999505958614e+01
  1.72223737844455e+02  4.40599349204145e+01
  1.73832581139639e+02  4.41232415274958e+01
  1.75439880309140e+02  4.41899445039790e+01
  1.77045556110308e+02  4.42601058095384e+01
  1.78649528654733e+02  4.43337722717961e+01
  1.80251717894489e+02  4.44109722524740e+01
  1.81852044186868e+02  4.44917119858246e+01
  1.83450428939207e+02  4.45759715992063e+01
  1.85046795333240e+02  4.46637008351874e+01
  1.86641069125812e+02  4.47548145045671e+01
  1.88233179519774e+02  4.48491877095700e+01
  1.89823060095501e+02  4.49466508854671e+01
  1.91410649789963e+02  4.50469847161448e+01
  1.92995893906690e+02  4.51499149838366e+01
  1.94578745136650e+02  4.52551074145198e+01
  1.96159164567161e+02  4.53621625777255e+01
  1.97737122547273e+02  4.54706134222930e+01
  1.99312599475305e+02  4.55799233263487e+01
  2.00885586638259e+02  4.56894810971757e+01
  2.02456086947414e+02  4.57985960775997e+01
  2.04024115545735e+02  4.59064933673409e+01
  2.05589700266011e+02  4.60123091383791e+01
  2.07152881922696e+02  4.61150859980858e+01
  2.08713714425245e+02  4.62137683274161e+01
  2.10272264705996e+02  4.63071974935603e+01
  2.11828612467308e+02  4.63941066411154e+01
  2.13382849755280e+02  4.64731147638034e+01
  2.14935080354304e+02  4.65427201748700e+01
  2.16485419012751e+02  4.66012931702445e+01
  2.18033990514883e+02  4.66470675999134e+01
  2.19580928616874e+02  4.66781310118898e+01
  2.21126374867759e+02  4.66924129608195e+01
  2.22670477335458e+02  4.66876711292474e+01
  2.24213389256483e+02  4.66614751310766e+01
  2.25755267662176e+02  4.66111869012187e+01
  2.27296272038022e+02  4.65339365447411e+01
  2.28836563087473e+02  4.64265922811312e+01
  2.30376301699576e+02  4.62857226074267e+01
  2.31915648260818e+02  4.61075480576718e+01
  2.33454762513832e+02  4.58878787723799e+01
  2.34993804273955e+02  4.56220307000704e+01
  2.36532935428877e+02  4.53047106681678e+01
  2.38072323855154e+02  4.49298572769842e+01
  2.39612150302052e+02  4.44904142353145e+01
  2.41152619986802e+02  4.39779958950717e+01
  2.42693981940095e+02  4.33823712587337e+01
  2.44236561734529e+02  4.26906260662167e+01
  2.45780818967484e+02  4.18857173267909e+01
  2.47327455525255e+02  4.09438718033446e+01
  2.48877641856137e+02  3.98295753138275e+01
  2.50433558550056e+02  3.84842889508485e+01
  2.52000000000000e+02  3.67937070990781e+01
  0.00000000000000e+00  3.73639616856000e+01
  1.56440611006463e+00  3.90602505483616e+01
  3.11945486188239e+00  4.04182451614120e+01
  4.66947709993054e+00  4.15477187360036e+01
  6.21644103935185e+00  4.25057058862687e+01
  7.76139672150080e+00  4.33270977554967e+01
  9.30496769294520e+00  4.40353791489639e+01
  1.08475574508036e+01  4.46474523466899e+01
  1.23894485508320e+01  4.51761608892477e+01
  1.39308552926686e+01  4.56316989914862e+01
  1.54719536795114e+01  4.60224319860521e+01
  1.70128990727184e+01  4.63554035011046e+01
  1.85538367193743e+01  4.66366653940742e+01
  2.00949079500959e+01  4.68715020820539e+01
  2.16362536517293e+01  4.70645884837836e+01
  2.31780159804452e+01  4.72201044205527e+01
  2.47203388965799e+01  4.73418182911589e+01
  2.62633679123030e+01  4.74331496019677e+01
  2.78072493386109e+01  4.74972173841274e+01
  2.93521292181591e+01  4.75368782393682e+01
  3.08981520738845e+01  4.75547566153419e+01
  3.24454595659853e+01  4.75532691773604e+01
  3.39941891244150e+01  4.75346446382679e+01
  3.55444726103095e+01  4.75009401675804e+01
  3.70964350560672e+01  4.74540554590377e+01
  3.86501935017263e+01  4.73957446101940e+01
  4.02058559463622e+01  4.73276261721768e+01
  4.17635204333495e+01  4.72511917743612e+01
  4.33232742851786e+01  4.71678136543800e+01
  4.48851935006015e+01  4.70787513709073e+01
  4.64493423222512e+01  4.69851578987277e+01
  4.80157729680851e+01  4.68880849969183e+01
  4.95845255321760e+01  4.67884881331312e+01
  5.11556280581670e+01  4.66872312434776e+01
  5.27290967783082e+01  4.65850914224030e+01
  5.43049365064982e+01  4.64827636110893e+01
  5.58831411696829e+01  4.63808653288631e+01
  5.74636944585466e+01  4.62799414693980e+01
  5.90465705756412e+01  4.61804691570456e+01
  6.06317349379573e+01  4.60828596888741e+01
  6.22191449544012e+01  4.59874609356592e+01
  6.38087509395712e+01  4.58945622074938e+01
  6.54004970430438e+01  4.58043991514219e+01
  6.69943221735011e+01  4.57171586325056e+01
  6.85901608994659e+01  4.56329835467016e+01
  7.01879443112481e+01  4.55519775143706e+01
  7.17876008317668e+01  4.54742094066457e+01
  7.33890569669866e+01  4.53997176625922e+01
  7.49922379896585e+01  4.53285143623890e+01
  7.65970685527477e+01  4.52605890299487e+01
  7.82034732312959e+01  4.51959121468382e+01
  7.98113769934435e+01  4.51344383675348e+01
  8.14207056029293e+01  4.50761094335444e+01
  8.30313859565932e+01  4.50208567904557e+01
  8.46433463612605e+01  4.49686039174382e+01
  8.62565167549376e+01  4.49192683829761e+01
  8.78708288775280e+01  4.48727636437868e+01
  8.94862163963514e+01  4.48290006059895e+01
  9.11026149916511e+01  4.47878889688010e+01
  9.27199624070531e+01  4.47493383714762e+01
  9.43381984696383e+01  4.47132593640327e+01
  9.59572650839189e+01  4.46795642216455e+01
  9.75771062036279e+01  4.46481676215971e+01
  9.91976677848180e+01  4.46189872004270e+01
  1.00818897723377e+02  4.45919440075457e+01
  1.02440745779675e+02  4.45669628701297e+01
  1.04063163492715e+02  4.45439726826546e+01
  1.05686104085797e+02  4.45229066330020e+01
  1.07309522365443e+02  4.45037023757148e+01
  1.08933374615011e+02  4.44863021617034e+01
  1.10557618484233e+02  4.44706529325252e+01
  1.12182212875638e+02  4.44567063862855e+01
  1.13807117828705e+02  4.44444190212307e+01
  1.15432294402357e+02  4.44337521622281e+01
  1.17057704556318e+02  4.44246719745397e+01
  1.18683311031713e+02  4.44171494685981e+01
  1.20309077231200e+02  4.44111604988617e+01
  1.21934967098833e+02  4.44066857592703e+01
  1.23560944999791e+02  4.44037107773137e+01
  1.25186975600063e+02  4.44022259082697e+01
  1.26813023746114e+02  4.44022263307463e+01
  1.28439054344574e+02  4.44037120442698e+01
  1.30065032241917e+02  4.44066878692849e+01
  1.31690922104141e+02  4.44111634495662e+01
  1.33316688296442e+02  4.44171532566755e+01
  1.34942294762896e+02  4.44246765957236e+01
  1.36567704906192e+02  4.44337576113015e+01
  1.38192881467489e+02  4.44444252920246e+01
  1.39817786406551e+02  4.44567134716764e+01
  1.41442380782348e+02  4.44706608244334e+01
  1.43066624634412e+02  4.44863108510897e+01
  1.44690476865332e+02  4.45037118525771e+01
  1.46313895124904e+02  4.45229168863715e+01
  1.47936835696560e+02  4.45439837005914e+01
  1.49559253386901e+02  4.45669746397172e+01
  1.51181101419313e+02  4.45919565148851e+01
  1.52802331332893e+02  4.46190004306301e+01
  1.54422892888112e+02  4.46481815587792e+01
  1.56042733980968e+02  4.46795788489166e+01
  1.57661800567630e+02  4.47132746634890e+01
  1.59280036601957e+02  4.47493543241896e+01
  1.60897383988594e+02  4.47879055548086e+01
  1.62513782554766e+02  4.48290178042825e+01
  1.64129170044251e+02  4.48727814322988e+01
  1.65743482137454e+02  4.49192867385709e+01
  1.67356652501864e+02  4.49686228158983e+01
  1.68968612877565e+02  4.50208762064713e+01
  1.70579293202754e+02  4.50761293407028e+01
  1.72188621784454e+02  4.51344587383118e+01
  1.73796525519714e+02  4.51959329525923e+01
  1.75402930172490e+02  4.52606102409174e+01
  1.77007760711145e+02  4.53285359476904e+01
  1.78610941710953e+02  4.53997395902311e+01
  1.80212397825117e+02  4.54742316435263e+01
  1.81812054326628e+02  4.55520000263164e+01
  1.83409837721694e+02  4.56330062984844e+01
  1.85005676433476e+02  4.57171815878840e+01
  1.86599501552527e+02  4.58044222731909e+01
  1.88191247647600e+02  4.58945854575459e+01
  1.89780853627605e+02  4.59874842750583e+01
  1.91368263642327e+02  4.60828830779418e+01
  1.92953428006560e+02  4.61804925554601e+01
  1.94536304129380e+02  4.62799648363060e+01
  1.96116857427927e+02  4.63808886230022e+01
  1.97695062104866e+02  4.64827867909215e+01
  1.99270901850965e+02  4.65851144462566e+01
  2.00844370593212e+02  4.66872540696965e+01
  2.02415473145510e+02  4.67885107202288e+01
  2.03984225740066e+02  4.68881073037344e+01
  2.05550656420436e+02  4.69851798845849e+01
  2.07114805280557e+02  4.70787729957650e+01
  2.08676724538204e+02  4.71678348789829e+01
  2.10236478435780e+02  4.72512125603811e+01
  2.11794142971759e+02  4.73276464823441e+01
  2.13349805468312e+02  4.73957644084180e+01
  2.14903563968451e+02  4.74540747105138e+01
  2.16455526470852e+02  4.75009588388833e+01
  2.18005810015121e+02  4.75346626974291e+01
  2.19554539633196e+02  4.75532865939302e+01
  2.21101847185728e+02  4.75547733604351e+01
  2.22647870102172e+02  4.75368942856937e+01
  2.24192750042213e+02  4.74972327060026e+01
  2.25736631528274e+02  4.74331641753188e+01
  2.27279660602497e+02  4.73418320935083e+01
  2.28821983575376e+02  4.72201174309991e+01
  2.30363745958596e+02  4.70646006829761e+01
  2.31905091712033e+02  4.68715134521690e+01
  2.33446162991432e+02  4.66366759188045e+01
  2.34987100683255e+02  4.63554131656708e+01
  2.36528046117785e+02  4.60224407772548e+01
  2.38069144541839e+02  4.56317068978212e+01
  2.39610551316582e+02  4.51761679011132e+01
  2.41152442445110e+02  4.46474584567282e+01
  2.42695032227080e+02  4.40353843525919e+01
  2.44238603218411e+02  4.33271020517015e+01
  2.45783558916577e+02  4.25057092787774e+01
  2.47330522868762e+02  4.15477212350311e+01
  2.48880545117291e+02  4.04182467864219e+01
  2.50435593878796e+02  3.90602513327622e+01
  2.52000000000000e+02  3.73639616856000e+01
  0.00000000000000e+00  3.79647630775404e+01
  1.56253241450261e+00  3.96645391831469e+01
  3.11683466511471e+00  4.10334089997819e+01
  4.66678338793496e+00  4.21764673469011e+01
  6.21413877287262e+00  4.31491530565965e+01
  7.75983348156518e+00  4.39856837038641e+01
  9.30441530484262e+00  4.47092276049054e+01
  1.08482340223191e+01  4.53365304932038e+01
  1.23915314144930e+01  4.58803561798339e+01
  1.39344891647641e+01  4.63508570095556e+01
  1.54772560563619e+01  4.67563752028920e+01
  1.70199639397132e+01  4.71039402712543e+01
  1.85627371945748e+01  4.73995938542560e+01
  2.01056982429994e+01  4.76486113744067e+01
  2.16489705789446e+01  4.78556586074900e+01
  2.31926801956605e+01  4.80249054305696e+01
  2.47369559401769e+01  4.81601092979815e+01
  2.62819291519866e+01  4.82646778263977e+01
  2.78277328480820e+01  4.83417173661415e+01
  2.93745006246935e+01  4.83940712474782e+01
  3.09223653949710e+01  4.84243502756297e+01
  3.24714580481079e+01  4.84349573278195e+01
  3.40219060923833e+01  4.84281074082892e+01
  3.55738323320754e+01  4.84058442748953e+01
  3.71273536246853e+01  4.83700546991516e+01
  3.86825797349552e+01  4.83224805342250e+01
  4.02396123029652e+01  4.82647289542747e+01
  4.17985439433613e+01  4.81982812667865e+01
  4.33594574895126e+01  4.81245006237610e+01
  4.49224253934325e+01  4.80446389031610e+01
  4.64875092878904e+01  4.79598429549775e+01
  4.80547597034532e+01  4.78711601120156e+01
  4.96242159445469e+01  4.77795432353553e+01
  5.11959061267576e+01  4.76858555596266e+01
  5.27698473682502e+01  4.75908754275708e+01
  5.43460461243373e+01  4.74953009792154e+01
  5.59244986507705e+01  4.73997548389275e+01
  5.75051915784321e+01  4.73047888230853e+01
  5.90881025797290e+01  4.72108886671248e+01
  6.06732009951060e+01  4.71184759663089e+01
  6.22604485316004e+01  4.70279105255937e+01
  6.38498000908137e+01  4.69394950160824e+01
  6.54412046151901e+01  4.68534796430687e+01
  6.70346059338867e+01  4.67700667857915e+01
  6.86299435915728e+01  4.66894155658069e+01
  7.02271536459232e+01  4.66116463006734e+01
  7.18261694221995e+01  4.65368448020141e+01
  7.34269222159947e+01  4.64650664814462e+01
  7.50293419378128e+01  4.63963402337529e+01
  7.66333576955539e+01  4.63306720734375e+01
  7.82388983131120e+01  4.62680485079127e+01
  7.98458927851145e+01  4.62084396375675e+01
  8.14542706693211e+01  4.61518019794720e+01
  8.30639624193677e+01  4.60980810172671e+01
  8.46748996613908e+01  4.60472134846825e+01
  8.62870154186534e+01  4.59991293940728e+01
  8.79002442886313e+01  4.59537538243536e+01
  8.95145225771640e+01  4.59110084848204e+01
  9.11297883942583e+01  4.58708130726288e+01
  9.27459817159973e+01  4.58330864423260e+01
  9.43630444167816e+01  4.57977476058615e+01
  9.59809202758440e+01  4.57647165810976e+01
  9.75995549616570e+01  4.57339151060895e+01
  9.92188959975137e+01  4.57052672354169e+01
  1.00838892711215e+02  4.56786998337019e+01
  1.02459496171462e+02  4.56541429802106e+01
  1.04080659113240e+02  4.56315302971721e+01
  1.05702335854154e+02  4.56107992131855e+01
  1.07324482203430e+02  4.55918911718689e+01
  1.08947055365028e+02  4.55747517947462e+01
  1.10570013836078e+02  4.55593310062837e+01
  1.12193317301663e+02  4.55455831279879e+01
  1.13816926526787e+02  4.55334669475595e+01
  1.15440803246216e+02  4.55229457682651e+01
  1.17064910052729e+02  4.55139874429327e+01
  1.18689210284230e+02  4.55065643962995e+01
  1.20313667910039e+02  4.55006536388242e+01
  1.21938247416628e+02  4.54962367745224e+01
  1.23562913692990e+02  4.54933000048813e+01
  1.25187631915766e+02  4.54918341304452e+01
  1.26812367434234e+02  4.54918345512377e+01
  1.28437085655229e+02  4.54933012667852e+01
  1.30061751928037e+02  4.54962388761161e+01
  1.31686331429310e+02  4.55006565777381e+01
  1.33310789048057e+02  4.55065681692154e+01
  1.34935089270774e+02  4.55139920455825e+01
  1.36559196066810e+02  4.55229511954300e+01
  1.38183072774104e+02  4.55334731930681e+01
  1.39806681985476e+02  4.55455901847146e+01
  1.41429985435740e+02  4.55593388661461e+01
  1.43052943889952e+02  4.55747604487025e+01
  1.44675517033257e+02  4.55919006099147e+01
  1.46297663362849e+02  4.56108094243501e+01
  1.47919340082762e+02  4.56315412695143e+01
  1.49540503002302e+02  4.56541547008135e+01
  1.51161106439162e+02  4.56787122886679e+01
  1.52781103128420e+02  4.57052804098610e+01
  1.54400444138879e+02  4.57339289841329e+01
  1.56019078798450e+02  4.57647311458602e+01
  1.57636954630542e+02  4.57977628394535e+01
  1.59254017303755e+02  4.58331023258393e+01
  1.60870210597453e+02  4.58708295861278e+01
  1.62485476386180e+02  4.59110256073323e+01
  1.64099754646170e+02  4.59537715338586e+01
  1.65712983487590e+02  4.59991476674946e+01
  1.67325099216447e+02  4.60472322978787e+01
  1.68936036430394e+02  4.60981003450207e+01
  1.70545728152882e+02  4.61518217954843e+01
  1.72154106010241e+02  4.62084599144527e+01
  1.73761100456311e+02  4.62680692171948e+01
  1.75366641049062e+02  4.63306931855510e+01
  1.76970656783338e+02  4.63963617180477e+01
  1.78573076483257e+02  4.64650883061971e+01
  1.80173829256948e+02  4.65368669344374e+01
  1.81772845015145e+02  4.66116687069501e+01
  1.83370055053674e+02  4.66894382111142e+01
  1.84965392698027e+02  4.67700896343440e+01
  1.86558794006105e+02  4.68535026581699e+01
  1.88150198522799e+02  4.69395181601861e+01
  1.89739550077476e+02  4.70279337603781e+01
  1.91326797612778e+02  4.71184992527616e+01
  1.92911896030484e+02  4.72109119656391e+01
  1.94494807037791e+02  4.73048120935685e+01
  1.96075499975277e+02  4.73997780409185e+01
  1.97653952515453e+02  4.74953240720118e+01
  1.99230151289272e+02  4.75908983703635e+01
  2.00804092552522e+02  4.76858783116406e+01
  2.02375782760513e+02  4.77795657559942e+01
  2.03945239031364e+02  4.78711823610086e+01
  2.05512489480574e+02  4.79598648925249e+01
  2.07077573412436e+02  4.80446604900773e+01
  2.08640541357341e+02  4.81245218216118e+01
  2.10201454947838e+02  4.81983020380187e+01
  2.11760386635676e+02  4.82647492623360e+01
  2.13317419253920e+02  4.83225003436724e+01
  2.14872645416873e+02  4.83700739757458e+01
  2.16426166764239e+02  4.84058629856813e+01
  2.17978093060352e+02  4.84281255216608e+01
  2.19528541162279e+02  4.84349748135668e+01
  2.21077633873845e+02  4.84243671049704e+01
  2.22625498702858e+02  4.83940873930716e+01
  2.24172266538033e+02  4.83417328020858e+01
  2.25718070292036e+02  4.82646925282116e+01
  2.27263043560617e+02  4.81601232425728e+01
  2.28807319360297e+02  4.80249185961932e+01
  2.30351029030115e+02  4.78556709736995e+01
  2.31894301416666e+02  4.76486229220065e+01
  2.33437262512798e+02  4.73996045652629e+01
  2.34980035812103e+02  4.71039501288809e+01
  2.36522743736314e+02  4.67563841915681e+01
  2.38065510664921e+02  4.63508651150100e+01
  2.39608468448155e+02  4.58803633892669e+01
  2.41151765869126e+02  4.53365367955914e+01
  2.42695584611222e+02  4.47092329914892e+01
  2.44240166455060e+02  4.39856881689015e+01
  2.45785861180548e+02  4.31491565984746e+01
  2.47333216579051e+02  4.21764699698004e+01
  2.48883165313088e+02  4.10334107162782e+01
  2.50437467573965e+02  3.96645400185293e+01
  2.52000000000000e+02  3.79647630775404e+01
  0.00000000000000e+00  3.85973310096893e+01
  1.56082624918219e+00  4.02983226941786e+01
  3.11450257057088e+00  4.16761350379154e+01
  4.66446534623711e+00  4.28310802348601e+01
  6.21227280774157e+00  4.38169215145758e+01
  7.75874403406210e+00  4.46671558549452e+01
  9.30435400258610e+00  4.54046077687892e+01
  1.08494013063539e+01  4.60458503076613e+01
  1.23940892239858e+01  4.66035578374583e+01
  1.39385689024890e+01  4.70878348976384e+01
  1.54829638258433e+01  4.75069969291720e+01
  1.70273841161240e+01  4.78680570353680e+01
  1.85719349435935e+01  4.81770451840920e+01
  2.01167213634526e+01  4.84392268560627e+01
  2.16618509080699e+01  4.86592580388104e+01
  2.32074347327764e+01  4.88412981951415e+01
  2.47535877933486e+01  4.89890934601665e+01
  2.63004283787650e+01  4.91060392308609e+01
  2.78480772374358e+01  4.91952288620266e+01
  2.93966564512465e+01  4.92594920973814e+01
  3.09462881659019e+01  4.93014257771197e+01
  3.24970932558185e+01  4.93234186578851e+01
  3.40491899811241e+01  4.93276716924574e+01
  3.56026926830460e+01  4.93162148734867e+01
  3.71577105607632e+01  4.92909216855170e+01
  3.87143465449115e+01  4.92535213585788e+01
  4.02726962835923e+01  4.92056092911502e+01
  4.18328472562907e+01  4.91486560410888e+01
  4.33948780278478e+01  4.90840152063273e+01
  4.49588576517030e+01  4.90129304615747e+01
  4.65248452274301e+01  4.89365419412346e+01
  4.80928896049388e+01  4.88558918780278e+01
  4.96630292382818e+01  4.87719297558748e+01
  5.12352921904229e+01  4.86855172295913e+01
  5.28096962818857e+01  4.85974328969964e+01
  5.43862493728980e+01  4.85083769863335e+01
  5.59649497656874e+01  4.84189760014978e+01
  5.75457867111269e+01  4.83297873488384e+01
  5.91287410018917e+01  4.82413039474054e+01
  6.07137855308085e+01  4.81539561732172e+01
  6.23008859184685e+01  4.80681141675519e+01
  6.38900012637278e+01  4.79840923060895e+01
  6.54810849146963e+01  4.79021536610059e+01
  6.70740852432226e+01  4.78225144236381e+01
  6.86689464076282e+01  4.77453482520049e+01
  7.02656090905218e+01  4.76707905067459e+01
  7.18640112007958e+01  4.75989423405820e+01
  7.34640885312497e+01  4.75298746097706e+01
  7.50657753655690e+01  4.74636315807395e+01
  7.66690050305292e+01  4.74002344106530e+01
  7.82737103912249e+01  4.73396843866231e+01
  7.98798242887905e+01  4.72819659142503e+01
  8.14872799214739e+01  4.72270492518187e+01
  8.30960111710334e+01  4.71748929915696e+01
  8.47059528772729e+01  4.71254462938612e+01
  8.63170410641245e+01  4.70786508836326e+01
  8.79292131210744e+01  4.70344428213928e+01
  8.95424079439240e+01  4.69927540629948e+01
  9.11565660389316e+01  4.69535138237971e+01
  9.27716295943107e+01  4.69166497635322e+01
  9.43875425229068e+01  4.68820890084128e+01
  9.60042504796565e+01  4.68497590267902e+01
  9.76217008571710e+01  4.68195883741399e+01
  9.92398427625033e+01  4.67915073223732e+01
  1.00858626977862e+02  4.67654483875280e+01
  1.02478005907745e+02  4.67413467688443e+01
  1.04097933514677e+02  4.67191407111348e+01
  1.05718365245465e+02  4.66987718012512e+01
  1.07339257949642e+02  4.66801852083560e+01
  1.08960569791522e+02  4.66633298766634e+01
  1.10582260157091e+02  4.66481586783200e+01
  1.12204289556763e+02  4.66346285331664e+01
  1.13826619524865e+02  4.66227005012678e+01
  1.15449212516568e+02  4.66123398533079e+01
  1.17072031802839e+02  4.66035161232228e+01
  1.18695041363903e+02  4.65962031467971e+01
  1.20318205781576e+02  4.65903790893420e+01
  1.21941490130790e+02  4.65860264650369e+01
  1.23564859870518e+02  4.65831321500085e+01
  1.25188280734307e+02  4.65816873907666e+01
  1.26811718620545e+02  4.65816878091817e+01
  1.28435139482588e+02  4.65831334047808e+01
  1.30058509218828e+02  4.65860285547471e+01
  1.31681793562825e+02  4.65903820116240e+01
  1.33304957973571e+02  4.65962068983375e+01
  1.34927967526018e+02  4.66035206997603e+01
  1.36550786802014e+02  4.66123452496314e+01
  1.38173379781818e+02  4.66227067112157e+01
  1.39795709736439e+02  4.66346355496242e+01
  1.41417739121095e+02  4.66481664932184e+01
  1.43039429470168e+02  4.66633384809757e+01
  1.44660741294131e+02  4.66801945920948e+01
  1.46281633979038e+02  4.66987819534654e+01
  1.47902065689276e+02  4.67191516199054e+01
  1.49521993274457e+02  4.67413584212800e+01
  1.51141372181477e+02  4.67654607697602e+01
  1.52760156372955e+02  4.67915204195503e+01
  1.54378298253489e+02  4.68196021704215e+01
  1.55995748605398e+02  4.68497735053404e+01
  1.57612456535852e+02  4.68821041513930e+01
  1.59228369437586e+02  4.69166655520936e+01
  1.60843432965671e+02  4.69535302380733e+01
  1.62457591033093e+02  4.69927710820932e+01
  1.64070785828214e+02  4.70344604233871e+01
  1.65682957857451e+02  4.70786690455553e+01
  1.67294046016771e+02  4.71254649916961e+01
  1.68903987695834e+02  4.71749122002466e+01
  1.70512718918757e+02  4.72270689452088e+01
  1.72120174525531e+02  4.72819860651634e+01
  1.73726288398115e+02  4.73397049668085e+01
  1.75330993734959e+02  4.74002553908030e+01
  1.76934223377410e+02  4.74636529304979e+01
  1.78535910190776e+02  4.75298962977453e+01
  1.80135987502053e+02  4.75989643343651e+01
  1.81734389595146e+02  4.76708127729395e+01
  1.83331052263078e+02  4.77453707562555e+01
  1.84925913414958e+02  4.78225371306794e+01
  1.86518913733611e+02  4.79021765347118e+01
  1.88109997377566e+02  4.79841153095361e+01
  1.89699112718867e+02  4.80681372630911e+01
  1.91286213105808e+02  4.81539793225599e+01
  1.92871257637412e+02  4.82413271117162e+01
  1.94454211934414e+02  4.83298104888392e+01
  1.96035048889763e+02  4.84189990775811e+01
  1.97613749296228e+02  4.85083999586832e+01
  1.99190302404743e+02  4.85974557257155e+01
  2.00764706517566e+02  4.86855398748343e+01
  2.02336969494914e+02  4.87719521779835e+01
  2.03907109157265e+02  4.88559140376682e+01
  2.05475153567495e+02  4.89365637995326e+01
  2.07041141179528e+02  4.90129519802476e+01
  2.08605120843103e+02  4.90840363478108e+01
  2.10167151657584e+02  4.91486767686545e+01
  2.11727302676159e+02  4.92056295690144e+01
  2.13285652463380e+02  4.92535411519982e+01
  2.14842288498409e+02  4.92909409608716e+01
  2.16397306428992e+02  4.93162335983472e+01
  2.17950809185381e+02  4.93276898356362e+01
  2.19502905966347e+02  4.93234361894706e+01
  2.21053711112692e+02  4.93014426684922e+01
  2.22603342884103e+02  4.92595083212114e+01
  2.24151922154548e+02  4.91952443922547e+01
  2.25699571069279e+02  4.91060540426616e+01
  2.27246411709733e+02  4.89891075298959e+01
  2.28792564823877e+02  4.88413115002738e+01
  2.30338148700265e+02  4.86592705578648e+01
  2.31883278294266e+02  4.84392385685291e+01
  2.33428064760831e+02  4.81770560703640e+01
  2.34972615631980e+02  4.78680670766936e+01
  2.36517035962607e+02  4.75070061076396e+01
  2.38061430922715e+02  4.70878431962201e+01
  2.39605910634176e+02  4.66035652401390e+01
  2.41150598580840e+02  4.60458567996949e+01
  2.42695645909674e+02  4.54046133371358e+01
  2.44241255899376e+02  4.46671604889580e+01
  2.45787727143223e+02  4.38169252070385e+01
  2.47335534619065e+02  4.28310829835409e+01
  2.48885497406669e+02  4.16761368479747e+01
  2.50439173738899e+02  4.02983235820658e+01
  2.52000000000000e+02  3.85973310096893e+01
  0.00000000000000e+00  3.92628836338686e+01
  1.55929244349803e+00  4.09627654215331e+01
  3.11246232170694e+00  4.23474863589044e+01
  4.66252378196858e+00  4.35125130991049e+01
  6.21084069300784e+00  4.45098653720015e+01
  7.75812303397125e+00  4.53722761784267e+01
  9.30477622835773e+00  4.61221997110325e+01
  1.08510503427061e+01  4.67760199106580e+01
  1.23971124523969e+01  4.73463112607190e+01
  1.39430852137372e+01  4.78431236874933e+01
  1.54890686639115e+01  4.82747412866295e+01
  1.70351528922004e+01  4.86481575967690e+01
  1.85814254212383e+01  4.89693886552791e+01
  2.01279753826822e+01  4.92436883207161e+01
  2.16748956821399e+01  4.94757014882402e+01
  2.32222838703646e+01  4.96695761497910e+01
  2.47702421488610e+01  4.98290462274935e+01
  2.63188768007250e+01  4.99574941111767e+01
  2.78682972615342e+01  5.00579994427260e+01
  2.94186149689516e+01  5.01333777092220e+01
  3.09699420888760e+01  5.01862111489862e+01
  3.25223901891047e+01  5.02188737856132e+01
  3.40760689130361e+01  5.02335519260503e+01
  3.56310846959198e+01  5.02322612162001e+01
  3.71875395633520e+01  5.02168612803782e+01
  3.87455300258191e+01  5.01890681546976e+01
  4.03051460837253e+01  5.01504648857576e+01
  4.18664703567863e+01  5.01025106901765e+01
  4.34295773484799e+01  5.00465489930584e+01
  4.49945328533943e+01  4.99838146071606e+01
  4.65613935113607e+01  4.99154402396183e+01
  4.81302065005391e+01  4.98424622450364e+01
  4.97010093714864e+01  4.97658258734824e+01
  5.12738300228733e+01  4.96863902548447e+01
  5.28486868118819e+01  4.96049332021387e+01
  5.44255887894462e+01  4.95221558948518e+01
  5.60045360479668e+01  4.94386874844021e+01
  5.75855201670266e+01  4.93550896465531e+01
  5.91685247408896e+01  4.92718610854909e+01
  6.07535258756993e+01  4.91894394846464e+01
  6.23404927532511e+01  4.91082037807162e+01
  6.39293883114767e+01  4.90284784641941e+01
  6.55201699470833e+01  4.89505378558758e+01
  6.71127902248849e+01  4.88746103334183e+01
  6.87071975798473e+01  4.88008824786375e+01
  7.03033369996616e+01  4.87295031151063e+01
  7.19011506776244e+01  4.86605872064895e+01
  7.35005786276570e+01  4.85942195885531e+01
  7.51015592553064e+01  4.85304585115219e+01
  7.67040298804869e+01  4.84693389740105e+01
  7.83079272094570e+01  4.84108758347373e+01
  7.99131877550571e+01  4.83550666933007e+01
  8.15197482055258e+01  4.83018945361731e+01
  8.31275457432683e+01  4.82513301485339e+01
  8.47365183157680e+01  4.82033342964754e+01
  8.63466048614365e+01  4.81578596873864e+01
  8.79577454936077e+01  4.81148527189265e+01
  8.95698816461219e+01  4.80742550289519e+01
  9.11829561840487e+01  4.80360048600940e+01
  9.27969134830913e+01  4.80000382534898e+01
  9.44116994811106e+01  4.79662900864884e+01
  9.60272617050567e+01  4.79346949690999e+01
  9.76435492763806e+01  4.79051880135841e+01
  9.92605128977694e+01  4.78777054909778e+01
  1.00878104823798e+02  4.78521853875868e+01
  1.02496278817836e+02  4.78285678735900e+01
  1.04114990097298e+02  4.78067956949547e+01
  1.05734195269081e+02  4.77868144988917e+01
  1.07353852256810e+02  4.77685731021054e+01
  1.08973920221302e+02  4.77520237101518e+01
  1.10594359475447e+02  4.77371220953075e+01
  1.12215131394554e+02  4.77238277394990e+01
  1.13836198323033e+02  4.77121039480398e+01
  1.15457523478150e+02  4.77019179391811e+01
  1.17079070851463e+02  4.76932409137958e+01
  1.18700805108466e+02  4.76860481088852e+01
  1.20322691486821e+02  4.76803188380216e+01
  1.21944695693557e+02  4.76760365213009e+01
  1.23566783801476e+02  4.76731887068956e+01
  1.25188922145010e+02  4.76717670858302e+01
  1.26811077215713e+02  4.76717675011796e+01
  1.28433215557536e+02  4.76731899524722e+01
  1.30055303662038e+02  4.76760385956903e+01
  1.31677307863665e+02  4.76803217388657e+01
  1.33299194235234e+02  4.76860518328821e+01
  1.34920928483799e+02  4.76932454566984e+01
  1.36542475847051e+02  4.77019232957967e+01
  1.38163800990519e+02  4.77121101122279e+01
  1.39784867905805e+02  4.77238347041701e+01
  1.41405639810221e+02  4.77371298524210e+01
  1.43026079048230e+02  4.77520322507134e+01
  1.44646146995204e+02  4.77685824161645e+01
  1.46265803964098e+02  4.77868245755383e+01
  1.47885009115803e+02  4.78068065223157e+01
  1.49503720374025e+02  4.78285794388250e+01
  1.51121894345749e+02  4.78521976768841e+01
  1.52739486248482e+02  4.78777184895492e+01
  1.54356449845695e+02  4.79052017056598e+01
  1.55972737392074e+02  4.79347093379225e+01
  1.57588299590420e+02  4.79663051143073e+01
  1.59203085562310e+02  4.80000539215545e+01
  1.60817042834824e+02  4.80360211486483e+01
  1.62430117345963e+02  4.80742719172271e+01
  1.64042253471578e+02  4.81148701851355e+01
  1.65653394076894e+02  4.81578777087182e+01
  1.67263480595915e+02  4.82033528490907e+01
  1.68872453142144e+02  4.82513492075612e+01
  1.70480250654173e+02  4.83019140757071e+01
  1.72086811079669e+02  4.83550866864030e+01
  1.73692071601232e+02  4.84108962534397e+01
  1.75295968907296e+02  4.84693597893218e+01
  1.76898439510906e+02  4.85304796934392e+01
  1.78499420118527e+02  4.85942411060780e+01
  1.80098848050284e+02  4.86606090276502e+01
  1.81696661711935e+02  4.87295252069868e+01
  1.83292801117612e+02  4.88009048074137e+01
  1.84887208460818e+02  4.88746328644029e+01
  1.86479828729448e+02  4.89505605535714e+01
  1.88070610358662e+02  4.90285012923565e+01
  1.89659505913459e+02  4.91082267024266e+01
  1.91246472790715e+02  4.91894624623936e+01
  1.92831473928517e+02  4.92718840812628e+01
  1.94414478508792e+02  4.93551126219369e+01
  1.95995462637796e+02  4.94387104006927e+01
  1.97574409909874e+02  4.95221787131672e+01
  1.99151311904664e+02  4.96049558835401e+01
  2.00726168714589e+02  4.96864127604618e+01
  2.02298989390570e+02  4.97658481646399e+01
  2.03869792289740e+02  4.98424842833819e+01
  2.05438605310683e+02  4.99154619872480e+01
  2.07005466003831e+02  4.99838360267408e+01
  2.08570421547180e+02  5.00465700479409e+01
  2.10133528580361e+02  5.01025313445059e+01
  2.11694852897722e+02  5.01504851045679e+01
  2.13254469002469e+02  5.01890879039968e+01
  2.14812459514013e+02  5.02168805272186e+01
  2.16368914432422e+02  5.02322799287332e+01
  2.17923930267823e+02  5.02335700735651e+01
  2.19477609045430e+02  5.02188913385561e+01
  2.21030057200093e+02  5.01862280789625e+01
  2.22581384374799e+02  5.01333939889780e+01
  2.24131702136925e+02  5.00580150461122e+01
  2.25681122651947e+02  4.99575090130925e+01
  2.27229757357110e+02  4.98290604038146e+01
  2.28777715687578e+02  4.96695895772825e+01
  2.30325103926047e+02  4.94757141444594e+01
  2.31872024273642e+02  4.92437001839092e+01
  2.33418574280757e+02  4.89693997042830e+01
  2.34964846852670e+02  4.86481678109262e+01
  2.36510931120743e+02  4.82747506457353e+01
  2.38056914607357e+02  4.78431321717924e+01
  2.39602887401589e+02  4.73463188509848e+01
  2.41148949540481e+02  4.67760265883898e+01
  2.42695223680278e+02  4.61222054588250e+01
  2.44241876896401e+02  4.53722809805782e+01
  2.45789159255573e+02  4.45098692154512e+01
  2.47337476181685e+02  4.35125159748488e+01
  2.48887537654586e+02  4.23474882641738e+01
  2.50440707544208e+02  4.09627663632254e+01
  2.52000000000000e+02  3.92628836338686e+01
  0.00000000000000e+00  3.99626304404096e+01
  1.55793468463484e+00  4.16590199276970e+01
  3.11071628173626e+00  4.30485123114785e+01
  4.66095818337192e+00  4.42217058960520e+01
  6.20983882205173e+00  4.52288210683740e+01
  7.75796416092658e+00  4.61017872558353e+01
  9.30567360583784e+00  4.68626626708944e+01
  1.08531714671469e+01  4.75276254327462e+01
  1.24005909340052e+01  4.81091389705256e+01
  1.39480281836562e+01  4.86171908935624e+01
  1.54955615948595e+01  4.90600284615819e+01
  1.70432628390739e+01  4.94446216004126e+01
  1.85912032646923e+01  4.97769693285358e+01
  2.01394574324393e+01  5.00623114459650e+01
  2.16881048668862e+01  5.03052797716507e+01
  2.32372306625546e+01  5.05100091643135e+01
  2.47869253243504e+01  5.06802199026885e+01
  2.63372841013753e+01  5.08192801082762e+01
  2.78884060062963e+01  5.09302545749891e+01
  2.94403926437199e+01  5.10159434945892e+01
  3.09933469349884e+01  5.10789135403684e+01
  3.25473718031592e+01  5.11215231000620e+01
  3.41025688656581e+01  5.11459429804201e+01
  3.56590371733187e+01  5.11541736646019e+01
  3.72168720321623e+01  5.11480601305563e+01
  3.87761639202916e+01  5.11293044553707e+01
  4.03369975129453e+01  5.10994765797264e+01
  4.18994508281784e+01  5.10600236248511e+01
  4.34635945025695e+01  5.10122780766101e+01
  4.50294912036209e+01  5.09574650945470e+01
  4.65971951818039e+01  5.08967091299913e+01
  4.81667519543430e+01  5.08310397811594e+01
  4.97381981220400e+01  5.07613971249077e+01
  5.13115613192641e+01  5.06886367567937e+01
  5.28868602902935e+01  5.06135346196841e+01
  5.44641050826963e+01  5.05367916806886e+01
  5.60432973462563e+01  5.04590384983395e+01
  5.76244307241433e+01  5.03808397059551e+01
  5.92074913215270e+01  5.03026984184777e+01
  6.07924581478708e+01  5.02250581913939e+01
  6.23793036231968e+01  5.01483052658250e+01
  6.39679941952332e+01  5.00727727163919e+01
  6.55584909799546e+01  4.99987445596026e+01
  6.71507504114099e+01  4.99264598024333e+01
  6.87447248880024e+01  4.98561164073424e+01
  7.03403634039368e+01  4.97878751485324e+01
  7.19376121562606e+01  4.97218633346040e+01
  7.35364151197186e+01  4.96581783745406e+01
  7.51367145834291e+01  4.95968911668785e+01
  7.67384516450897e+01  4.95380492956151e+01
  7.83415666599975e+01  4.94816800205489e+01
  7.99459996435574e+01  4.94277930540393e+01
  8.15516906271603e+01  4.93763831203688e+01
  8.31585799682978e+01  4.93274322977867e+01
  8.47666086165791e+01  4.92809121467885e+01
  8.63757183379083e+01  4.92367856311326e+01
  8.79858518995092e+01  4.91950088404976e+01
  8.95969532187557e+01  4.91555325255218e+01
  9.12089674789120e+01  4.91183034572835e+01
  9.28218412149183e+01  4.90832656241131e+01
  9.44355223723180e+01  4.90503612790394e+01
  9.60499603423031e+01  4.90195318512370e+01
  9.76651059757024e+01  4.89907187346064e+01
  9.92809115785431e+01  4.89638639661710e+01
  1.00897330891609e+02  4.89389108063504e+01
  1.02514319056199e+02  4.89158042324335e+01
  1.04131832568079e+02  4.88944913557617e+01
  1.05749829221380e+02  4.88749217722822e+01
  1.07368268044032e+02  4.88570478552715e+01
  1.08987109226094e+02  4.88408249981730e+01
  1.10606314042166e+02  4.88262118146737e+01
  1.12225844768939e+02  4.88131703023501e+01
  1.13845664598737e+02  4.88016659754756e+01
  1.15465737549826e+02  4.87916679718772e+01
  1.17086028374110e+02  4.87831491380862e+01
  1.18706502462754e+02  4.87760860964200e+01
  1.20327125750178e+02  4.87704592970765e+01
  1.21947864616785e+02  4.87662530578025e+01
  1.23568685790754e+02  4.87634555932153e+01
  1.25189556249132e+02  4.87620590354033e+01
  1.26810443118467e+02  4.87620594470048e+01
  1.28431313575172e+02  4.87634568275508e+01
  1.30052134745800e+02  4.87662551134650e+01
  1.31672873607410e+02  4.87704621717206e+01
  1.33293496888199e+02  4.87760897867612e+01
  1.34913970968593e+02  4.87831536399002e+01
  1.36534261783043e+02  4.87916732799992e+01
  1.38154334722748e+02  4.88016720837983e+01
  1.39774154539654e+02  4.88131772038228e+01
  1.41393685252075e+02  4.88262195012998e+01
  1.43012890052391e+02  4.88408334610085e+01
  1.44631731217352e+02  4.88570570844218e+01
  1.46250170021625e+02  4.88749317568999e+01
  1.47868166655342e+02  4.88945020840429e+01
  1.49485680146513e+02  4.89158156916146e+01
  1.51102668289359e+02  4.89389229827040e+01
  1.52719087579736e+02  4.89638768450020e+01
  1.54334893159046e+02  4.89907323002473e+01
  1.55950038768180e+02  4.90195460870431e+01
  1.57564476713281e+02  4.90503761673840e+01
  1.59178157845300e+02  4.90832811463825e+01
  1.60791031555561e+02  4.91183195938722e+01
  1.62403045789742e+02  4.91555492558275e+01
  1.64014147082932e+02  4.91950261429173e+01
  1.65624280618545e+02  4.92368034830587e+01
  1.67233390314116e+02  4.92809305246068e+01
  1.68841418937036e+02  4.93274511768752e+01
  1.70448308253383e+02  4.93764024750983e+01
  1.72053999212946e+02  4.94278128577768e+01
  1.73658432173404e+02  4.94817002456635e+01
  1.75261547166338e+02  4.95380699134884e+01
  1.76863284207350e+02  4.95969121479178e+01
  1.78463583651936e+02  4.96581996881984e+01
  1.80062386597993e+02  4.97218849494026e+01
  1.81659635334843e+02  4.97878970320948e+01
  1.83255273837430e+02  4.98561385264311e+01
  1.84849248302997e+02  4.99264821229955e+01
  1.86441507725940e+02  4.99987670468252e+01
  1.88032004504846e+02  5.00727953347639e+01
  1.89620695073935e+02  5.01483279792092e+01
  1.91207540549341e+02  5.02250809631073e+01
  1.92792507378933e+02  5.03027212113804e+01
  1.94375567982855e+02  5.03808624825467e+01
  1.95956701370672e+02  5.04590612208631e+01
  1.97535893647627e+02  5.05368143112402e+01
  1.99113138456936e+02  5.06135571203265e+01
  2.00688437448399e+02  5.06886590896735e+01
  2.02261800669568e+02  5.07614192523747e+01
  2.03833246864671e+02  5.08310616658844e+01
  2.05402803667992e+02  5.08967307350832e+01
  2.06970507680212e+02  5.09574863836636e+01
  2.08536404418397e+02  5.10122990140638e+01
  2.10100548132828e+02  5.10600441757050e+01
  2.11663001490780e+02  5.10994967098797e+01
  2.13223835128575e+02  5.11293241316324e+01
  2.14783127063980e+02  5.11480793207032e+01
  2.16340961971918e+02  5.11541923374215e+01
  2.17897430330154e+02  5.11459611057357e+01
  2.19452627444353e+02  5.11215406487392e+01
  2.21006652364974e+02  5.10789304843020e+01
  2.22559606709058e+02  5.10159598066694e+01
  2.24111593399270e+02  5.09302702290477e+01
  2.25662715356560e+02  5.08192950790125e+01
  2.27213074185143e+02  5.06802341655758e+01
  2.28762768897300e+02  5.05100226954891e+01
  2.30311894741761e+02  5.03052925477921e+01
  2.31860542223074e+02  5.00623234441575e+01
  2.33408796435425e+02  4.97769805261402e+01
  2.34956736903073e+02  4.94446319749421e+01
  2.36504438186460e+02  4.90600379906039e+01
  2.38051971633732e+02  4.86171995546450e+01
  2.39599408916146e+02  4.81091467412568e+01
  2.41146828412309e+02  4.75276322908626e+01
  2.42694326299382e+02  4.68626685945688e+01
  2.44242035766525e+02  4.61017922241873e+01
  2.45790161124236e+02  4.52288250622844e+01
  2.47339041778683e+02  4.42217088994105e+01
  2.48889283693636e+02  4.30485143130959e+01
  2.50442065302712e+02  4.16590209242254e+01
  2.52000000000000e+02  3.99626304404096e+01
  0.00000000000000e+00  4.06977643934597e+01
  1.55675546271417e+00  4.23882187427852e+01
  3.10926536665341e+00  4.37802407861953e+01
  4.65976664903821e+00  4.49595758039429e+01
  6.20926236121284e+00  4.59746010265657e+01
  7.75826005045416e+00  4.68564065958014e+01
  9.30703687795172e+00  4.76266299926662e+01
  1.08557542598590e+01  4.83012265311974e+01
  1.24045138273670e+01  4.88925366662941e+01
  1.39533872557180e+01  4.94104770668647e+01
  1.55024329928574e+01  4.98632517145136e+01
  1.70517058322883e+01  5.02578019563922e+01
  1.86012623395938e+01  5.06001058500691e+01
  2.01511637733086e+01  5.08953859231939e+01
  2.17014774402106e+01  5.11482582359798e+01
  2.32522770480304e+01  5.13628422290431e+01
  2.48036423888075e+01  5.15428425557390e+01
  2.63556585813629e+01  5.16916113209707e+01
  2.79084150433217e+01  5.18121969060328e+01
  2.94620043014993e+01  5.19073827895523e+01
  3.10165207179881e+01  5.19797187812031e+01
  3.25720591886768e+01  5.20315464321026e+01
  3.41287138567320e+01  5.20650199284566e+01
  3.56865768760015e+01  5.20821235359427e+01
  3.72457372574315e+01  5.20846865845726e+01
  3.88062798094258e+01  5.20743962321191e+01
  4.03682841838401e+01  5.20528083821787e+01
  4.19318240387618e+01  5.20213571459667e+01
  4.34969663263176e+01  5.19813631591711e+01
  4.50637707111644e+01  5.19340410081134e+01
  4.66322891218419e+01  5.18805059470353e+01
  4.82025654270979e+01  5.18217798432371e+01
  4.97746352379036e+01  5.17587965818076e+01
  5.13485258348646e+01  5.16924071528680e+01
  5.29242562143948e+01  5.16233844997656e+01
  5.45018372448436e+01  5.15524281870615e+01
  5.60812719218698e+01  5.14801689302773e+01
  5.76625557108047e+01  5.14071730144248e+01
  5.92456769624477e+01  5.13339466109690e+01
  6.08306173060304e+01  5.12609377450348e+01
  6.24173521036334e+01  5.11885385151797e+01
  6.40058510099907e+01  5.11170891020990e+01
  6.55960785565684e+01  5.10468817238238e+01
  6.71879947470144e+01  5.09781645219187e+01
  6.87815556521814e+01  5.09111453597611e+01
  7.03767139942590e+01  5.08459955123103e+01
  7.19734197110563e+01  5.07828532266791e+01
  7.35716204930443e+01  5.07218271340200e+01
  7.51712622873573e+01  5.06629994954799e+01
  7.67722897644688e+01  5.06064292679453e+01
  7.83746467446831e+01  5.05521549787267e+01
  7.99782765828507e+01  5.05001974019447e+01
  8.15831225108306e+01  5.04505620329765e+01
  8.31891279381533e+01  5.04032413607101e+01
  8.47962367120959e+01  5.03582169404193e+01
  8.64043933389670e+01  5.03154612727174e+01
  8.80135431688345e+01  5.02749394962406e+01
  8.96236325462207e+01  5.02366109034306e+01
  9.12346089294632e+01  5.02004302900533e+01
  9.28464209815185e+01  5.01663491499342e+01
  9.44590186349719e+01  5.01343167268613e+01
  9.60723531339557e+01  5.01042809357564e+01
  9.76863770555531e+01  5.00761891650955e+01
  9.93010443131190e+01  5.00499889722268e+01
  1.00916310143775e+02  5.00256286827430e+01
  1.02532131082145e+02  5.00030579044457e+01
  1.04148464922226e+02  4.99822279657502e+01
  1.05765270669061e+02  4.99630922876340e+01
  1.07382508481752e+02  4.99456066974710e+01
  1.09000139609124e+02  4.99297296923265e+01
  1.10618126319225e+02  4.99154226585420e+01
  1.12236431823669e+02  4.99026500537100e+01
  1.13855020197723e+02  4.98913795564541e+01
  1.15473856296872e+02  4.98815821887700e+01
  1.17092905670541e+02  4.98732324150758e+01
  1.18712134473500e+02  4.98663082215389e+01
  1.20331509375440e+02  4.98607911787166e+01
  1.21950997469105e+02  4.98566664900392e+01
  1.23570566177336e+02  4.98539230281972e+01
  1.25190183159299e+02  4.98525533610463e+01
  1.26809816216169e+02  4.98525537682252e+01
  1.28429433196498e+02  4.98539242492683e+01
  1.30049001901466e+02  4.98566685236057e+01
  1.31668489990253e+02  4.98607940224500e+01
  1.33287864885716e+02  4.98663118721787e+01
  1.34907093680623e+02  4.98732368684287e+01
  1.36526143044694e+02  4.98815874397089e+01
  1.38144979132736e+02  4.98913855989166e+01
  1.39763567494214e+02  4.99026568806978e+01
  1.41381872984664e+02  4.99154302621183e+01
  1.42999859679403e+02  4.99297380636148e+01
  1.44617490790108e+02  4.99456158266522e+01
  1.46234728584893e+02  4.99631021639444e+01
  1.47851534312657e+02  4.99822385774786e+01
  1.49467868132580e+02  5.00030692389304e+01
  1.51083689049794e+02  5.00256407263684e+01
  1.52698954858388e+02  5.00500017104201e+01
  1.54313622093085e+02  5.00762025823229e+01
  1.55927645991115e+02  5.01042950155194e+01
  1.57540980465948e+02  5.01343314516927e+01
  1.59153578094786e+02  5.01663645013947e+01
  1.60765390121891e+02  5.02004462487276e+01
  1.62376366479985e+02  5.02366274489245e+01
  1.63986455832165e+02  5.02749566071787e+01
  1.65595605636919e+02  5.03154789267411e+01
  1.67203762238926e+02  5.03582351141869e+01
  1.68810870988417e+02  5.04032600298976e+01
  1.70416876391869e+02  5.04505811722811e+01
  1.72021722296735e+02  5.05002169850905e+01
  1.73625352112726e+02  5.05521749784732e+01
  1.75227709071885e+02  5.06064496560999e+01
  1.76828736529251e+02  5.06630202429147e+01
  1.78428378305320e+02  5.07218482106929e+01
  1.80026579070756e+02  5.07828746016606e+01
  1.81623284772887e+02  5.08460171538169e+01
  1.83218443102372e+02  5.09111672351950e+01
  1.84812003997206e+02  5.09781865979149e+01
  1.86403920179760e+02  5.10469039663044e+01
  1.87994147721056e+02  5.11171114763367e+01
  1.89582646624904e+02  5.11885609858672e+01
  1.91169381422916e+02  5.12609602763644e+01
  1.92754321769958e+02  5.13339691667181e+01
  1.94337443028222e+02  5.14071955580490e+01
  1.95918726827029e+02  5.14801914250100e+01
  1.97498161517245e+02  5.15524505960175e+01
  1.99075742564242e+02  5.16234067860486e+01
  2.00651472963688e+02  5.16924292796810e+01
  2.02225363583915e+02  5.17588185125635e+01
  2.03797433421284e+02  5.18218015416691e+01
  2.05367709756318e+02  5.18805273773037e+01
  2.06936228199871e+02  5.19340621349079e+01
  2.08503032620541e+02  5.19813839478057e+01
  2.10068174946683e+02  5.20213775624661e+01
  2.11631714842742e+02  5.20528283933531e+01
  2.13193719260601e+02  5.20744158056259e+01
  2.14754261858076e+02  5.20847056889641e+01
  2.16313422286728e+02  5.20821421406964e+01
  2.17871285354644e+02  5.20650380039880e+01
  2.19427940072436e+02  5.20315639497581e+01
  2.20983478593603e+02  5.19797357132329e+01
  2.22537995060952e+02  5.19073991090612e+01
  2.24091584370008e+02  5.18122125869089e+01
  2.25644340882496e+02  5.16916263377930e+01
  2.27196357124867e+02  5.15428568836629e+01
  2.28747722514389e+02  5.13628558436666e+01
  2.30298522169534e+02  5.11482711131928e+01
  2.31848835882010e+02  5.08953980390150e+01
  2.33398737359229e+02  5.06001171804775e+01
  2.34948293907677e+02  5.02578124771627e+01
  2.36497566785619e+02  4.98632614010704e+01
  2.38046612558400e+02  4.94104858941706e+01
  2.39595486019321e+02  4.88925446088024e+01
  2.41144245616168e+02  4.83012335629003e+01
  2.42692963024086e+02  4.76266360872874e+01
  2.44241739874246e+02  4.68564117271897e+01
  2.45790737582894e+02  4.59746051693626e+01
  2.47340233311484e+02  4.49595789346311e+01
  2.48890734607833e+02  4.37802428847056e+01
  2.50443244524294e+02  4.23882197948622e+01
  2.52000000000000e+02  4.06977643934597e+01
  0.00000000000000e+00  4.14694532656166e+01
  1.55575603792392e+00  4.31514654220110e+01
  3.10810900048889e+00  4.45436698679319e+01
  4.65894583765362e+00  4.57270096458788e+01
  6.20910519758612e+00  4.67479868548859e+01
  7.75900224328282e+00  4.76368205792355e+01
  9.30885586146807e+00  4.84147037658205e+01
  1.08587875091478e+01  4.90973516736862e+01
  1.24088695916653e+01  4.96969691011004e+01
  1.39591512236527e+01  5.02233922099674e+01
  1.55096725916631e+01  5.06847742842866e+01
  1.70604730806515e+01  5.10880221844515e+01
  1.86115957885740e+01  5.14390881896103e+01
  2.01630898627251e+01  5.17431735449528e+01
  2.17150114788349e+01  5.20048751547307e+01
  2.32674239539686e+01  5.22282941204590e+01
  2.48203972821084e+01  5.24171169249657e+01
  2.63740072916934e+01  5.25746774112771e+01
  2.79283345748180e+01  5.27040055453190e+01
  2.94834632829468e+01  5.28078662883911e+01
  3.10394798568238e+01  5.28887909465287e+01
  3.25964717405299e+01  5.29491027307942e+01
  3.41545261174000e+01  5.29909378171066e+01
  3.57137286990998e+01  5.30162629581310e+01
  3.72741625978068e+01  5.30268906182662e+01
  3.88359072909893e+01  5.30244918811572e+01
  4.03990376891702e+01  5.30106075068984e+01
  4.19636233165987e+01  5.29866575245067e+01
  4.35297276120311e+01  5.29539496677186e+01
  4.50974073543945e+01  5.29136869050477e+01
  4.66667122148697e+01  5.28669742439367e+01
  4.82376844275845e+01  5.28148247541065e+01
  4.98103585791676e+01  5.27581650347078e+01
  5.13847615165389e+01  5.26978403403826e+01
  5.29609123665126e+01  5.26346194432746e+01
  5.45388226588747e+01  5.25691992891876e+01
  5.61184965429458e+01  5.25022094900375e+01
  5.76999310863004e+01  5.24342166806788e+01
  5.92831166431883e+01  5.23657287518991e+01
  6.08680372031565e+01  5.22971968248791e+01
  6.24546707986813e+01  5.22290174477280e+01
  6.40429900130203e+01  5.21615364763777e+01
  6.56329625129141e+01  5.20950528892597e+01
  6.72245515943163e+01  5.20298225244725e+01
  6.88177167302801e+01  5.19660617247346e+01
  7.04124141113031e+01  5.19039508735669e+01
  7.20085971697389e+01  5.18436378056944e+01
  7.36062170812791e+01  5.17852410753811e+01
  7.52052232379092e+01  5.17288530680777e+01
  7.68055636881080e+01  5.16745429431248e+01
  7.84071855413423e+01  5.16223593980562e+01
  8.00100353350686e+01  5.15723332480820e+01
  8.16140593634774e+01  5.15244798173952e+01
  8.32192039680930e+01  5.14788011418777e+01
  8.48254157910555e+01  5.14352879854765e+01
  8.64326419924904e+01  5.13939216748815e+01
  8.80408304337970e+01  5.13546757591210e+01
  8.96499298289979e+01  5.13175175022868e+01
  9.12598898664890e+01  5.12824092187995e+01
  9.28706613036310e+01  5.12493094614635e+01
  9.44821960366536e+01  5.12181740730610e+01
  9.60944471483059e+01  5.11889571124505e+01
  9.77073689356076e+01  5.11616116660998e+01
  9.93209169199362e+01  5.11360905557535e+01
  1.00935047841547e+02  5.11123469525433e+01
  1.02549719640462e+02  5.10903349073420e+01
  1.04164891425509e+02  5.10700098065724e+01
  1.05780523433114e+02  5.10513287620334e+01
  1.07396576977300e+02  5.10342509426359e+01
  1.09013014392175e+02  5.10187378552508e+01
  1.10629798968058e+02  5.10047535811951e+01
  1.12246894882241e+02  5.09922649742176e+01
  1.13864267125269e+02  5.09812418252054e+01
  1.15481881423483e+02  5.09716569982243e+01
  1.17099704158514e+02  5.09634865419253e+01
  1.18717702284266e+02  5.09567097798056e+01
  1.20335843241886e+02  5.09513093822963e+01
  1.21954094873154e+02  5.09472714231669e+01
  1.23572425332640e+02  5.09445854222750e+01
  1.25190802998950e+02  5.09432443762583e+01
  1.26809196385361e+02  5.09432447783484e+01
  1.28427574050079e+02  5.09445866280840e+01
  1.30045904506385e+02  5.09472734313108e+01
  1.31664156132899e+02  5.09513121904682e+01
  1.33282297084207e+02  5.09567133847751e+01
  1.34900295202112e+02  5.09634909395380e+01
  1.36518117927793e+02  5.09716621834007e+01
  1.38135732215188e+02  5.09812477919400e+01
  1.39753104445969e+02  5.09922717155779e+01
  1.41370200346527e+02  5.10047610893195e+01
  1.42986984907458e+02  5.10187461213474e+01
  1.44603422306116e+02  5.10342599569804e+01
  1.46219475832886e+02  5.10513385139671e+01
  1.47835107821949e+02  5.10700202844997e+01
  1.49450279587407e+02  5.10903460987281e+01
  1.51064951365771e+02  5.11123588439113e+01
  1.52679082265962e+02  5.11361031326818e+01
  1.54292630228101e+02  5.11616249132193e+01
  1.55905551992549e+02  5.11889710134416e+01
  1.57517803080796e+02  5.12181886106510e+01
  1.59129337789982e+02  5.12493246174239e+01
  1.60740109202982e+02  5.12824249739441e+01
  1.62350069216158e+02  5.13175338364701e+01
  1.63959168587011e+02  5.13546926512374e+01
  1.65567357004083e+02  5.13939391028654e+01
  1.67174583181550e+02  5.14353059263041e+01
  1.68780794980968e+02  5.14788195715703e+01
  1.70385939562629e+02  5.15244987110249e+01
  1.71989963568842e+02  5.15723525797792e+01
  1.73592813341304e+02  5.16223791410210e+01
  1.75194435174386e+02  5.16745630696420e+01
  1.76794775605723e+02  5.17288735495351e+01
  1.78393781744966e+02  5.17852618822933e+01
  1.79991401640776e+02  5.18436589077319e+01
  1.81587584685322e+02  5.19039722395903e+01
  1.83182282054474e+02  5.19660833228364e+01
  1.84775447180762e+02  5.20298443220242e+01
  1.86367036254852e+02  5.20950748529670e+01
  1.87957008749959e+02  5.21615585723428e+01
  1.89545327962184e+02  5.22290396415190e+01
  1.91131961558406e+02  5.22972190816067e+01
  1.92716882122001e+02  5.23657510362996e+01
  1.94300067685550e+02  5.24342389572040e+01
  1.95881502238680e+02  5.25022317229494e+01
  1.97461176135699e+02  5.25692214426569e+01
  1.99039086444216e+02  5.26346414814825e+01
  2.00615237313559e+02  5.26978622276237e+01
  2.02189640273490e+02  5.27581867354938e+01
  2.03762314450773e+02  5.28148462332678e+01
  2.05333286692246e+02  5.28669954667212e+01
  2.06902591584424e+02  5.29137078372138e+01
  2.08470271361292e+02  5.29539702756205e+01
  2.10036375693857e+02  5.29866777751710e+01
  2.11600961360844e+02  5.30106273680887e+01
  2.13164091800779e+02  5.30245113214254e+01
  2.14725836537659e+02  5.30269096069889e+01
  2.16286270481729e+02  5.30162814655285e+01
  2.17845473110160e+02  5.29909558142435e+01
  2.19403527534820e+02  5.29491201895595e+01
  2.20960519467047e+02  5.28888078395947e+01
  2.22516536089844e+02  5.28078825891490e+01
  2.24071664846951e+02  5.27040212277912e+01
  2.25625992178771e+02  5.25746924500062e+01
  2.27179602236432e+02  5.24171312948788e+01
  2.28732575611694e+02  5.22283077967105e+01
  2.30284988132673e+02  5.20048881125233e+01
  2.31836909793041e+02  5.17431857593433e+01
  2.33388403909568e+02  5.14390996353033e+01
  2.34939526657706e+02  5.10880328355906e+01
  2.36490327184495e+02  5.06847841142553e+01
  2.38040848587661e+02  5.02234011912160e+01
  2.39591130251960e+02  4.96969772050227e+01
  2.41141212363784e+02  4.90973588705777e+01
  2.42691144037651e+02  4.84147100249606e+01
  2.44240997678859e+02  4.76368258691459e+01
  2.45790894744471e+02  4.67479911438268e+01
  2.47341054121418e+02  4.57270129026661e+01
  2.48891890973159e+02  4.45436720631994e+01
  2.50444243948768e+02  4.31514665299790e+01
  2.52000000000000e+02  4.14694532656166e+01
  0.00000000000000e+00  4.22788301683917e+01
  1.55493643075998e+00  4.39498249497306e+01
  3.10724509460492e+00  4.53397589047985e+01
  4.65849094017823e+00  4.65248558118120e+01
  6.20935990770517e+00  4.75497221354482e+01
  7.76018115413306e+00  4.84436780733036e+01
  9.31111941955496e+00  4.92274492066997e+01
  1.08622591913045e+01  4.99164932248778e+01
  1.24136459770642e+01  5.05228658098946e+01
  1.39653082349310e+01  5.10563120850201e+01
  1.55172695032036e+01  5.15249262166675e+01
  1.70695551611746e+01  5.19355737068004e+01
  1.86221960831080e+01  5.22941753448771e+01
  2.01752304236483e+01  5.26059062722773e+01
  2.17287042431619e+01  5.28753401133813e+01
  2.32826713960156e+01  5.31065560639992e+01
  2.48371929287254e+01  5.33032193206128e+01
  2.63923361595988e+01  5.34686427161174e+01
  2.79481735699587e+01  5.36058353554870e+01
  2.95047815886036e+01  5.37175414884564e+01
  3.10622393280158e+01  5.38062719332738e+01
  3.26206273158050e+01  5.38743297530922e+01
  3.41800262544707e+01  5.39238314536504e+01
  3.57405158372652e+01  5.39567247385252e+01
  3.73021736470909e+01  5.39748037739773e+01
  3.88650741465225e+01  5.39797222224142e+01
  4.04292877680928e+01  5.39730044218645e+01
  4.19948801136192e+01  5.39560550932285e+01
  4.35619112688298e+01  5.39301678800308e+01
  4.51304352372912e+01  5.38965329684387e+01
  4.67004994946354e+01  5.38562439655811e+01
  4.82721446553998e+01  5.38103039891406e+01
  4.98454042523565e+01  5.37596311863335e+01
  5.14203046274522e+01  5.37050638903365e+01
  5.29968649281566e+01  5.36473654901094e+01
  5.45750972013260e+01  5.35872290713716e+01
  5.61550065752494e+01  5.35252818711437e+01
  5.77365915193788e+01  5.34620895749399e+01
  5.93198441702678e+01  5.33981604703437e+01
  6.09047506403193e+01  5.33339474265771e+01
  6.24912913831748e+01  5.32698500685110e+01
  6.40794416544644e+01  5.32062185391739e+01
  6.56691719977288e+01  5.31433571845720e+01
  6.72604487446575e+01  5.30815281531778e+01
  6.88532345196150e+01  5.30209548990590e+01
  7.04474887394521e+01  5.29618255756297e+01
  7.20431681007530e+01  5.29042963062665e+01
  7.36402270478966e+01  5.28484943183614e+01
  7.52386182165622e+01  5.27945209285737e+01
  7.68382928485302e+01  5.27424543688842e+01
  7.84392011747889e+01  5.26923524453338e+01
  8.00412927650141e+01  5.26442550238545e+01
  8.16445168424376e+01  5.25981863401965e+01
  8.32488225639309e+01  5.25541571334854e+01
  8.48541592658148e+01  5.25121666052989e+01
  8.64604766764578e+01  5.24722042082422e+01
  8.80677250971489e+01  5.24342512697959e+01
  8.96758555530510e+01  5.23982824586696e+01
  9.12848199162474e+01  5.23642671020218e+01
  9.28945710030283e+01  5.23321703627190e+01
  9.45050626476104e+01  5.23019542863226e+01
  9.61162497544840e+01  5.22735787277502e+01
  9.77280883315273e+01  5.22470021675899e+01
  9.93405355059392e+01  5.22221824278942e+01
  1.00953549524933e+02  5.21990772969763e+01
  1.02567089742999e+02  5.21776450723166e+01
  1.04181116597411e+02  5.21578450301806e+01
  1.05795591573493e+02  5.21396378299954e+01
  1.07410477161045e+02  5.21229858609299e+01
  1.09025736803152e+02  5.21078535375156e+01
  1.10641334838498e+02  5.20942075505281e+01
  1.12257236438151e+02  5.20820170787397e+01
  1.13873407537707e+02  5.20712539665688e+01
  1.15489814765521e+02  5.20618928720762e+01
  1.17106425367717e+02  5.20539113892193e+01
  1.18723207130529e+02  5.20472901477562e+01
  1.20340128300485e+02  5.20420128937008e+01
  1.21957157502882e+02  5.20380665527632e+01
  1.23574263658913e+02  5.20354412787678e+01
  1.25191415901812e+02  5.20341304886170e+01
  1.26808583492302e+02  5.20341308849617e+01
  1.28425735733650e+02  5.20354424673457e+01
  1.30042841886588e+02  5.20380685322058e+01
  1.31659871084358e+02  5.20420156617272e+01
  1.33276792248174e+02  5.20472937011724e+01
  1.34893574003353e+02  5.20539157239177e+01
  1.36510184596455e+02  5.20618979830349e+01
  1.38126591813749e+02  5.20712598478507e+01
  1.39742762901398e+02  5.20820237234914e+01
  1.41358664487808e+02  5.20942149509785e+01
  1.42974262508625e+02  5.21078616849748e+01
  1.44589522134980e+02  5.21229947457871e+01
  1.46204407705621e+02  5.21396474417177e+01
  1.47818882663704e+02  5.21578553573107e+01
  1.49432909499109e+02  5.21776561024710e+01
  1.51046449697246e+02  5.21990890168436e+01
  1.52659463695477e+02  5.22221948232322e+01
  1.54271910848392e+02  5.22470152232245e+01
  1.55883749403309e+02  5.22735924275728e+01
  1.57494936487536e+02  5.23019686132889e+01
  1.59105428109071e+02  5.23321852988474e+01
  1.60715179172525e+02  5.23642826283927e+01
  1.62324143512248e+02  5.23982985554254e+01
  1.63932273944665e+02  5.24342679161417e+01
  1.65539522342003e+02  5.24722213824480e+01
  1.67145839729573e+02  5.25121842847028e+01
  1.68751176408817e+02  5.25541752944991e+01
  1.70355482108265e+02  5.25982049583130e+01
  1.71958706164400e+02  5.26442740736581e+01
  1.73560797734261e+02  5.26923719005130e+01
  1.75161706041253e+02  5.27424742022493e+01
  1.76761380655223e+02  5.27945411120771e+01
  1.78359771807334e+02  5.28485148231231e+01
  1.79956830739543e+02  5.29043171026049e+01
  1.81552510087700e+02  5.29618466330974e+01
  1.83146764296355e+02  5.30209761864852e+01
  1.84739550062258e+02  5.30815496387164e+01
  1.86330826802419e+02  5.31433788357566e+01
  1.87920557141350e+02  5.32062403229796e+01
  1.89508707410883e+02  5.32698719514222e+01
  1.91095248154683e+02  5.33339693746625e+01
  1.92680154628491e+02  5.33981824493368e+01
  1.94263407286043e+02  5.34621115503248e+01
  1.95844992239815e+02  5.35253038082461e+01
  1.97424901626412e+02  5.35872509354520e+01
  1.99003133915313e+02  5.36473872464588e+01
  2.00579694234812e+02  5.37050855043734e+01
  2.02154594631740e+02  5.37596526236998e+01
  2.03727854253516e+02  5.38103252157963e+01
  2.05299499442005e+02  5.38562649478941e+01
  2.06869563729873e+02  5.38965536732697e+01
  2.08438087731518e+02  5.39301882748094e+01
  2.10005118922409e+02  5.39560751460205e+01
  2.11570711305922e+02  5.39730241014269e+01
  2.13134924967568e+02  5.39797414982364e+01
  2.14697825508927e+02  5.39748226163070e+01
  2.16259483362273e+02  5.39567431183763e+01
  2.17819972989903e+02  5.39238493427923e+01
  2.19379371974429e+02  5.38743471240174e+01
  2.20937760008801e+02  5.38062887591432e+01
  2.22495217795207e+02  5.37175577430206e+01
  2.24051825860943e+02  5.36058510129824e+01
  2.25607663318175e+02  5.34686577511367e+01
  2.27162806595386e+02  5.33032337079489e+01
  2.28717328173592e+02  5.31065697784640e+01
  2.30271295370800e+02  5.28753531295988e+01
  2.31824769233236e+02  5.26059185644567e+01
  2.33377803614992e+02  5.22941868865676e+01
  2.34930444576175e+02  5.19355844706360e+01
  2.36482730271187e+02  5.15249361741116e+01
  2.38034691574073e+02  5.10563212061250e+01
  2.39586353863930e+02  5.05228740630955e+01
  2.41137740678892e+02  4.99165005768506e+01
  2.42688880476933e+02  4.92274556223197e+01
  2.44239818765669e+02  4.84436835157492e+01
  2.45790640032455e+02  4.75497265665012e+01
  2.47341509017540e+02  4.65248591924113e+01
  2.48892754878260e+02  4.53397611959177e+01
  2.50445063555645e+02  4.39498261135086e+01
  2.52000000000000e+02  4.22788301683917e+01
  0.00000000000000e+00  4.31269832880903e+01
  1.55429543567748e+00  4.47843135356289e+01
  3.10667005217857e+00  4.61694190466376e+01
  4.65839567588168e+00  4.73539157330526e+01
  6.21001774844999e+00  4.83805048507052e+01
  7.76178606108829e+00  4.92775837636162e+01
  9.31381545314853e+00  5.00653888283273e+01
  1.08661564672779e+01  5.07591023794187e+01
  1.24188300295999e+01  5.13706167310338e+01
  1.39718458062779e+01  5.19095744517795e+01
  1.55252122455257e+01  5.23840011507591e+01
  1.70789420606506e+01  5.28007131195457e+01
  1.86330550793132e+01  5.31655930396205e+01
  2.01875795146207e+01  5.34837843061164e+01
  2.17425522611614e+01  5.37598324060744e+01
  2.32980185751890e+01  5.39977904128702e+01
  2.48540313465514e+01  5.42012985473928e+01
  2.64106501080102e+01  5.43736453796955e+01
  2.79679398936314e+01  5.45178162648348e+01
  2.95259700155173e+01  5.46365321568631e+01
  3.10848128087731e+01  5.47322810587453e+01
  3.26445423820843e+01  5.48073437748223e+01
  3.42052334025978e+01  5.48638152125741e+01
  3.57669599395375e+01  5.49036222524590e+01
  3.73297943906342e+01  5.49285391184488e+01
  3.88938064981122e+01  5.49402005161446e+01
  4.04590624621790e+01  5.49401129151820e+01
  4.20256241597317e+01  5.49296643535064e+01
  4.35935484736828e+01  5.49101330647662e+01
  4.51628867362251e+01  5.48826951734465e+01
  4.67336842865810e+01  5.48484316340540e+01
  4.83059801356975e+01  5.48083343746191e+01
  4.98798067374653e+01  5.47633118566504e+01
  5.14551898653886e+01  5.47141942532008e+01
  5.30321485887292e+01  5.46617383201129e+01
  5.46106953406570e+01  5.46066320178999e+01
  5.61908360696691e+01  5.45494989269752e+01
  5.77725704645312e+01  5.44909024862490e+01
  5.93558922421367e+01  5.44313500705649e+01
  6.09407894203882e+01  5.43712949722185e+01
  6.25272446454227e+01  5.43111385519286e+01
  6.41152356096315e+01  5.42512338906664e+01
  6.57047354949610e+01  5.41918893534955e+01
  6.72957134315031e+01  5.41333720609511e+01
  6.88881349621139e+01  5.40759112601364e+01
  7.04819625046984e+01  5.40197015856235e+01
  7.20771558048158e+01  5.39649061992767e+01
  7.36736723723526e+01  5.39116597981195e+01
  7.52714678971236e+01  5.38600714801608e+01
  7.68704966393595e+01  5.38102274594964e+01
  7.84707117920862e+01  5.37621936238309e+01
  8.00720658133674e+01  5.37160179296504e+01
  8.16745107272532e+01  5.36717326324643e+01
  8.32779983930320e+01  5.36293563517037e+01
  8.48824807430318e+01  5.35888959719098e+01
  8.64879099897409e+01  5.35503483836928e+01
  8.80942388034366e+01  5.35137020695459e+01
  8.97014204618291e+01  5.34789385409289e+01
  9.13094089734478e+01  5.34460336340816e+01
  9.29181591766444e+01  5.34149586728046e+01
  9.45276268161613e+01  5.33856815069584e+01
  9.61377685992318e+01  5.33581674357165e+01
  9.77485422331556e+01  5.33323800246914e+01
  9.93599064462270e+01  5.33082818259597e+01
  1.00971820993809e+02  5.32858350097832e+01
  1.02584246651239e+02  5.32650019164824e+01
  1.04197145195131e+02  5.32457455364899e+01
  1.05810479374520e+02  5.32280299261309e+01
  1.07424212873164e+02  5.32118205661476e+01
  1.09038310264190e+02  5.31970846694398e+01
  1.10652736958164e+02  5.31837914439369e+01
  1.12267459145529e+02  5.31719123159608e+01
  1.13882443734266e+02  5.31614211188956e+01
  1.15497658283530e+02  5.31522942514495e+01
  1.17113070933916e+02  5.31445108092859e+01
  1.18728650334938e+02  5.31380526933104e+01
  1.20344365570235e+02  5.31329046974315e+01
  1.21960186080947e+02  5.31290545781704e+01
  1.23576081587677e+02  5.31264931080613e+01
  1.25192022011372e+02  5.31252141143793e+01
  1.26807977393483e+02  5.31252145043326e+01
  1.28423917815673e+02  5.31264942774711e+01
  1.30039813319397e+02  5.31290565256864e+01
  1.31655633825616e+02  5.31329074208031e+01
  1.33271349054948e+02  5.31380561893859e+01
  1.34886928448560e+02  5.31445150740128e+01
  1.36502341090116e+02  5.31522992798730e+01
  1.38117555629167e+02  5.31614269051584e+01
  1.39732540206349e+02  5.31719188533021e+01
  1.41347262380863e+02  5.31837987246909e+01
  1.42961689060745e+02  5.31970926850354e+01
  1.44575786436495e+02  5.32118293071063e+01
  1.46189519918745e+02  5.32280393820660e+01
  1.47802854080693e+02  5.32457556961048e+01
  1.49415752606174e+02  5.32650127675692e+01
  1.51028178244308e+02  5.32858465392215e+01
  1.52640092771797e+02  5.33082940197147e+01
  1.54251456964077e+02  5.33323928678135e+01
  1.55862230576612e+02  5.33581809123395e+01
  1.57472372337805e+02  5.33856956002995e+01
  1.59081839955071e+02  5.34149733651639e+01
  1.60690590135765e+02  5.34460489068425e+01
  1.62298578624756e+02  5.34789543745598e+01
  1.63905760260529e+02  5.35137184436022e+01
  1.65512089051753e+02  5.35503652768207e+01
  1.67117518276281e+02  5.35889133618516e+01
  1.68722000604541e+02  5.36293742153048e+01
  1.70325488249174e+02  5.36717509456828e+01
  1.71927933142668e+02  5.37160366675691e+01
  1.73529287144471e+02  5.37622127606725e+01
  1.75129502278798e+02  5.38102469686423e+01
  1.76728531003879e+02  5.38600913341737e+01
  1.78326326512906e+02  5.39116799687703e+01
  1.79922843066275e+02  5.39649266575769e+01
  1.81518036353966e+02  5.40197223018621e+01
  1.83111863886025e+02  5.40759322039229e+01
  1.84704285408169e+02  5.41333932012640e+01
  1.86295263338450e+02  5.41919106587372e+01
  1.87884763219866e+02  5.42512553287241e+01
  1.89472754182637e+02  5.43111600902410e+01
  1.91059209408827e+02  5.43713165778484e+01
  1.92644106590929e+02  5.44313717102772e+01
  1.94227428375165e+02  5.44909241265932e+01
  1.95809162779504e+02  5.45495205343718e+01
  1.97389303520884e+02  5.46066535587293e+01
  1.98967850288096e+02  5.46617597608052e+01
  2.00544809029634e+02  5.47142155603268e+01
  2.02120192178644e+02  5.47633329970106e+01
  2.03694018804336e+02  5.48083553153311e+01
  2.05266314680136e+02  5.48484523426350e+01
  2.06837112259832e+02  5.48827156178894e+01
  2.08406450554239e+02  5.49101532136081e+01
  2.09974374902424e+02  5.49296841758865e+01
  2.11540936636401e+02  5.49401323808872e+01
  2.13106192638879e+02  5.49402195956418e+01
  2.14670204786532e+02  5.49285577829008e+01
  2.16233039279325e+02  5.49036404737222e+01
  2.17794765859224e+02  5.48638329631761e+01
  2.19355456923690e+02  5.48073610279185e+01
  2.20915186541665e+02  5.47322977880511e+01
  2.22474029380008e+02  5.46365483365614e+01
  2.24032059547113e+02  5.45178318694564e+01
  2.25589349377791e+02  5.43736603839719e+01
  2.27145968183855e+02  5.42013129260797e+01
  2.28701980999085e+02  5.39978041405426e+01
  2.30257447355965e+02  5.37598454568925e+01
  2.31812420144074e+02  5.34837966535645e+01
  2.33366944619410e+02  5.31656046562226e+01
  2.34921057676318e+02  5.28007239765613e+01
  2.36474787527677e+02  5.23840112178696e+01
  2.38028154000939e+02  5.19095836967748e+01
  2.39581169809221e+02  5.13706251195175e+01
  2.41133843400572e+02  5.07591098745561e+01
  2.42686184441024e+02  5.00653953906666e+01
  2.44238213856617e+02  4.92775893510204e+01
  2.45789982189987e+02  4.83805094184311e+01
  2.47341604280598e+02  4.73539192340098e+01
  2.48893329919970e+02  4.61694214318424e+01
  2.50445704550473e+02  4.47843147546582e+01
  2.52000000000000e+02  4.31269832880903e+01
  0.00000000000000e+00  4.40149448519260e+01
  1.55383065760696e+00  4.56558878603883e+01
  3.10637879828744e+00  4.70335033197221e+01
  4.65865231308062e+00  4.82149349762579e+01
  6.21106867105694e+00  4.92409795123404e+01
  7.76380511628035e+00  5.01390912648494e+01
  9.31693091168044e+00  5.09289964540884e+01
  1.08704656965425e+01  5.16255839924167e+01
  1.24244081108985e+01  5.22405677675240e+01
  1.39787508514719e+01  5.27834752774142e+01
  1.55334887803824e+01  5.32622531007040e+01
  1.70886232242022e+01  5.36836594759221e+01
  1.86441640781105e+01  5.40535314445486e+01
  2.02001306017210e+01  5.43769741885858e+01
  2.17565514118829e+01  5.46584994660628e+01
  2.33134639723843e+01  5.49021293624104e+01
  2.48709137515821e+01  5.51114748629369e+01
  2.64289531694210e+01  5.52897965211984e+01
  2.79876404283817e+01  5.54400526139682e+01
  2.95470382861191e+01  5.55649378298633e+01
  3.11072128116493e+01  5.56669146901333e+01
  3.26682321567482e+01  5.57482393309172e+01
  3.42301653671283e+01  5.58109828699143e+01
  3.57930812546665e+01  5.58570493574384e+01
  3.73570473520835e+01  5.58881912246065e+01
  3.89221289555286e+01  5.59060225016526e+01
  4.04883882618968e+01  5.59120301814166e+01
  4.20558836075979e+01  5.59075841009631e+01
  4.36246688134040e+01  5.58939456388560e+01
  4.51947926380919e+01  5.58722754695059e+01
  4.67662983410370e+01  5.58436405491505e+01
  4.83392233463884e+01  5.58090203003890e+01
  4.99135990081625e+01  5.57693122018308e+01
  5.14894504750340e+01  5.57253369786503e+01
  5.30667966490805e+01  5.56778434683698e+01
  5.46456502314081e+01  5.56275132191015e+01
  5.62260178464725e+01  5.55749648632577e+01
  5.78079002360224e+01  5.55207582975942e+01
  5.93912925128479e+01  5.54653986866002e+01
  6.09761844013966e+01  5.54093384418721e+01
  6.25625605305013e+01  5.53529793484244e+01
  6.41504008126165e+01  5.52966761120069e+01
  6.57396808482609e+01  5.52407398092445e+01
  6.73303723464583e+01  5.51854412388813e+01
  6.89224435526086e+01  5.51310141691050e+01
  7.05158596760173e+01  5.50776584737590e+01
  7.21105833102121e+01  5.50255431491007e+01
  7.37065748401467e+01  5.49748092025003e+01
  7.53037928313874e+01  5.49255724049336e+01
  7.69021943973652e+01  5.48779259001580e+01
  7.85017355417246e+01  5.48319426648995e+01
  8.01023714736822e+01  5.47876778160838e+01
  8.17040568951063e+01  5.47451707629777e+01
  8.33067462587350e+01  5.47044472039519e+01
  8.49103939975565e+01  5.46655209693462e+01
  8.65149547258753e+01  5.46283957135393e+01
  8.81203834129973e+01  5.45930664607511e+01
  8.97266355307770e+01  5.45595210103080e+01
  9.13336671765032e+01  5.45277412080631e+01
  9.29414351727537e+01  5.44977040913955e+01
  9.45498971459412e+01  5.44693829157123e+01
  9.61590115853142e+01  5.44427480706805e+01
  9.77687378841688e+01  5.44177678945259e+01
  9.93790363649885e+01  5.43944093946982e+01
  1.00989868290162e+02  5.43726388830287e+01
  1.02601195859849e+02  5.43524225332268e+01
  1.04212982198448e+02  5.43337268682054e+01
  1.05825191331043e+02  5.43165191843013e+01
  1.07437788151065e+02  5.43007679189955e+01
  1.09050738380306e+02  5.42864429682506e+01
  1.10664008522328e+02  5.42735159590756e+01
  1.12277565810178e+02  5.42619604824267e+01
  1.13891378149251e+02  5.42517522910475e+01
  1.15505414056023e+02  5.42428694663616e+01
  1.17119642593327e+02  5.42352925580535e+01
  1.18734033302746e+02  5.42290046995107e+01
  1.20348556134629e+02  5.42239917018575e+01
  1.21963181376210e+02  5.42202421288827e+01
  1.23577879578221e+02  5.42177473547528e+01
  1.25192621480386e+02  5.42165016060053e+01
  1.26807377936130e+02  5.42165019889329e+01
  1.28422119836835e+02  5.42177485030925e+01
  1.30036818035932e+02  5.42202440413050e+01
  1.31651443273156e+02  5.42239943761464e+01
  1.33265966099258e+02  5.42290081325631e+01
  1.34880356801492e+02  5.42352967458794e+01
  1.36494585330239e+02  5.42428744040831e+01
  1.38108621227114e+02  5.42517579728983e+01
  1.39722433554991e+02  5.42619669017514e+01
  1.41335990830395e+02  5.42735231083289e+01
  1.42949260958771e+02  5.42864508389965e+01
  1.44562211173224e+02  5.43007765019063e+01
  1.46174807977380e+02  5.43165284691564e+01
  1.47787017093103e+02  5.43337368438908e+01
  1.49398803413899e+02  5.43524331877337e+01
  1.51010130964934e+02  5.43726502034531e+01
  1.52620962870696e+02  5.43944213672401e+01
  1.54231261331439e+02  5.44177805044886e+01
  1.55840987609651e+02  5.44427613024710e+01
  1.57450102027923e+02  5.44693967528412e+01
  1.59058563979664e+02  5.44977185164782e+01
  1.60666331954239e+02  5.45277562028216e+01
  1.62273363578187e+02  5.45595365555730e+01
  1.63879615674213e+02  5.45930825364665e+01
  1.65485044339743e+02  5.46284122987667e+01
  1.67089605046770e+02  5.46655380422723e+01
  1.68693252764744e+02  5.47044647418970e+01
  1.70295942108118e+02  5.47451887424071e+01
  1.71897627510034e+02  5.47876962126215e+01
  1.73498263423384e+02  5.48319614533452e+01
  1.75097804550193e+02  5.48779450545074e+01
  1.76696206099837e+02  5.49255918984025e+01
  1.78293424076119e+02  5.49748290075534e+01
  1.79889415592627e+02  5.50255632374846e+01
  1.81484139215083e+02  5.50776788165402e+01
  1.83077555328593e+02  5.51310347367135e+01
  1.84669626526831e+02  5.51854620011591e+01
  1.86260318019242e+02  5.52407607355003e+01
  1.87849598051356e+02  5.52966971710759e+01
  1.89437438332318e+02  5.53530005087337e+01
  1.91023814462755e+02  5.54093596715112e+01
  1.92608706355215e+02  5.54654199533963e+01
  1.94192098638607e+02  5.55207795691912e+01
  1.95773981037439e+02  5.55749861071989e+01
  1.97354348664541e+02  5.56275344029137e+01
  1.98933202261680e+02  5.56778645596477e+01
  2.00510548453309e+02  5.57253579451417e+01
  2.02086399940507e+02  5.57693330115196e+01
  2.03660775625300e+02  5.58090409215753e+01
  2.05233700656289e+02  5.58436609505260e+01
  2.06805206387390e+02  5.58722956202225e+01
  2.08375330242628e+02  5.58939655085864e+01
  2.09944115481231e+02  5.59076036599500e+01
  2.11511610861808e+02  5.59120494005106e+01
  2.13077870204939e+02  5.59060413523351e+01
  2.14642951846825e+02  5.58882096789961e+01
  2.16206917984136e+02  5.58570673882793e+01
  2.17769833912781e+02  5.58110004505438e+01
  2.19331767165229e+02  5.57482564352108e+01
  2.20892786553095e+02  5.56669312924252e+01
  2.22452961121825e+02  5.55649539048406e+01
  2.24012359022926e+02  5.54400681365364e+01
  2.25571046325141e+02  5.52898114663170e+01
  2.27129085785859e+02  5.51114892054237e+01
  2.28686535607296e+02  5.49021430767127e+01
  2.30243448209139e+02  5.46585125259964e+01
  2.31799869059498e+02  5.43769865670402e+01
  2.33355835621922e+02  5.40535431131620e+01
  2.34911376513035e+02  5.36836704047280e+01
  2.36466510992236e+02  5.32622632577558e+01
  2.38021248954506e+02  5.27834846283958e+01
  2.39575591726234e+02  5.22405762753607e+01
  2.41129534169376e+02  5.16255916169038e+01
  2.42683068980518e+02  5.09290031515640e+01
  2.44236194799594e+02  5.01390969879359e+01
  2.45788931265852e+02  4.92409842097798e+01
  2.47341347642289e+02  4.82149385928451e+01
  2.48893621173222e+02  4.70335057962971e+01
  2.50446169328326e+02  4.56558891335783e+01
  2.52000000000000e+02  4.40149448519260e+01
  0.00000000000000e+00  4.49436793665687e+01
  1.55353856999357e+00  4.65654338406622e+01
  3.10636483525193e+00  4.79327963180360e+01
  4.65925171478303e+00  4.91085940374969e+01
  6.21250135858371e+00  5.01317290691557e+01
  7.76622537819054e+00  5.10286960808446e+01
  9.32045182334951e+00  5.18186911401394e+01
  1.08751724682445e+01  5.25162913659486e+01
  1.24303659327352e+01  5.31330163403249e+01
  1.39860097214300e+01  5.36782649645301e+01
  1.55420865604973e+01  5.41598932735635e+01
  1.70985876109085e+01  5.45845916171321e+01
  1.86555138899503e+01  5.49581429523099e+01
  2.02128766327152e+01  5.52856069610839e+01
  2.17706970090004e+01  5.55714553532647e+01
  2.33290054409820e+01  5.58196737201204e+01
  2.48878406590230e+01  5.60338389894337e+01
  2.64472485947611e+01  5.62171794526414e+01
  2.80072811902104e+01  5.63726225493093e+01
  2.95679951700330e+01  5.65028333557600e+01
  3.11294508114236e+01  5.66102459143215e+01
  3.26917107379804e+01  5.66970889928731e+01
  3.42548387582887e+01  5.67654074719053e+01
  3.58188987675468e+01  5.68170803388966e+01
  3.73839537311328e+01  5.68538361823230e+01
  3.89500647543584e+01  5.68772664625919e+01
  4.05172902441799e+01  5.68888369322698e+01
  4.20856851686733e+01  5.68898975733964e+01
  4.36553004181865e+01  5.68816913453647e+01
  4.52261822703524e+01  5.68653619814220e+01
  4.67983719587848e+01  5.68419610064876e+01
  4.83719053382654e+01  5.68124539491656e+01
  4.99468126455631e+01  5.67777259492530e+01
  5.15231183545585e+01  5.67385869510983e+01
  5.31008411201587e+01  5.66957765564594e+01
  5.46799938043056e+01  5.66499685938857e+01
  5.62605835763951e+01  5.66017754478953e+01
  5.78426120796515e+01  5.65517521795462e+01
  5.94260756543449e+01  5.65004004567631e+01
  6.10109655493788e+01  5.64481705266106e+01
  6.25972681838226e+01  5.63954633143238e+01
  6.41849654909286e+01  5.63426338708986e+01
  6.57740352871284e+01  5.62899947153822e+01
  6.73644516575051e+01  5.62378190725314e+01
  6.89561853498095e+01  5.61863440032496e+01
  7.05492041697896e+01  5.61357734229933e+01
  7.21434733714076e+01  5.60862810020457e+01
  7.37389560363817e+01  5.60380129410723e+01
  7.53356134383859e+01  5.59910906155594e+01
  7.69334053881281e+01  5.59456130834549e+01
  7.85322905563848e+01  5.59016594514433e+01
  8.01322267728791e+01  5.58592910966624e+01
  8.17331712996207e+01  5.58185537421897e+01
  8.33350810779799e+01  5.57794793861833e+01
  8.49379129493411e+01  5.57420880860902e+01
  8.65416238496498e+01  5.57063896007405e+01
  8.81461709785663e+01  5.56723848944116e+01
  8.97515119442428e+01  5.56400675080220e+01
  9.13576048849744e+01  5.56094248034929e+01
  9.29644085691380e+01  5.55804390879943e+01
  9.45718824749394e+01  5.55530886252757e+01
  9.61799868515427e+01  5.55273485415805e+01
  9.77886827631670e+01  5.55031916337849e+01
  9.93979321177176e+01  5.54805890873924e+01
  1.01007697681468e+02  5.54595111118939e+01
  1.02617943081240e+02  5.54399275007747e+01
  1.04228632795460e+02  5.54218081231477e+01
  1.05839732135353e+02  5.54051233536266e+01
  1.07451207217471e+02  5.53898444466462e+01
  1.09063024928634e+02  5.53759438610000e+01
  1.10675152884267e+02  5.53633955399098e+01
  1.12287559381036e+02  5.53521751514817e+01
  1.13900213344580e+02  5.53422602939406e+01
  1.15513084273070e+02  5.53336306695782e+01
  1.17126142177235e+02  5.53262682309043e+01
  1.18739357517429e+02  5.53201573020561e+01
  1.20352701138275e+02  5.53152846780992e+01
  1.21966144201323e+02  5.53116397044472e+01
  1.23579658116169e+02  5.53092143382329e+01
  1.25193214470392e+02  5.53080031930808e+01
  1.26806784958683e+02  5.53080035683612e+01
  1.28420341311492e+02  5.53092154636386e+01
  1.30033855223518e+02  5.53116415786719e+01
  1.31647298282350e+02  5.53152872989658e+01
  1.33260641897601e+02  5.53201606665162e+01
  1.34873857230844e+02  5.53262723350381e+01
  1.36486915126729e+02  5.53336355085939e+01
  1.38099786045646e+02  5.53422658621740e+01
  1.39712439998364e+02  5.53521814423958e+01
  1.41324846483098e+02  5.53634025460941e+01
  1.42936974425540e+02  5.53759515741700e+01
  1.44548792122412e+02  5.53898528576425e+01
  1.46160267189205e+02  5.54051324524148e+01
  1.47771366512804e+02  5.54218178988175e+01
  1.49382056209839e+02  5.54399379415395e+01
  1.50992301591614e+02  5.54595222050909e+01
  1.52602067136642e+02  5.54806008194824e+01
  1.54211316471838e+02  5.55032039903525e+01
  1.55820012363574e+02  5.55273615073351e+01
  1.57428116719859e+02  5.55531021840525e+01
  1.59035590605021e+02  5.55804532227567e+01
  1.60642394268340e+02  5.56094394963349e+01
  1.62248487188143e+02  5.56400827401724e+01
  1.63853828132932e+02  5.56724006462388e+01
  1.65458375241132e+02  5.57064058517593e+01
  1.67062086121032e+02  5.57421048149702e+01
  1.68664917972430e+02  5.57794965707589e+01
  1.70266827731416e+02  5.58185713594732e+01
  1.71867772239519e+02  5.58593091228594e+01
  1.73467708438260e+02  5.59016778619706e+01
  1.75066593589797e+02  5.59456318529632e+01
  1.76664385524005e+02  5.59911097179579e+01
  1.78261042911812e+02  5.60380323495589e+01
  1.79856525564075e+02  5.60863006891413e+01
  1.81450794754614e+02  5.61357933605800e+01
  1.83043813565292e+02  5.61863641626147e+01
  1.84635547250207e+02  5.62378394244161e+01
  1.86225963615239e+02  5.62900152300356e+01
  1.87815033408260e+02  5.63426545181363e+01
  1.89402730714466e+02  5.63954840635920e+01
  1.90989033350387e+02  5.64481913470547e+01
  1.92573923249361e+02  5.65004213172998e+01
  1.94157386830529e+02  5.65517730489397e+01
  1.95739415342847e+02  5.66017962948357e+01
  1.97320005126619e+02  5.66499893870690e+01
  1.98899157825087e+02  5.66957972646671e+01
  2.00476880607638e+02  5.67386075432766e+01
  2.02053186336188e+02  5.67777463945899e+01
  2.03628093665594e+02  5.68124742171647e+01
  2.05201627069664e+02  5.68419810670371e+01
  2.06773816785071e+02  5.68653818048556e+01
  2.08344698666479e+02  5.68817109025150e+01
  2.09914313947364e+02  5.68899168356367e+01
  2.11482708905200e+02  5.68888558715439e+01
  2.13049934430155e+02  5.68772850514286e+01
  2.14616045490110e+02  5.68538543938343e+01
  2.16181100491812e+02  5.68170981467571e+01
  2.17745160540349e+02  5.67654248503097e+01
  2.19308288600864e+02  5.66971059164717e+01
  2.20870548568316e+02  5.66102623581292e+01
  2.22432004251041e+02  5.65028492950382e+01
  2.23992718272390e+02  5.63726379594172e+01
  2.25552750909306e+02  5.62171943088558e+01
  2.27112158886204e+02  5.60338532667339e+01
  2.28670994144856e+02  5.58196873929376e+01
  2.30229302616663e+02  5.55714683951933e+01
  2.31787123031758e+02  5.52856193445544e+01
  2.33344485812097e+02  5.49581546482227e+01
  2.34901412127268e+02  5.45846025944540e+01
  2.36457913212163e+02  5.41599034988893e+01
  2.38013990083881e+02  5.36782744016142e+01
  2.39569633903218e+02  5.31330249495928e+01
  2.41124827396181e+02  5.25162991039994e+01
  2.42679548067239e+02  5.18186979592581e+01
  2.44233774536140e+02  5.10287019285390e+01
  2.45787498577010e+02  5.01317338877252e+01
  2.47340748239623e+02  4.91085977636111e+01
  2.48893635135706e+02  4.79327988822305e+01
  2.50446461415762e+02  4.65654351663370e+01
  2.52000000000000e+02  4.49436793665687e+01
  0.00000000000000e+00  4.59140711907683e+01
  1.55341459231491e+00  4.75137549965704e+01
  3.10662032213395e+00  4.88680036055156e+01
  4.66018340877286e+00  5.00354989305967e+01
  6.21430328661235e+00  5.10532666829229e+01
  7.76903286538967e+00  5.19468284958713e+01
  9.32436334472225e+00  5.27348310802532e+01
  1.08802616493624e+01  5.34315210572917e+01
  1.24366886061567e+01  5.40482069916856e+01
  1.39936082563218e+01  5.45941446481493e+01
  1.55509925863004e+01  5.50770869674611e+01
  1.71088237563925e+01  5.55036455888828e+01
  1.86670949040916e+01  5.58795400392861e+01
  2.02258101135090e+01  5.62097764073200e+01
  2.17849838846012e+01  5.64987793228881e+01
  2.33446402978707e+01  5.67504917517888e+01
  2.49048119812240e+01  5.69684511958518e+01
  2.64655389577551e+01  5.71558489616631e+01
  2.80268674387468e+01  5.73155774760625e+01
  2.95888485993744e+01  5.74502684920842e+01
  3.11515373647840e+01  5.75623242571441e+01
  3.27149912280635e+01  5.76539431912314e+01
  3.42792691173037e+01  5.77271412446157e+01
  3.58444303273542e+01  5.77837698932637e+01
  3.74105335328618e+01  5.78255316431467e+01
  3.89776358857093e+01  5.78539933231874e+01
  4.05457922016453e+01  5.78705975354214e+01
  4.21150542410648e+01  5.78766726244017e+01
  4.36854700872082e+01  5.78734414548637e+01
  4.52570836234853e+01  5.78620292321020e+01
  4.68299341094594e+01  5.78434705357021e+01
  4.84040558484797e+01  5.78187155447143e+01
  4.99794779459466e+01  5.77886356505409e+01
  5.15562241568087e+01  5.77540286428041e+01
  5.31343128170006e+01  5.77156235411839e+01
  5.47137568524803e+01  5.76740851300193e+01
  5.62945638586472e+01  5.76300182391348e+01
  5.78767362422478e+01  5.75839718031046e+01
  5.94602714172925e+01  5.75364427184670e+01
  6.10451619905312e+01  5.74878778031452e+01
  6.26313959947636e+01  5.74386758646728e+01
  6.42189572008611e+01  5.73891910516011e+01
  6.58078254544098e+01  5.73397360925124e+01
  6.73979770291128e+01  5.72905854253651e+01
  6.89893849895967e+01  5.72419782166956e+01
  7.05820195568963e+01  5.71941212679484e+01
  7.21758484706050e+01  5.71471918048039e+01
  7.37708373424543e+01  5.71013401447105e+01
  7.53669499968885e+01  5.70566922377892e+01
  7.69641487950014e+01  5.70133520767300e+01
  7.85623949389840e+01  5.69714039721342e+01
  8.01616487549626e+01  5.69309146908474e+01
  8.17618699527861e+01  5.68919354560727e+01
  8.33630178619266e+01  5.68545038093657e+01
  8.49650516431866e+01  5.68186453359077e+01
  8.65679304763597e+01  5.67843752556796e+01
  8.81716137243662e+01  5.67516998842630e+01
  8.97760610746828e+01  5.67206179679567e+01
  9.13812326591217e+01  5.66911218986900e+01
  9.29870891531783e+01  5.66631988148358e+01
  9.45935918562853e+01  5.66368315944871e+01
  9.62007027543752e+01  5.66119997480503e+01
  9.78083845661804e+01  5.65886802171645e+01
  9.94166007746944e+01  5.65668480869751e+01
  1.01025315645188e+02  5.65464772187012e+01
  1.02634494231118e+02  5.65275408092542e+01
  1.04244102369205e+02  5.65100118844093e+01
  1.05854106664875e+02  5.64938637317139e+01
  1.07464474469184e+02  5.64790702789591e+01
  1.09075173848249e+02  5.64656064236501e+01
  1.10686173546136e+02  5.64534483184994e+01
  1.12297442942059e+02  5.64425736175481e+01
  1.13908952002680e+02  5.64329616870938e+01
  1.15520671230192e+02  5.64245937851822e+01
  1.17132571606855e+02  5.64174532130007e+01
  1.18744624536514e+02  5.64115254411077e+01
  1.20356801783655e+02  5.64067982130284e+01
  1.21969075410430e+02  5.64032616283646e+01
  1.23581417712097e+02  5.64009082071887e+01
  1.25193801151258e+02  5.63997329371225e+01
  1.26806198291250e+02  5.63997333041476e+01
  1.28418581729046e+02  5.64009093078370e+01
  1.30030924027989e+02  5.64032634613558e+01
  1.31643197650691e+02  5.64068007762283e+01
  1.33255374892428e+02  5.64115287315284e+01
  1.34867427815374e+02  5.64174572268000e+01
  1.36479328184041e+02  5.64245985176636e+01
  1.38091047402311e+02  5.64329671327062e+01
  1.39702556452481e+02  5.64425797698853e+01
  1.41313825836790e+02  5.64534551702998e+01
  1.42924825521949e+02  5.64656139667965e+01
  1.44535524887230e+02  5.64790785044782e+01
  1.46145892676760e+02  5.64938726297763e+01
  1.47755896956724e+02  5.65100214443293e+01
  1.49365505078251e+02  5.65275510194899e+01
  1.50974683646846e+02  5.65464880668549e+01
  1.52583398499315e+02  5.65668595597938e+01
  1.54191614689204e+02  5.65886923005412e+01
  1.55799296481880e+02  5.66120124270254e+01
  1.57406407360438e+02  5.66368448532506e+01
  1.59012910043717e+02  5.66632126367301e+01
  1.60618766517761e+02  5.66911362662139e+01
  1.62223938082120e+02  5.67206328627707e+01
  1.63828385412412e+02  5.67517152871950e+01
  1.65432068640574e+02  5.67843911467334e+01
  1.67034947454214e+02  5.68186616942722e+01
  1.68636981216387e+02  5.68545206134267e+01
  1.70238129107022e+02  5.68919526834272e+01
  1.71838350287064e+02  5.69309323183203e+01
  1.73437604086126e+02  5.69714219757979e+01
  1.75035850214200e+02  5.70133704319274e+01
  1.76633048997558e+02  5.70567109191606e+01
  1.78229161638533e+02  5.71013591262242e+01
  1.79824150498360e+02  5.71472110597908e+01
  1.81417979401622e+02  5.71941407691413e+01
  1.83010613960187e+02  5.72419979362728e+01
  1.84602021913775e+02  5.72906053349994e+01
  1.86192173483545e+02  5.73397561634240e+01
  1.87781041734236e+02  5.73892112546152e+01
  1.89368602939655e+02  5.74386961702823e+01
  1.90954836945480e+02  5.74878981815766e+01
  1.92539727522662e+02  5.75364631397505e+01
  1.94123262704062e+02  5.75839922371469e+01
  1.95705435096481e+02  5.76300386557936e+01
  1.97286242113957e+02  5.76741054991794e+01
  1.98865686163249e+02  5.77156438328318e+01
  2.00443774839749e+02  5.77540488271019e+01
  2.02020521069386e+02  5.77886556978982e+01
  2.03595943188046e+02  5.78187354258558e+01
  2.05170064950608e+02  5.78434902217300e+01
  2.06742915462381e+02  5.78620486945511e+01
  2.08314529026603e+02  5.78734606657470e+01
  2.09884944902706e+02  5.78766915562461e+01
  2.11454206973952e+02  5.78706161612893e+01
  2.13022363323413e+02  5.78540116166846e+01
  2.14589465711303e+02  5.78255495784122e+01
  2.16155568953174e+02  5.77837874449407e+01
  2.17720730200701e+02  5.77271583878012e+01
  2.19285008128315e+02  5.76539599014015e+01
  2.20848462030642e+02  5.75623405100532e+01
  2.22411150835545e+02  5.74502842636352e+01
  2.23973132035881e+02  5.73155927421456e+01
  2.25534460556566e+02  5.71558636979599e+01
  2.27095187572549e+02  5.69684653776026e+01
  2.28655359294889e+02  5.67505053535206e+01
  2.30215015746461e+02  5.64987923180996e+01
  2.31774189554962e+02  5.62097887681223e+01
  2.33332904800692e+02  5.58795517359964e+01
  2.34891175983411e+02  5.55036565895704e+01
  2.36449007187047e+02  5.50770972374454e+01
  2.38006391548915e+02  5.45941541494502e+01
  2.39563311229149e+02  5.40482156824322e+01
  2.41119738214033e+02  5.34315288910930e+01
  2.42675636544644e+02  5.27348380055406e+01
  2.44230967047708e+02  5.19468344552169e+01
  2.45785696647900e+02  5.10532716123225e+01
  2.47339816544830e+02  5.00355027586675e+01
  2.48893379648368e+02  4.88680062524635e+01
  2.50446585393308e+02  4.75137563724185e+01
  2.52000000000000e+02  4.59140711907683e+01
  0.00000000000000e+00  4.69269115250567e+01
  1.55345318446313e+00  4.85015605193901e+01
  3.10713617658280e+00  4.98397409377606e+01
  4.66143568099079e+00  5.09961716773681e+01
  6.21646080637871e+00  5.20060274731197e+01
  7.77221263103478e+00  5.28938464889198e+01
  9.32864982901920e+00  5.36777075751684e+01
  1.08857174492577e+01  5.43715077812041e+01
  1.24433607045708e+01  5.49863271015870e+01
  1.40015318491748e+01  5.55312626161669e+01
  1.55601934716904e+01  5.60139505967829e+01
  1.71193198420327e+01  5.64409121835396e+01
  1.86788971622208e+01  5.68177932480923e+01
  2.02389231868153e+01  5.71495374099503e+01
  2.17994064732599e+01  5.74405144993666e+01
  2.33603654130370e+01  5.76946181241684e+01
  2.49218271226920e+01  5.79153404680071e+01
  2.64838262550976e+01  5.81058306738432e+01
  2.80464037821964e+01  5.82689415829603e+01
  2.96096057779854e+01  5.84072675674751e+01
  3.11734822232926e+01  5.85231754609517e+01
  3.27380858494672e+01  5.86188300906315e+01
  3.43034710349599e+01  5.86962155510271e+01
  3.58696927679069e+01  5.87571531538918e+01
  3.74368056891843e+01  5.88033169037923e+01
  3.90048632180102e+01  5.88362467795577e+01
  4.05739167639794e+01  5.88573601852099e+01
  4.21440150297120e+01  5.88679619259446e+01
  4.37152034067986e+01  5.88692529932272e+01
  4.52875234663195e+01  5.88623383895395e+01
  4.68610125432291e+01  5.88482341610936e+01
  4.84357034077689e+01  5.88278736210390e+01
  5.00116240227725e+01  5.88021129545453e+01
  5.15887973854081e+01  5.87717363862321e+01
  5.31672414482921e+01  5.87374609822278e+01
  5.47469691139636e+01  5.86999411433586e+01
  5.63279882959330e+01  5.86597728330282e+01
  5.79103020389224e+01  5.86174975724679e+01
  5.94939086904032e+01  5.85736062238295e+01
  6.10788020625851e+01  5.85285409302711e+01
  6.26649716401859e+01  5.84826971490313e+01
  6.42524028633759e+01  5.84364269090850e+01
  6.58410774348757e+01  5.83900419503067e+01
  6.74309736439261e+01  5.83438167486328e+01
  6.90220667003089e+01  5.82979914285743e+01
  7.06143290721537e+01  5.82527745621624e+01
  7.22077308219091e+01  5.82083458519249e+01
  7.38022399355524e+01  5.81648586946869e+01
  7.53978226408324e+01  5.81224426227617e+01
  7.69944437110684e+01  5.80812056193305e+01
  7.85920667517312e+01  5.80412363054037e+01
  8.01906544677097e+01  5.80026059966039e+01
  8.17901689097805e+01  5.79653706290160e+01
  8.33905716993650e+01  5.79295725544413e+01
  8.49918242311500e+01  5.78952422064854e+01
  8.65938878535759e+01  5.78623996399673e+01
  8.81967240275529e+01  5.78310559470944e+01
  8.98002944640566e+01  5.78012145547023e+01
  9.14045612414815e+01  5.77728724075642e+01
  9.30094869038046e+01  5.77460210433464e+01
  9.46150345407292e+01  5.77206475652082e+01
  9.62211678510561e+01  5.76967355183286e+01
  9.78278511905673e+01  5.76742656768004e+01
  9.94350496057166e+01  5.76532167473676e+01
  1.01042728854399e+02  5.76335659964281e+01
  1.02650855415037e+02  5.76152898065684e+01
  1.04259396485167e+02  5.75983641686868e+01
  1.05868319970646e+02  5.75827651154825e+01
  1.07477594466527e+02  5.75684691017739e+01
  1.09087189230577e+02  5.75554533367590e+01
  1.10697074150340e+02  5.75436960729600e+01
  1.12307219704567e+02  5.75331768562112e+01
  1.13917596919769e+02  5.75238767406582e+01
  1.15528177322564e+02  5.75157784723451e+01
  1.17138932888459e+02  5.75088666445779e+01
  1.18749835987606e+02  5.75031278278684e+01
  1.20360859328056e+02  5.74985506768885e+01
  1.21971975896973e+02  5.74951260164967e+01
  1.23583158900222e+02  5.74928469085392e+01
  1.25194381700742e+02  5.74917087007785e+01
  1.26805617756051e+02  5.74917090589547e+01
  1.28416840555255e+02  5.74928479826504e+01
  1.30028023555877e+02  5.74951278052907e+01
  1.31639140120867e+02  5.74985531782784e+01
  1.33250163456107e+02  5.75031310389323e+01
  1.34861066548783e+02  5.75088705615587e+01
  1.36471822106973e+02  5.75157830906505e+01
  1.38082402500862e+02  5.75238820548607e+01
  1.39692779705995e+02  5.75331828600476e+01
  1.41302925249035e+02  5.75437027593315e+01
  1.42912810156541e+02  5.75554606977311e+01
  1.44522404907320e+02  5.75684771285763e+01
  1.46131679388977e+02  5.75827737985095e+01
  1.47740602859345e+02  5.75983734974974e+01
  1.49349143913547e+02  5.76152997698871e+01
  1.50957270457519e+02  5.76335765821455e+01
  1.52564949688879e+02  5.76532279425418e+01
  1.54172148086137e+02  5.76742774676587e+01
  1.55778831407283e+02  5.76967478902701e+01
  1.57384964698867e+02  5.77206605028062e+01
  1.58990512316776e+02  5.77460345303526e+01
  1.60595437959918e+02  5.77728864269136e+01
  1.62199704718111e+02  5.78012290885191e+01
  1.63803275135449e+02  5.78310709766995e+01
  1.65406111290447e+02  5.78624151458871e+01
  1.67008174894208e+02  5.78952581684629e+01
  1.68609427407770e+02  5.79295889514489e+01
  1.70209830179706e+02  5.79653874392710e+01
  1.71809344604836e+02  5.80026231975859e+01
  1.73407932304718e+02  5.80412538738762e+01
  1.75005555330265e+02  5.80812235313642e+01
  1.76602176386503e+02  5.81224608537628e+01
  1.78197759079038e+02  5.81648772194278e+01
  1.79792268181323e+02  5.82083646445798e+01
  1.81385669921239e+02  5.82527935963467e+01
  1.82977932284888e+02  5.82980106773883e+01
  1.84569025334841e+02  5.83438361847099e+01
  1.86158921539340e+02  5.83900615458657e+01
  1.87747596108275e+02  5.84364466359867e+01
  1.89335027330981e+02  5.84827169788391e+01
  1.90921196910263e+02  5.85285608343154e+01
  1.92506090286365e+02  5.85736261732742e+01
  1.94089696944061e+02  5.86175175383811e+01
  1.95672010695603e+02  5.86597927864526e+01
  1.97253029888491e+02  5.86999610553836e+01
  1.98832757567453e+02  5.87374808240596e+01
  2.00411201645992e+02  5.87717561292633e+01
  2.01988375026617e+02  5.88021325704205e+01
  2.03564295661898e+02  5.88278930817177e+01
  2.05138986548934e+02  5.88482534389063e+01
  2.06712475650475e+02  5.88623574572368e+01
  2.08284795736655e+02  5.88692718240196e+01
  2.09855984142306e+02  5.88679804935311e+01
  2.11426082438369e+02  5.88573784637936e+01
  2.12995136016278e+02  5.88362647438461e+01
  2.14563193578484e+02  5.88033345289808e+01
  2.16130306534399e+02  5.87571704156268e+01
  2.17696528303049e+02  5.86962324253480e+01
  2.19261913525110e+02  5.86188465538876e+01
  2.20826517188512e+02  5.85231914896919e+01
  2.22390393671495e+02  5.84072831383081e+01
  2.23953595705196e+02  5.82689566723810e+01
  2.25516173270233e+02  5.81058452580233e+01
  2.27078172440393e+02  5.79153545225457e+01
  2.28639634187413e+02  5.76946316237994e+01
  2.30200593163968e+02  5.74405274176195e+01
  2.31761076486409e+02  5.71495497187592e+01
  2.33321102546032e+02  5.68178049173509e+01
  2.34880679900101e+02  5.64409231805968e+01
  2.36439806303005e+02  5.60139608858777e+01
  2.37998467956599e+02  5.55312721577973e+01
  2.39556639130637e+02  5.49863358518128e+01
  2.41114282413589e+02  5.43715156908821e+01
  2.42671350059532e+02  5.36777145891182e+01
  2.44227787281159e+02  5.28938525450119e+01
  2.45783539127301e+02  5.20060325012562e+01
  2.47338564271982e+02  5.09961755982774e+01
  2.48892863793568e+02  4.98397436614087e+01
  2.50446546801074e+02  4.85015619424176e+01
  2.52000000000000e+02  4.69269115250567e+01
  0.00000000000000e+00  4.79828849245230e+01
  1.55364795496395e+00  4.95294531527068e+01
  3.10790219658536e+00  5.08485234258590e+01
  4.66299569041476e+00  5.19910408202303e+01
  6.21895924892131e+00  5.29903603427838e+01
  7.77574885692277e+00  5.38700287723670e+01
  9.33329491200336e+00  5.46475391561502e+01
  1.08915234996188e+01  5.53364194845216e+01
  1.24503663398951e+01  5.59475027847936e+01
  1.40097655201659e+01  5.64897109109614e+01
  1.55696755181346e+01  5.69705488933312e+01
  1.71300637702479e+01  5.73964346490997e+01
  1.86909104360014e+01  5.77729293253488e+01
  2.02522077127710e+01  5.81049044497294e+01
  2.18139588962686e+01  5.83966666797461e+01
  2.33761772977255e+01  5.86520529643661e+01
  2.49388850722961e+01  5.88745037833319e+01
  2.65021120026525e+01  5.90671205086651e+01
  2.80658942773480e+01  5.92327114506482e+01
  2.96302732849501e+01  5.93738292182543e+01
  3.11952944400247e+01  5.94928013289346e+01
  3.27610060541543e+01  5.95917555246143e+01
  3.43274582630645e+01  5.96726409016813e+01
  3.58947020207134e+01  5.97372457651006e+01
  3.74627881728798e+01  5.97872130329395e+01
  3.90317666113800e+01  5.98240534700997e+01
  4.06016855119630e+01  5.98491571086322e+01
  4.21725906593580e+01  5.98638032029649e+01
  4.37445248616213e+01  5.98691689986023e+01
  4.53175274546809e+01  5.98663375405224e+01
  4.68916338961596e+01  5.98563046869397e+01
  4.84668754418088e+01  5.98399853145818e+01
  5.00432789033223e+01  5.98182189020636e+01
  5.16208664860446e+01  5.97917746672542e+01
  5.31996557017267e+01  5.97613563301258e+01
  5.47796593506281e+01  5.97276065572029e+01
  5.63608855665830e+01  5.96911111311422e+01
  5.79433379181142e+01  5.96524028784481e+01
  5.95270155582327e+01  5.96119653765479e+01
  6.11119133653061e+01  5.95702348673870e+01
  6.26980221277064e+01  5.95276022502653e+01
  6.42853288003222e+01  5.94844162471759e+01
  6.58738167846577e+01  5.94409864445225e+01
  6.74634662257776e+01  5.93975862172085e+01
  6.90542543197568e+01  5.93544555380164e+01
  7.06461556258053e+01  5.93118036729273e+01
  7.22391423778105e+01  5.92698117614863e+01
  7.38331847906650e+01  5.92286352804080e+01
  7.54282513574042e+01  5.91884063882300e+01
  7.70243091338293e+01  5.91492361488768e+01
  7.86213240079384e+01  5.91112166323854e+01
  8.02192609521011e+01  5.90744228916798e+01
  8.18180842564811e+01  5.90389148150851e+01
  8.34177577427321e+01  5.90047388551601e+01
  8.50182449574529e+01  5.89719296353502e+01
  8.66195093452878e+01  5.89405114368557e+01
  8.82215144018989e+01  5.89104995689461e+01
  8.98242238073150e+01  5.88819016266929e+01
  9.14276015403855e+01  5.88547186407227e+01
  9.30316119752389e+01  5.88289461241093e+01
  9.46362199607690e+01  5.88045750219068e+01
  9.62413908842557e+01  5.87815925690966e+01
  9.78470907202741e+01  5.87599830628763e+01
  9.94532860660622e+01  5.87397285552692e+01
  1.01059944164514e+02  5.87208094719915e+01
  1.02667032915936e+02  5.87032051634004e+01
  1.04274520879660e+02  5.86868943931547e+01
  1.05882377266564e+02  5.86718557699876e+01
  1.07490571923481e+02  5.86580681277058e+01
  1.09099075310421e+02  5.86455108582202e+01
  1.10707858471449e+02  5.86341642020759e+01
  1.12316893000027e+02  5.86240095006004e+01
  1.13926150999524e+02  5.86150294134304e+01
  1.15535605039555e+02  5.86072081048142e+01
  1.17145228108774e+02  5.86005314017253e+01
  1.18754993564635e+02  5.85949869264638e+01
  1.20364875080657e+02  5.85905642060694e+01
  1.21974846591624e+02  5.85872547605187e+01
  1.23584882237162e+02  5.85850521713431e+01
  1.25194956304077e+02  5.85839521319640e+01
  1.26805043167826e+02  5.85839524807132e+01
  1.28415117233475e+02  5.85850532171836e+01
  1.30025152876485e+02  5.85872565022289e+01
  1.31635124383674e+02  5.85905666416134e+01
  1.33245005894684e+02  5.85949900529914e+01
  1.34854771344320e+02  5.86005352155715e+01
  1.36464394406128e+02  5.86072126014999e+01
  1.38073848437594e+02  5.86150345876618e+01
  1.39683106427409e+02  5.86240153462691e+01
  1.41292140945233e+02  5.86341707122594e+01
  1.42900924094481e+02  5.86455180251816e+01
  1.44509427468670e+02  5.86580759428944e+01
  1.46117622111924e+02  5.86718642240393e+01
  1.47725478484316e+02  5.86869034758929e+01
  1.49332966432751e+02  5.87032148638367e+01
  1.50940055168180e+02  5.87208197783274e+01
  1.52546713250017e+02  5.87397394548977e+01
  1.54152908578652e+02  5.87599945423843e+01
  1.55758608397070e+02  5.87816046142679e+01
  1.57363779302605e+02  5.88045876177260e+01
  1.58968387269932e+02  5.88289592547661e+01
  1.60572397686434e+02  5.88547322896179e+01
  1.62175775401117e+02  5.88819157764453e+01
  1.63778484788221e+02  5.89105142014011e+01
  1.65380489826712e+02  5.89405265330946e+01
  1.66981754196741e+02  5.89719451757031e+01
  1.68582241394093e+02  5.90047548192190e+01
  1.70181914863538e+02  5.90389311817206e+01
  1.71780738151804e+02  5.90744396390601e+01
  1.73378675080673e+02  5.91112337379978e+01
  1.74975689940439e+02  5.91492535895528e+01
  1.76571747703602e+02  5.91884241401734e+01
  1.78166814258288e+02  5.92286533192270e+01
  1.79760856660424e+02  5.92698300622287e+01
  1.81353843403170e+02  5.93118222101202e+01
  1.82945744701536e+02  5.93544742857097e+01
  1.84536532789523e+02  5.93976051490223e+01
  1.86126182226448e+02  5.94410055336989e+01
  1.87714670208484e+02  5.94844354666340e+01
  1.89301976880784e+02  5.95276215726601e+01
  1.90888085644930e+02  5.95702542651714e+01
  1.92472983455877e+02  5.96119848220373e+01
  1.94056661102049e+02  5.96524223438873e+01
  1.95639113461852e+02  5.96911305887728e+01
  1.97220339688319e+02  5.97276259793316e+01
  1.98800343349978e+02  5.97613756891901e+01
  2.00379132580654e+02  5.97917939358872e+01
  2.01956720180578e+02  5.98182380531554e+01
  2.03533123661453e+02  5.98400043213365e+01
  2.05108365228560e+02  5.98563235229267e+01
  2.06682471693511e+02  5.98663561797194e+01
  2.08255474311958e+02  5.98691874154299e+01
  2.09827408541408e+02  5.98638213723088e+01
  2.11398313717659e+02  5.98491750058536e+01
  2.12968232648621e+02  5.98240710710287e+01
  2.14537211118865e+02  5.97872303138526e+01
  2.16105297303972e+02  5.97372627026775e+01
  2.17672541095580e+02  5.96726574729398e+01
  2.19238993339282e+02  5.95917717068196e+01
  2.20804704988846e+02  5.94928170994809e+01
  2.22369726179805e+02  5.93738445545157e+01
  2.23934105223546e+02  5.92327263297945e+01
  2.25497887534441e+02  5.90671349074400e+01
  2.27061114500867e+02  5.88745176777880e+01
  2.28623822311188e+02  5.86520663295541e+01
  2.30186040747896e+02  5.83966794893516e+01
  2.31747791965967e+02  5.81049166756531e+01
  2.33309089276462e+02  5.77729409372235e+01
  2.34869935974929e+02  5.73964456137377e+01
  2.36430324258583e+02  5.69705591740964e+01
  2.37990234286768e+02  5.64897204670572e+01
  2.39549633495781e+02  5.59475115704602e+01
  2.41108476363179e+02  5.53364274481324e+01
  2.42666704976158e+02  5.46475462391967e+01
  2.44224251054713e+02  5.38700349083084e+01
  2.45781040684191e+02  5.29903654557133e+01
  2.47337004262114e+02  5.19910448232476e+01
  2.48892097773328e+02  5.08485262189057e+01
  2.50446352030538e+02  4.95294546191965e+01
  2.52000000000000e+02  4.79828849245230e+01
  0.00000000000000e+00  4.90825554649033e+01
  1.55399177975766e+00  5.05979170169231e+01
  3.10890719914724e+00  5.18947547789440e+01
  4.66484960304192e+00  5.30204320899803e+01
  6.22178304827090e+00  5.40065200081296e+01
  7.77962496539433e+00  5.48755680648958e+01
  9.33828161395262e+00  5.56444659591805e+01
  1.08976629484296e+01  5.63263526763764e+01
  1.24576892505403e+01  5.69317950396017e+01
  1.40182940005234e+01  5.74695221721978e+01
  1.55794247961909e+01  5.79468923337190e+01
  1.71410432450987e+01  5.83702066068246e+01
  1.87031243079657e+01  5.87449295493743e+01
  2.02656553510792e+01  5.90758502757948e+01
  2.18286350457519e+01  5.93672032901430e+01
  2.33920721910326e+01  5.96227610554526e+01
  2.49559844926537e+01  5.98459055064916e+01
  2.65203973277732e+01  6.00396842425354e+01
  2.80853425248235e+01  6.02068557548989e+01
  2.96508571726474e+01  6.03499262090742e+01
  3.12169824701926e+01  6.04711796441118e+01
  3.27837626264577e+01  6.05727029968725e+01
  3.43512438191836e+01  6.06564070246071e+01
  3.59194732211156e+01  6.07240440092418e+01
  3.74884981046301e+01  6.07772230455779e+01
  3.90583650249967e+01  6.08174231886302e+01
  4.06291190845713e+01  6.08460048099090e+01
  4.22008032807409e+01  6.08642195028941e+01
  4.37734579392918e+01  6.08732188101253e+01
  4.53471202337572e+01  6.08740619933771e+01
  4.69218237896450e+01  6.08677230095668e+01
  4.84975983670406e+01  6.08550966813142e+01
  5.00744696202829e+01  6.08370042439849e+01
  5.16524589332166e+01  6.08141984406941e+01
  5.32315833253813e+01  6.07873682358579e+01
  5.48118554237370e+01  6.07571432028938e+01
  5.63932834939105e+01  6.07240976294414e+01
  5.79758715244836e+01  6.06887543732587e+01
  5.95596193574438e+01  6.06515884905730e+01
  6.11445228100644e+01  6.06130291154173e+01
  6.27305738386156e+01  6.05734614064736e+01
  6.43177607708376e+01  6.05332296206403e+01
  6.59060685613603e+01  6.04926400587962e+01
  6.74954790638110e+01  6.04519638910168e+01
  6.90859713137242e+01  6.04114398654911e+01
  7.06775218168192e+01  6.03712769031344e+01
  7.22701048377321e+01  6.03316565783139e+01
  7.38636926848551e+01  6.02927354851063e+01
  7.54582559875216e+01  6.02546474879998e+01
  7.70537639623784e+01  6.02175058558522e+01
  7.86501846663650e+01  6.01814052781405e+01
  8.02474852342843e+01  6.01464237629874e+01
  8.18456320994737e+01  6.01126244170779e+01
  8.34445911965630e+01  6.00800571082938e+01
  8.50443281457359e+01  6.00487600126581e+01
  8.66448084182890e+01  6.00187610479342e+01
  8.82459974835994e+01  5.99900791969420e+01
  8.98478609378833e+01  5.99627257242939e+01
  9.14503646153427e+01  5.99367052908115e+01
  9.30534746824648e+01  5.99120169703397e+01
  9.46571577163681e+01  5.98886551740266e+01
  9.62613807681722e+01  5.98666104873869e+01
  9.78661114124274e+01  5.98458704256140e+01
  9.94713177836618e+01  5.98264201126656e+01
  1.01076968601110e+02  5.98082428896211e+01
  1.02683033182671e+02  5.97913208577138e+01
  1.04289481449100e+02  5.97756353612822e+01
  1.05896283919431e+02  5.97611674156760e+01
  1.07503411698517e+02  5.97478980849057e+01
  1.09110836457592e+02  5.97358088135426e+01
  1.10718530408637e+02  5.97248817170726e+01
  1.12326466273311e+02  5.97150998345911e+01
  1.13934617247139e+02  5.97064473473910e+01
  1.15542956959593e+02  5.96989097666670e+01
  1.17151459430644e+02  5.96924740932181e+01
  1.18760099024321e+02  5.96871289516952e+01
  1.20368850399783e+02  5.96828647016107e+01
  1.21977688460323e+02  5.96796735269944e+01
  1.23586588300760e+02  5.96775495062587e+01
  1.25195525153584e+02  5.96764886635156e+01
  1.26804474334229e+02  5.96764890022759e+01
  1.28413411185836e+02  5.96775505221433e+01
  1.30022311023847e+02  5.96796752188149e+01
  1.31631149080760e+02  5.96828670673860e+01
  1.33239900451410e+02  5.96871319886519e+01
  1.34848540039112e+02  5.96924777977907e+01
  1.36457042503049e+02  5.96989141344976e+01
  1.38065382207283e+02  5.97064523733296e+01
  1.39673533171823e+02  5.97151055126958e+01
  1.41281469026179e+02  5.97248880406100e+01
  1.42889162965926e+02  5.97358157749879e+01
  1.44496587712775e+02  5.97479056759438e+01
  1.46103715478764e+02  5.97611756272019e+01
  1.47710517935188e+02  5.97756441834022e+01
  1.49316966186971e+02  5.97913302797472e+01
  1.50923030753217e+02  5.98082529001016e+01
  1.52528681554760e+02  5.98264306993440e+01
  1.54133887909581e+02  5.98458815754609e+01
  1.55738618537003e+02  5.98666221865964e+01
  1.57342841571645e+02  5.98886674080207e+01
  1.58946524588156e+02  5.99120297237736e+01
  1.60549634637755e+02  5.99367185475804e+01
  1.62152138297666e+02  5.99627394675404e+01
  1.63754001734485e+02  5.99900934090655e+01
  1.65355190782527e+02  6.00187757106018e+01
  1.66955671038124e+02  6.00487751068174e+01
  1.68555407970770e+02  6.00800726141878e+01
  1.70154367051883e+02  6.01126403142618e+01
  1.71752513901768e+02  6.01464400303489e+01
  1.73349814455180e+02  6.01814218939217e+01
  1.74946235145577e+02  6.02175227976756e+01
  1.76541743107886e+02  6.02546647328965e+01
  1.78136306399169e+02  6.02927530095489e+01
  1.79729894236190e+02  6.03316743582512e+01
  1.81322477248399e+02  6.03712949140317e+01
  1.82914027744300e+02  6.04114580823727e+01
  1.84504519988634e+02  6.04519822885129e+01
  1.86093930487220e+02  6.04926586111936e+01
  1.87682238275684e+02  6.05332483019362e+01
  1.89269425207734e+02  6.05734801904323e+01
  1.90855476238073e+02  6.06130479756303e+01
  1.92440379694501e+02  6.06516074005213e+01
  1.94024127533334e+02  6.06887733063762e+01
  1.95606715571881e+02  6.07241165591796e+01
  1.97188143652148e+02  6.07571621027858e+01
  1.98768415762721e+02  6.07873870795805e+01
  2.00347540169214e+02  6.08142172021285e+01
  2.01925529498559e+02  6.08370228972729e+01
  2.03502400770251e+02  6.08551152009111e+01
  2.05078175368073e+02  6.08677413702873e+01
  2.06652878946286e+02  6.08740801704336e+01
  2.08226541264883e+02  6.08732367791569e+01
  2.09799195949262e+02  6.08642372399841e+01
  2.11370880172836e+02  6.08460222915892e+01
  2.12941634261253e+02  6.08174403918701e+01
  2.14511501211756e+02  6.07772399477553e+01
  2.16080526126543e+02  6.07240605880951e+01
  2.17648755560719e+02  6.06564232581634e+01
  2.19216236786491e+02  6.05727188633506e+01
  2.20783016976427e+02  6.04711951217971e+01
  2.22349142308091e+02  6.03499412761612e+01
  2.23914656990303e+02  6.02068703892980e+01
  2.25479602221834e+02  6.00396984216394e+01
  2.27044015091352e+02  5.98459192068981e+01
  2.28607927427117e+02  5.96227742526351e+01
  2.30171364606122e+02  5.93672159580671e+01
  2.31734344333937e+02  5.90758623864706e+01
  2.33296875409455e+02  5.87449410723379e+01
  2.34858956503840e+02  5.83702175085395e+01
  2.36420574983232e+02  5.79469025768877e+01
  2.37981705808208e+02  5.74695317149700e+01
  2.39542310586183e+02  5.69318038346674e+01
  2.41102336914833e+02  5.63263606699238e+01
  2.42661718274259e+02  5.56444730896978e+01
  2.44220374946044e+02  5.48755742617781e+01
  2.45778216884554e+02  5.40065251900222e+01
  2.47335150349240e+02  5.30204361627174e+01
  2.48891092770649e+02  5.18947576327924e+01
  2.50446008205762e+02  5.05979185224007e+01
  2.52000000000000e+02  4.90825554649033e+01
  0.00000000000000e+00  5.02263527172193e+01
  1.55447692817755e+00  5.17073055244518e+01
  3.11013917252049e+00  5.29787167756854e+01
  4.66698274204821e+00  5.40845593727259e+01
  6.22491588117598e+00  5.50546593638494e+01
  7.78382374690511e+00  5.59105647159190e+01
  9.34359245578415e+00  5.66685444517874e+01
  1.09041185662473e+01  5.73413281013267e+01
  1.24653128997101e+01  5.79391962219697e+01
  1.40271018247139e+01  5.84706667823210e+01
  1.55894272333186e+01  5.89429348438477e+01
  1.71522458572686e+01  5.93621702192682e+01
  1.87155282549960e+01  5.97337282818926e+01
  2.02792576440996e+01  6.00623047748630e+01
  2.18434286682576e+01  6.03520525178970e+01
  2.34080461446814e+01  6.06066711867574e+01
  2.49731238065784e+01  6.08294769209798e+01
  2.65386830577403e+01  6.10234571913170e+01
  2.81047517596661e+01  6.11913150749744e+01
  2.96713630595157e+01  6.13355053462473e+01
  3.12385542659945e+01  6.14582641702089e+01
  3.28063657798193e+01  6.15616337550654e+01
  3.43748400849892e+01  6.16474829997412e+01
  3.59440208078865e+01  6.17175249912642e+01
  3.75139518534408e+01  6.17733321287805e+01
  3.90846766178612e+01  6.18163491436729e+01
  4.06562372795456e+01  6.18479043566031e+01
  4.22286741704023e+01  6.18692195027379e+01
  4.38020252288226e+01  6.18814183907597e+01
  4.53763255345606e+01  6.18855346118881e+01
  4.69516069242629e+01  6.18825184581125e+01
  4.85278976813046e+01  6.18732430404701e+01
  5.01052222985709e+01  6.18585097844374e+01
  5.16836013126968e+01  6.18390534696259e+01
  5.32630512053264e+01  6.18155468833103e+01
  5.48435843662728e+01  6.17886051427355e+01
  5.64252091129107e+01  6.17587897292504e+01
  5.80079297597205e+01  6.17266122674050e+01
  5.95917467315531e+01  6.16925380711361e+01
  6.11766566684454e+01  6.16569879805175e+01
  6.27626525703651e+01  6.16203402562608e+01
  6.43497240078192e+01  6.15829335612657e+01
  6.59378573546965e+01  6.15450698111187e+01
  6.75270360375379e+01  6.15070169018275e+01
  6.91172407957612e+01  6.14690113201569e+01
  7.07084499477788e+01  6.14312606397049e+01
  7.23006396584185e+01  6.13939459042649e+01
  7.38937842035678e+01  6.13572238989598e+01
  7.54878562284968e+01  6.13212293090344e+01
  7.70828269968579e+01  6.12860767659670e+01
  7.86786666278912e+01  6.12518627806382e+01
  8.02753443198812e+01  6.12186675635988e+01
  8.18728285583876e+01  6.11865567329417e+01
  8.34710873082201e+01  6.11555829108547e+01
  8.50700881885220e+01  6.11257872105473e+01
  8.66697986306825e+01  6.10972006158771e+01
  8.82701860190969e+01  6.10698452566050e+01
  8.98712178150501e+01  6.10437355827617e+01
  9.14728616642076e+01  6.10188794420909e+01
  9.30750854883635e+01  6.09952790649401e+01
  9.46778575622181e+01  6.09729319612814e+01
  9.62811465760536e+01  6.09518317347724e+01
  9.78849216852301e+01  6.09319688189082e+01
  9.94891525474590e+01  6.09133311403726e+01
  1.01093809348823e+02  6.08959047146852e+01
  1.02698862819503e+02  6.08796741791573e+01
  1.04304284240144e+02  6.08646232680392e+01
  1.05910045439772e+02  6.08507352345540e+01
  1.07516118786117e+02  6.08379932242938e+01
  1.09122477169159e+02  6.08263806042043e+01
  1.10729093978663e+02  6.08158812511042e+01
  1.12335943076410e+02  6.08064798034006e+01
  1.13942998763793e+02  6.07981618793529e+01
  1.15550235745375e+02  6.07909142649322e+01
  1.17157629088985e+02  6.07847250740076e+01
  1.18765154182865e+02  6.07795838832780e+01
  1.20372786690337e+02  6.07754818440562e+01
  1.21980502502446e+02  6.07724117727009e+01
  1.23588277688989e+02  6.07703682211856e+01
  1.25196088448303e+02  6.07693475289929e+01
  1.26803911056191e+02  6.07693478572193e+01
  1.28411721814339e+02  6.07703692054802e+01
  1.30019496998557e+02  6.07724134119104e+01
  1.31627212807192e+02  6.07754841362583e+01
  1.33234845310054e+02  6.07795868257815e+01
  1.34842370398211e+02  6.07847286633528e+01
  1.36449763735010e+02  6.07909184968908e+01
  1.38057000708722e+02  6.07981667489283e+01
  1.39664056387211e+02  6.08064853048285e+01
  1.41270905475083e+02  6.08158873778527e+01
  1.42877522273775e+02  6.08263873489749e+01
  1.44483880645120e+02  6.08380005790223e+01
  1.46089953978937e+02  6.08507431904111e+01
  1.47695715165268e+02  6.08646318154326e+01
  1.49301136571908e+02  6.08796833077330e+01
  1.50906190027953e+02  6.08959144133301e+01
  1.52510846814124e+02  6.09133413972170e+01
  1.54115077660680e+02  6.09319796213295e+01
  1.55718852753790e+02  6.09518430693991e+01
  1.57322141751254e+02  6.09729438139983e+01
  1.58924913808524e+02  6.09952914208940e+01
  1.60527137615981e+02  6.10188922856980e+01
  1.62128781448424e+02  6.10437488977162e+01
  1.63729813227754e+02  6.10698590258889e+01
  1.65330200599742e+02  6.10972148217716e+01
  1.66929911025785e+02  6.11258018346469e+01
  1.68528911890390e+02  6.11555979340822e+01
  1.70127170625061e+02  6.11865721355663e+01
  1.71724654849059e+02  6.12186833252562e+01
  1.73321332527309e+02  6.12518788803541e+01
  1.74917172145488e+02  6.12860931821826e+01
  1.76512142901996e+02  6.13212460196355e+01
  1.78106214916188e+02  6.13572408813092e+01
  1.79699359451829e+02  6.13939631352377e+01
  1.81291549154298e+02  6.14312780957280e+01
  1.82882758299585e+02  6.14690289772511e+01
  1.84472963052618e+02  6.15070347356538e+01
  1.86062141731902e+02  6.15450877970272e+01
  1.87650275076938e+02  6.15829516743485e+01
  1.89237346514343e+02  6.16203584714064e+01
  1.90823342418071e+02  6.16570062724695e+01
  1.92408252358685e+02  6.16925564145519e+01
  1.93992069336195e+02  6.17266306369170e+01
  1.95574789990668e+02  6.17588080995276e+01
  1.97156414746970e+02  6.17886234885437e+01
  1.98736947919585e+02  6.18155651795707e+01
  2.00316397825874e+02  6.18390716914713e+01
  2.01894776855623e+02  6.18585279072649e+01
  2.03472101490431e+02  6.18732610399889e+01
  2.05048392266877e+02  6.18825363103856e+01
  2.06623673677771e+02  6.18855522933659e+01
  2.08197974006401e+02  6.18814358783047e+01
  2.09771325089312e+02  6.18692367736373e+01
  2.11343762006144e+02  6.18479213885683e+01
  2.12915322695162e+02  6.18163659148239e+01
  2.14486047488139e+02  6.17733486176129e+01
  2.16055978563328e+02  6.17175411765947e+01
  2.17625159316786e+02  6.16474988606322e+01
  2.19193633653285e+02  6.15616492707223e+01
  2.20761445199046e+02  6.14582793198486e+01
  2.22328636437906e+02  6.13355201089345e+01
  2.23895247770418e+02  6.11913294294200e+01
  2.25461316505126e+02  6.10234711156356e+01
  2.27026875789029e+02  6.08294903923997e+01
  2.28591953483472e+02  6.06066841812773e+01
  2.30156570992094e+02  6.03520650098828e+01
  2.31720742047957e+02  6.00623167365749e+01
  2.33284471468130e+02  5.97337396829342e+01
  2.34847753896155e+02  5.93621810259443e+01
  2.36410572549497e+02  5.89429450184189e+01
  2.37972897986458e+02  5.84706762821355e+01
  2.39534686938650e+02  5.79392049984544e+01
  2.41095881298004e+02  5.73413360988099e+01
  2.42656407432930e+02  5.66685516061185e+01
  2.44216176164710e+02  5.59105709528323e+01
  2.45775084051651e+02  5.50546645969809e+01
  2.47333017210194e+02  5.40845635011130e+01
  2.48889860797285e+02  5.29787196804132e+01
  2.50445523057414e+02  5.17073070636615e+01
  2.52000000000000e+02  5.02263527172193e+01
  0.00000000000000e+00  5.14145577112886e+01
  1.55509519281285e+00  5.28578295507062e+01
  3.11158543831135e+00  5.41005591278430e+01
  4.66937975077073e+00  5.51835161300966e+01
  6.22834082040296e+00  5.61348223239615e+01
  7.78832750065500e+00  5.69750208047969e+01
  9.34920958702626e+00  5.77197426188343e+01
  1.09108728627538e+01  5.83812868454714e+01
  1.24732205822314e+01  5.89696269201962e+01
  1.40361734293666e+01  5.94930503766603e+01
  1.55996687066553e+01  5.99585718309429e+01
  1.71636591723168e+01  6.03722146495076e+01
  1.87281117334981e+01  6.07392117765677e+01
  2.02930061001881e+01  6.10641540656598e+01
  2.18583334473051e+01  6.13511026405496e+01
  2.34240951056187e+01  6.16036756758627e+01
  2.49903012803772e+01  6.18251159104622e+01
  2.65569698042295e+01  6.20183440236096e+01
  2.81241249372870e+01  6.21860018163750e+01
  2.96917962176384e+01  6.23304874914241e+01
  3.12600173658699e+01  6.24539847408539e+01
  3.28288252476311e+01  6.25584869426286e+01
  3.43982588985007e+01  6.26458174624770e+01
  3.59683586165985e+01  6.27176468847701e+01
  3.75391651307899e+01  6.27755079223728e+01
  3.91107188433110e+01  6.28208082669350e+01
  4.06830591478056e+01  6.28548417099845e+01
  4.22562238244858e+01  6.28787978561275e+01
  4.38302485132629e+01  6.28937706864183e+01
  4.54051662648424e+01  6.29007661823483e+01
  4.69810071683934e+01  6.29007091657558e+01
  4.85577980495980e+01  6.28944493465339e+01
  5.01355622376831e+01  6.28827667504041e+01
  5.17143193999674e+01  6.28663766897456e+01
  5.32940854396826e+01  6.28459343457851e+01
  5.48748724522157e+01  6.28220390162700e+01
  5.64566887344286e+01  6.27952380711805e+01
  5.80395388413469e+01  6.27660306494162e+01
  5.96234236841965e+01  6.27348711187165e+01
  6.12083406198883e+01  6.27021708610012e+01
  6.27942835785769e+01  6.26683001076475e+01
  6.43812432543741e+01  6.26335908280881e+01
  6.59692073175297e+01  6.25983394850180e+01
  6.75581606426830e+01  6.25628096653269e+01
  6.91480855481015e+01  6.25272345930360e+01
  7.07389620411887e+01  6.24918195283374e+01
  7.23307680659772e+01  6.24567440552456e+01
  7.39234797487836e+01  6.24221642592678e+01
  7.55170716386891e+01  6.23882147958357e+01
  7.71115169400016e+01  6.23550108499080e+01
  7.87067877343426e+01  6.23226499871186e+01
  8.03028551904715e+01  6.22912138970134e+01
  8.18996897603992e+01  6.22607700292501e+01
  8.34972613607585e+01  6.22313731240728e+01
  8.50955395387590e+01  6.22030666388671e+01
  8.66944936223913e+01  6.21758840731179e+01
  8.82940928548234e+01  6.21498501945983e+01
  8.98943065131762e+01  6.21249821700864e+01
  9.14951040120651e+01  6.21012906043251e+01
  9.30964549924540e+01  6.20787804912868e+01
  9.46983293964931e+01  6.20574520820892e+01
  9.63006975291025e+01  6.20373016741045e+01
  9.79035301071290e+01  6.20183223259361e+01
  9.95067982969366e+01  6.20005045029949e+01
  1.01110473741313e+02  6.19838366583968e+01
  1.02714528576570e+02  6.19683057538391e+01
  1.04318935440702e+02  6.19538977249953e+01
  1.05923667473439e+02  6.19405978958034e+01
  1.07528698309000e+02  6.19283913458314e+01
  1.09134002062308e+02  6.19172632346709e+01
  1.10739553309392e+02  6.19071990870646e+01
  1.12345327062635e+02  6.18981850422051e+01
  1.13951298741516e+02  6.18902080703651e+01
  1.15557444139415e+02  6.18832561597330e+01
  1.17163739387025e+02  6.18773184760366e+01
  1.18770160912873e+02  6.18723854972438e+01
  1.20376685401409e+02  6.18684491253405e+01
  1.21983289749099e+02  6.18655027768879e+01
  1.23589951018924e+02  6.18635414537789e+01
  1.25196646393651e+02  6.18625617953200e+01
  1.26803353128265e+02  6.18625621124852e+01
  1.28410048501879e+02  6.18635424049025e+01
  1.30016709769482e+02  6.18655043608538e+01
  1.31623314113852e+02  6.18684513402887e+01
  1.33229838597984e+02  6.18723883405705e+01
  1.34836260118363e+02  6.18773219443942e+01
  1.36442555359465e+02  6.18832602490307e+01
  1.38048700749846e+02  6.18902127757690e+01
  1.39654672420233e+02  6.18981903581391e+01
  1.41260446164046e+02  6.19072050072108e+01
  1.42865997400808e+02  6.19172697519702e+01
  1.44471301142951e+02  6.19283984524851e+01
  1.46076331966557e+02  6.19406055832743e+01
  1.47681063986608e+02  6.19539059840096e+01
  1.49285470837387e+02  6.19683145743884e+01
  1.50889525658691e+02  6.19838460297406e+01
  1.52493201088587e+02  6.20005144136643e+01
  1.54096469263463e+02  6.20183327637372e+01
  1.55699301826189e+02  6.20373126261232e+01
  1.57301669943214e+02  6.20574635346968e+01
  1.58903544331474e+02  6.20787924301466e+01
  1.60504895295982e+02  6.21013030144001e+01
  1.62105692778986e+02  6.21249950356484e+01
  1.63705906421548e+02  6.21498634992381e+01
  1.65305505638387e+02  6.21758977997583e+01
  1.66904459706730e+02  6.22030807697763e+01
  1.68502737869851e+02  6.22313876408807e+01
  1.70100309455851e+02  6.22607849129668e+01
  1.71697144012049e+02  6.22912291280498e+01
  1.73293211455188e+02  6.23226655453100e+01
  1.74888482237391e+02  6.23550267145399e+01
  1.76482927527525e+02  6.23882309456733e+01
  1.78076519407321e+02  6.24221806725879e+01
  1.79669231081191e+02  6.24567607098719e+01
  1.81261037098318e+02  6.24918364016798e+01
  1.82851913585117e+02  6.25272516621311e+01
  1.84441838485711e+02  6.25628269068842e+01
  1.86030791807591e+02  6.25983568754671e+01
  1.87618755869101e+02  6.26336083436300e+01
  1.89205715544951e+02  6.26683177243075e+01
  1.90791658505452e+02  6.27021885546847e+01
  1.92376575444763e+02  6.27348888652661e+01
  1.93960460293080e+02  6.27660484246692e+01
  1.95543310407338e+02  6.27952558510283e+01
  1.97125126698779e+02  6.28220567767143e+01
  1.98705913722427e+02  6.28459520629933e+01
  2.00285679775132e+02  6.28663943401031e+01
  2.01864436952252e+02  6.28827843105629e+01
  2.03442201156979e+02  6.28944667934567e+01
  2.05018992056575e+02  6.29007264767533e+01
  2.06594832980198e+02  6.29007833351090e+01
  2.08169750753448e+02  6.28937876590288e+01
  2.09743775465400e+02  6.28788146270809e+01
  2.11316940166651e+02  6.28548582581763e+01
  2.12889280496997e+02  6.28208245716433e+01
  2.14460834236524e+02  6.27755239632210e+01
  2.16031640778743e+02  6.27176626416690e+01
  2.17601740525748e+02  6.26458329155450e+01
  2.19171174206261e+02  6.25585020720846e+01
  2.20739982118254e+02  6.24539995268812e+01
  2.22308203297156e+02  6.23305019140013e+01
  2.23875874608469e+02  6.21860158550680e+01
  2.25443029772630e+02  6.20183576573212e+01
  2.27009698327583e+02  6.18251291171321e+01
  2.28575904533299e+02  6.16036884321118e+01
  2.30141666222288e+02  6.13511149212596e+01
  2.31706993599668e+02  6.10641658434782e+01
  2.33271887996078e+02  6.07392230213277e+01
  2.34836340586314e+02  6.03722253275462e+01
  2.36400331080243e+02  5.99585819043019e+01
  2.37963826384892e+02  5.94930598021470e+01
  2.39526779258359e+02  5.89696356482774e+01
  2.41089127003019e+02  5.83812948189653e+01
  2.42650790302651e+02  5.77197497713531e+01
  2.44211672411519e+02  5.69750270588714e+01
  2.45771659112725e+02  5.61348275887348e+01
  2.47330620201645e+02  5.51835202983859e+01
  2.48888414531634e+02  5.41005620721920e+01
  2.50444904792908e+02  5.28578311175975e+01
  2.52000000000000e+02  5.14145577112886e+01
  0.00000000000000e+00  5.26472890928550e+01
  1.55583802010819e+00  5.40495460435519e+01
  3.11323281965089e+00  5.52602899109457e+01
  4.67202476483789e+00  5.63172674355677e+01
  6.23204049827969e+00  5.72469372845234e+01
  7.79311818530990e+00  5.80688348427251e+01
  9.35511492301521e+00  5.87979357165282e+01
  1.09179082112735e+01  5.94460869671086e+01
  1.24813955379017e+01  6.00229333055716e+01
  1.40454932571919e+01  6.05365117793639e+01
  1.56101351392764e+01  6.09936385922203e+01
  1.71752708209621e+01  6.14001748505439e+01
  1.87408642652502e+01  6.17612172751228e+01
  2.03068922764773e+01  6.20812398428019e+01
  2.18733430842730e+01  6.23642015707390e+01
  2.34402149959931e+01  6.26136300774220e+01
  2.50075151037069e+01  6.28326868019516e+01
  2.65752580436526e+01  6.30242187145222e+01
  2.81434648147258e+01  6.31908002559316e+01
  2.97121616552018e+01  6.33347676821950e+01
  3.12813789782905e+01  6.34582474425896e+01
  3.28511503683688e+01  6.35631798332393e+01
  3.44215116404610e+01  6.36513388803334e+01
  3.59924999670454e+01  6.37243492430173e+01
  3.75641530788136e+01  6.37837008575182e+01
  3.91365085376170e+01  6.38307615736402e+01
  4.07096030820452e+01  6.38667881020169e+01
  4.22834720468723e+01  6.38929355824773e+01
  4.38581488568780e+01  6.39102660233045e+01
  4.54336645948008e+01  6.39197558155052e+01
  4.70100476419272e+01  6.39223024730270e+01
  4.85873233852603e+01  6.39187305909639e+01
  5.01655139898539e+01  6.39097971891576e+01
  5.17446382348736e+01  6.38961966000475e+01
  5.33247114093390e+01  6.38785649676655e+01
  5.49057452629455e+01  6.38574844108969e+01
  5.64877480069284e+01  6.38334868928900e+01
  5.80707243596062e+01  6.38070578291601e+01
  5.96546756309638e+01  6.37786394565661e+01
  6.12395997983678e+01  6.37486325579776e+01
  6.28254916185457e+01  6.37173982309870e+01
  6.44123428001934e+01  6.36852606820157e+01
  6.60001421972325e+01  6.36525098855861e+01
  6.75888760177042e+01  6.36194041185046e+01
  6.91785280435723e+01  6.35861723759644e+01
  7.07690798570450e+01  6.35530166744535e+01
  7.23605110694169e+01  6.35201142447888e+01
  7.39527995488528e+01  6.34876196174749e+01
  7.55459216439808e+01  6.34556666018703e+01
  7.71398524006066e+01  6.34243701602375e+01
  7.87345657693088e+01  6.33938281776127e+01
  8.03300348021028e+01  6.33641231284964e+01
  8.19262318367665e+01  6.33353236415753e+01
  8.35231286677998e+01  6.33074859640118e+01
  8.51206967033288e+01  6.32806553272176e+01
  8.67189071075748e+01  6.32548672164456e+01
  8.83177309287721e+01  6.32301485469471e+01
  8.99171392126472e+01  6.32065187498383e+01
  9.15171031017630e+01  6.31839907711680e+01
  9.31175939211859e+01  6.31625719879850e+01
  9.47185832510556e+01  6.31422650454427e+01
  9.63200429867279e+01  6.31230686191564e+01
  9.79219453872277e+01  6.31049781071470e+01
  9.95242631127873e+01  6.30879862557534e+01
  1.01126969252273e+02  6.30720837238957e+01
  1.02730037341296e+02  6.30572595900113e+01
  1.04333441371814e+02  6.30435018058854e+01
  1.05937155793986e+02  6.30307976014519e+01
  1.07541155511034e+02  6.30191338444646e+01
  1.09145415867830e+02  6.30084973587349e+01
  1.10749912633868e+02  6.29988752044042e+01
  1.12354621981282e+02  6.29902549234769e+01
  1.13959520458478e+02  6.29826247535834e+01
  1.15564584959956e+02  6.29759738126795e+01
  1.17169792692826e+02  6.29702922571167e+01
  1.18775121140510e+02  6.29655714152485e+01
  1.20380548024061e+02  6.29618038984587e+01
  1.21986051261535e+02  6.29589836912297e+01
  1.23591608925793e+02  6.29571062215919e+01
  1.25197199201110e+02  6.29561684130265e+01
  1.26802800338942e+02  6.29561687186217e+01
  1.28408390613198e+02  6.29571071380187e+01
  1.30013948275338e+02  6.29589852174113e+01
  1.31619451509648e+02  6.29618060326009e+01
  1.33224878389001e+02  6.29655741548396e+01
  1.34830206831472e+02  6.29702955989276e+01
  1.36435414558141e+02  6.29759777527644e+01
  1.38040479052455e+02  6.29826292872802e+01
  1.39645377521560e+02  6.29902600454078e+01
  1.41250086859992e+02  6.29988809084766e+01
  1.42854583616200e+02  6.30085036381422e+01
  1.44458843962365e+02  6.30191406916879e+01
  1.46062843668033e+02  6.30308050082613e+01
  1.47666558078133e+02  6.30435097633422e+01
  1.49269962095947e+02  6.30572680884703e+01
  1.50873030171699e+02  6.30720927530083e+01
  1.52475736297417e+02  6.30879958044710e+01
  1.54078054008786e+02  6.31049881637254e+01
  1.55679956394749e+02  6.31230791711610e+01
  1.57281416115621e+02  6.31422760797539e+01
  1.58882405430513e+02  6.31625834908061e+01
  1.60482896234869e+02  6.31840027280326e+01
  1.62082860108920e+02  6.32065311456202e+01
  1.63682268377830e+02  6.32301613658715e+01
  1.65281092184258e+02  6.32548804421015e+01
  1.66879302574031e+02  6.32806689425725e+01
  1.68476870595486e+02  6.33074999514281e+01
  1.70073767412947e+02  6.33353379828291e+01
  1.71669964434644e+02  6.33641378047984e+01
  1.73265433455183e+02  6.33938431696319e+01
  1.74860146812445e+02  6.34243854481272e+01
  1.76454077558548e+02  6.34556821652975e+01
  1.78047199644173e+02  6.34876354356518e+01
  1.79639488115223e+02  6.35201302965081e+01
  1.81230919320422e+02  6.35530329381260e+01
  1.82821471128027e+02  6.35861888296601e+01
  1.84411123149416e+02  6.36194207399968e+01
  1.85999856966877e+02  6.36525266523972e+01
  1.87587656362448e+02  6.36852775714674e+01
  1.89174507544232e+02  6.37174152202509e+01
  1.90760399366207e+02  6.37486496241288e+01
  1.92345323537114e+02  6.37786565766380e+01
  1.93929274813716e+02  6.38070749801990e+01
  1.95512251173402e+02  6.38335040520116e+01
  1.97094253926169e+02  6.38575015553393e+01
  1.98675287790334e+02  6.38785820748411e+01
  2.00255360977119e+02  6.38962136475921e+01
  2.01834485236193e+02  6.39098141549752e+01
  2.03412675856535e+02  6.39187474532669e+01
  2.04989951617259e+02  6.39223192103699e+01
  2.06566334683353e+02  6.39197724068109e+01
  2.08141850441743e+02  6.39102824478805e+01
  2.09716527273628e+02  6.38929518200211e+01
  2.11290396261648e+02  6.38668041326082e+01
  2.12863490830472e+02  6.38307773777178e+01
  2.14435846314761e+02  6.37837164158393e+01
  2.16007499452978e+02  6.37243645365972e+01
  2.17578487806848e+02  6.36513538903617e+01
  2.19148849106930e+02  6.35631945409698e+01
  2.20718620525565e+02  6.34582618292011e+01
  2.22287837877642e+02  6.33347817286175e+01
  2.23856534747403e+02  6.31908139426340e+01
  2.25424741547923e+02  6.30242320212556e+01
  2.26992484517345e+02  6.28326997074415e+01
  2.28559784654438e+02  6.26136425590019e+01
  2.30126656595315e+02  6.23642136039163e+01
  2.31693107431927e+02  6.20812514007444e+01
  2.33259135471514e+02  6.17612283280516e+01
  2.34824728943593e+02  6.14001853650176e+01
  2.36389864652391e+02  6.09936485302870e+01
  2.37954506560799e+02  6.05365210975567e+01
  2.39518604305515e+02  6.00229419537124e+01
  2.41082091656556e+02  5.94460948868768e+01
  2.42644884968092e+02  5.87979428397347e+01
  2.44206881727811e+02  5.80688410892065e+01
  2.45767959435455e+02  5.72469425595214e+01
  2.47327975187970e+02  5.63172716263640e+01
  2.48886767150568e+02  5.52602928823337e+01
  2.50444161965800e+02  5.40495476312786e+01
  2.52000000000000e+02  5.26472890928550e+01
  0.00000000000000e+00  5.39244897019438e+01
  1.55669663880158e+00  5.52823472704862e+01
  3.11506781158520e+00  5.64577667477996e+01
  4.67490158957117e+00  5.74856427969298e+01
  6.23599727688312e+00  5.83908113594539e+01
  7.79817757657883e+00  5.91917972082810e+01
  9.36129028844838e+00  5.99029027054286e+01
  1.09252069787415e+01  6.05355007436205e+01
  1.24898210691595e+01  6.10988850333904e+01
  1.40550458640047e+01  6.16008214244540e+01
  1.56208125983253e+01  6.20479091467380e+01
  1.71870685900452e+01  6.24458307210119e+01
  1.87537755228155e+01  6.27995324188935e+01
  2.03209078602065e+01  6.31133589915372e+01
  2.18884513769377e+01  6.33911566335069e+01
  2.34564017900020e+01  6.36363530916061e+01
  2.50247634656396e+01  6.38520203808642e+01
  2.65935481931615e+01  6.40409246479456e+01
  2.81627740271338e+01  6.42055667157262e+01
  2.97324641938326e+01  6.43482153649599e+01
  3.13026460601769e+01  6.44709348961805e+01
  3.28733501651778e+01  6.45756081517442e+01
  3.44446093150612e+01  6.46639559060279e+01
  3.60164577449706e+01  6.47375533777379e+01
  3.75889303528129e+01  6.47978445557582e+01
  3.91620620029699e+01  6.48461545769828e+01
  4.07358868998331e+01  6.48837004610098e+01
  4.23104380319810e+01  6.49116005001051e+01
  4.38857466871993e+01  6.49308825451726e+01
  4.54618420379035e+01  6.49424913849678e+01
  4.70387507953727e+01  6.49472953646478e+01
  4.86164969268796e+01  6.49460922349911e+01
  5.01951014342894e+01  6.49396143947565e+01
  5.17745821927402e+01  6.49285336809500e+01
  5.33549538455434e+01  6.49134657722882e+01
  5.49362277509467e+01  6.48949742577914e+01
  5.65184119760081e+01  6.48735744115317e+01
  5.81015113325450e+01  6.48497367054955e+01
  5.96855274498708e+01  6.48238900824412e+01
  6.12704588381477e+01  6.47964236102485e+01
  6.28563009862344e+01  6.47676881763302e+01
  6.44430465178125e+01  6.47379991851939e+01
  6.60306853673003e+01  6.47076391206026e+01
  6.76192049709010e+01  6.46768599825214e+01
  6.92085904683891e+01  6.46458856064078e+01
  7.07988249115502e+01  6.46149138703689e+01
  7.23898894755475e+01  6.45841187941723e+01
  7.39817636698722e+01  6.45536525329858e+01
  7.55744255459383e+01  6.45236472679673e+01
  7.71678518987935e+01  6.44942169953625e+01
  7.87620184608203e+01  6.44654592155501e+01
  8.03569000856993e+01  6.44374565234387e+01
  8.19524709212730e+01  6.44102781017384e+01
  8.35487045703025e+01  6.43839811188454e+01
  8.51455742384181e+01  6.43586120333674e+01
  8.67430528688562e+01  6.43342078076393e+01
  8.83411132638170e+01  6.43107970329152e+01
  8.99397281924984e+01  6.42884009692436e+01
  9.15388704860356e+01  6.42670345033290e+01
  9.31385131197306e+01  6.42467070279381e+01
  9.47386292830684e+01  6.42274232466142e+01
  9.63391924381100e+01  6.42091839076199e+01
  9.79401763669172e+01  6.41919864711279e+01
  9.95415552087084e+01  6.41758257137250e+01
  1.01143303487469e+02  6.41606942742937e+01
  1.02745396130749e+02  6.41465831452845e+01
  1.04347808480381e+02  6.41334821133002e+01
  1.05950516295828e+02  6.41213801527853e+01
  1.07553495750858e+02  6.41102657764556e+01
  1.09156723424220e+02  6.41001273459160e+01
  1.10760176284928e+02  6.40909533457097e+01
  1.12363831672785e+02  6.40827326238191e+01
  1.13967667274683e+02  6.40754546014036e+01
  1.15571661097218e+02  6.40691094543153e+01
  1.17175791436112e+02  6.40636882686848e+01
  1.18780036842898e+02  6.40591831726133e+01
  1.20384376089299e+02  6.40555874457538e+01
  1.21988788129701e+02  6.40528956083057e+01
  1.23593252062110e+02  6.40511034906916e+01
  1.25197747087932e+02  6.40502082849307e+01
  1.26802252470939e+02  6.40502085784662e+01
  1.28406747495752e+02  6.40511043709529e+01
  1.30011211426147e+02  6.40528970742576e+01
  1.31615623463541e+02  6.40555894956711e+01
  1.33219962705952e+02  6.40591858040809e+01
  1.34824208107785e+02  6.40636914785981e+01
  1.36428338440785e+02  6.40691132388810e+01
  1.38032332256513e+02  6.40754589561396e+01
  1.39636167850723e+02  6.40827375435559e+01
  1.41239823230048e+02  6.40909588245909e+01
  1.42843276081420e+02  6.41001333774000e+01
  1.44446503744687e+02  6.41102723533167e+01
  1.46049483188915e+02  6.41213872671156e+01
  1.47652190992903e+02  6.41334897565119e+01
  1.49254603330481e+02  6.41465913081126e+01
  1.50856695961173e+02  6.41607029467991e+01
  1.52458444226878e+02  6.41758348852987e+01
  1.54059823055217e+02  6.41919961304952e+01
  1.55660806970249e+02  6.42091940428459e+01
  1.57261370111272e+02  6.42274338451103e+01
  1.58861486260428e+02  6.42467180764693e+01
  1.60461128879863e+02  6.42670459880223e+01
  1.62060271159150e+02  6.42884128755980e+01
  1.63658886073683e+02  6.43108093458134e+01
  1.65256946454688e+02  6.43342205113603e+01
  1.66854425071459e+02  6.43586251116015e+01
  1.68451294726292e+02  6.43839945547109e+01
  1.70047528362522e+02  6.44102918778005e+01
  1.71643099185878e+02  6.44374706217307e+01
  1.73237980799219e+02  6.44654736175968e+01
  1.74832147350485e+02  6.44942316822063e+01
  1.76425573693455e+02  6.45236622201972e+01
  1.78018235560605e+02  6.45536677307688e+01
  1.79610109747075e+02  6.45841342172875e+01
  1.81201174304369e+02  6.46149294982450e+01
  1.82791408742061e+02  6.46459014181626e+01
  1.84380794235396e+02  6.46768759570049e+01
  1.85969313836231e+02  6.47076552364414e+01
  1.87556952684408e+02  6.47380154208395e+01
  1.89143698216189e+02  6.47677045101078e+01
  1.90729540366044e+02  6.47964400204083e+01
  1.92314471757694e+02  6.48239065472103e+01
  1.93898487880031e+02  6.48497532031311e+01
  1.95481587243236e+02  6.48735909203729e+01
  1.97063771476633e+02  6.48949907563108e+01
  1.98645045392036e+02  6.49134822391399e+01
  2.00225417056490e+02  6.49285500950149e+01
  2.01804897828218e+02  6.49396307351846e+01
  2.03383502350492e+02  6.49461084812378e+01
  2.04961248498401e+02  6.49473114965044e+01
  2.06538157273750e+02  6.49425073825842e+01
  2.08114252643738e+02  6.49308983890710e+01
  2.09689561319564e+02  6.49116161711817e+01
  2.11264112473549e+02  6.48837159405244e+01
  2.12837937393382e+02  6.48461698465333e+01
  2.14411069067531e+02  6.47978595972372e+01
  2.15983541700276e+02  6.47375681732699e+01
  2.17555390155881e+02  6.46639704378837e+01
  2.19126649332129e+02  6.45756224022285e+01
  2.20697353464042e+02  6.44709488474902e+01
  2.22267535357721e+02  6.43482289990080e+01
  2.23837225552053e+02  6.42055800139258e+01
  2.25406451413836e+02  6.40409375909494e+01
  2.26975236169228e+02  6.38520329482508e+01
  2.28543597872678e+02  6.36363652615057e+01
  2.30111548313386e+02  6.33911683821562e+01
  2.31679091857485e+02  6.31133702927502e+01
  2.33246224221864e+02  6.27995432434336e+01
  2.34812931181142e+02  6.24458410358451e+01
  2.36379187198791e+02  6.20479189141434e+01
  2.37944953958361e+02  6.16008306009608e+01
  2.39510178777678e+02  6.10988935685005e+01
  2.41074792891680e+02  6.05355085782640e+01
  2.42638709604557e+02  5.99029097700816e+01
  2.44201822337882e+02  5.91918034206427e+01
  2.45764002657768e+02  5.83908166215287e+01
  2.47325098363853e+02  5.74856469912538e+01
  2.48884932159045e+02  5.64577697323575e+01
  2.50443303347352e+02  5.52823488714207e+01
  2.52000000000000e+02  5.39244897019438e+01
  0.00000000000000e+00  5.52459138203520e+01
  1.55766218360824e+00  5.65559509177121e+01
  3.11707674993223e+00  5.76926889395865e+01
  4.67799387870531e+00  5.86883299406090e+01
  6.24019342111805e+00  5.95661255441876e+01
  7.80348742823584e+00  6.03435864493523e+01
  9.36771756426149e+00  6.10343234734041e+01
  1.09327516584569e+01  6.16492126250300e+01
  1.24984806607647e+01  6.21971737663113e+01
  1.40648160268576e+01  6.26856803180584e+01
  1.56316873933150e+01  6.31210955332691e+01
  1.71990405127412e+01  6.35089066594479e+01
  1.87668354133393e+01  6.38538949998620e+01
  2.03350447476509e+01  6.41602634912119e+01
  2.19036522949174e+01  6.44317345893411e+01
  2.34726515870506e+01  6.46716266822130e+01
  2.50420446265417e+01  6.48829140856460e+01
  2.66118406820607e+01  6.50682748733480e+01
  2.81820551593485e+01  6.52301298706755e+01
  2.97527085407890e+01  6.53706747440478e+01
  3.13238253900015e+01  6.54919066395729e+01
  3.28954334200400e+01  6.55956464844445e+01
  3.44675626251983e+01  6.56835578094920e+01
  3.60402444783319e+01  6.57571628080313e+01
  3.76135111983482e+01  6.58178562905398e+01
  3.91873950851438e+01  6.58669177585531e+01
  4.07619279215233e+01  6.59055218876340e+01
  4.23371404425495e+01  6.59347477048855e+01
  4.39130618722604e+01  6.59555866919695e+01
  4.54897195271372e+01  6.59689500034417e+01
  4.70671384846671e+01  6.59756749411838e+01
  4.86453413112091e+01  6.59765306747006e+01
  5.02243478477462e+01  6.59722233647365e+01
  5.18041750521928e+01  6.59634008409337e+01
  5.33848368945809e+01  6.59506568970135e+01
  5.49663443009992e+01  6.59345352540381e+01
  5.65487051418090e+01  6.59155332317309e+01
  5.81319242594030e+01  6.58941051590286e+01
  5.97160035305513e+01  6.58706655452304e+01
  6.13009419186566e+01  6.58455906540713e+01
  6.28867355587782e+01  6.58192201157674e+01
  6.44733778987487e+01  6.57918595255561e+01
  6.60608598591820e+01  6.57637829071225e+01
  6.76491700080527e+01  6.57352350513546e+01
  6.92382947457599e+01  6.57064337383765e+01
  7.08282184968802e+01  6.56775718488694e+01
  7.24189239051411e+01  6.56488193692118e+01
  7.40103920284940e+01  6.56203252938792e+01
  7.56026025315408e+01  6.55922194277751e+01
  7.71955338729375e+01  6.55646140906581e+01
  7.87891634857701e+01  6.55376057255427e+01
  8.03834679492569e+01  6.55112764128454e+01
  8.19784231504762e+01  6.54856952920701e+01
  8.35740044351318e+01  6.54609198929624e+01
  8.51701867466649e+01  6.54369973782582e+01
  8.67669447532835e+01  6.54139657003981e+01
  8.83642529627098e+01  6.53918546748381e+01
  8.99620858246504e+01  6.53706869728477e+01
  9.15604178211622e+01  6.53504790369269e+01
  9.31592235452289e+01  6.53312419221857e+01
  9.47584777679770e+01  6.53129820672028e+01
  9.63581554950469e+01  6.52957019980121e+01
  9.79582320127022e+01  6.52794009689507e+01
  9.95586829243043e+01  6.52640755441392e+01
  1.01159484177807e+02  6.52497201233659e+01
  1.02760612084941e+02  6.52363274160972e+01
  1.04362043332752e+02  6.52238888672547e+01
  1.05963754988163e+02  6.52123950382862e+01
  1.07565724496185e+02  6.52018359469118e+01
  1.09167929672411e+02  6.51922013687576e+01
  1.10770348690378e+02  6.51834811039040e+01
  1.12372960064355e+02  6.51756652111706e+01
  1.13975742628091e+02  6.51687442127428e+01
  1.15578675510019e+02  6.51627092715221e+01
  1.17181738105389e+02  6.51575523433504e+01
  1.18784910045753e+02  6.51532663060200e+01
  1.20388171166229e+02  6.51498450667473e+01
  1.21991501470925e+02  6.51472836495439e+01
  1.23594881096879e+02  6.51455782636810e+01
  1.25198290276875e+02  6.51447263542039e+01
  1.26801709301465e+02  6.51447266352096e+01
  1.28405118480505e+02  6.51455791063674e+01
  1.30008498104550e+02  6.51472850529189e+01
  1.31611828406395e+02  6.51498470291581e+01
  1.33215089523090e+02  6.51532688251526e+01
  1.34818261458760e+02  6.51575554162304e+01
  1.36421324048546e+02  6.51627128945153e+01
  1.38024256924026e+02  6.51687483815554e+01
  1.39627039480479e+02  6.51756699208509e+01
  1.41229650846375e+02  6.51834863488425e+01
  1.42832069855501e+02  6.51922071426890e+01
  1.44434275022170e+02  6.52018422429166e+01
  1.46036244519966e+02  6.52124018487923e+01
  1.47637956164534e+02  6.52238961840403e+01
  1.49239387400941e+02  6.52363352302935e+01
  1.50840515296167e+02  6.52497284254606e+01
  1.52441316537325e+02  6.52640843239803e+01
  1.54041767436211e+02  6.52794102157518e+01
  1.55641843940850e+02  6.52957117003579e+01
  1.57241521654678e+02  6.53129922130553e+01
  1.58840775864035e+02  6.53312524988925e+01
  1.60439581574644e+02  6.53504900312297e+01
  1.62037913557712e+02  6.53706983708923e+01
  1.63635746406311e+02  6.53918664621864e+01
  1.65233054602585e+02  6.54139778620410e+01
  1.66829812596331e+02  6.54370098986307e+01
  1.68425994895361e+02  6.54609327559604e+01
  1.70021576167977e+02  6.54857084810693e+01
  1.71616531357712e+02  6.55112899107224e+01
  1.73210835810361e+02  6.55376195146983e+01
  1.74804465413097e+02  6.55646281530430e+01
  1.76397396745227e+02  6.55922337449188e+01
  1.77989607239926e+02  6.56203398469202e+01
  1.79581075355937e+02  6.56488341389317e+01
  1.81171780757944e+02  6.56775868157287e+01
  1.82761704503977e+02  6.57064488825535e+01
  1.84350829237837e+02  6.57352503527868e+01
  1.85939139384169e+02  6.57637983455500e+01
  1.87526621343433e+02  6.57918750805670e+01
  1.89113263683659e+02  6.58192357668456e+01
  1.90699057325505e+02  6.58456063806452e+01
  1.92283995716843e+02  6.58706813267222e+01
  1.93868074992759e+02  6.58941209749049e+01
  1.95451294116674e+02  6.59155490615521e+01
  1.97033654965367e+02  6.59345510775066e+01
  1.98615162381227e+02  6.59506726940187e+01
  2.00195824234600e+02  6.59634165915947e+01
  2.01775651451553e+02  6.59722390494402e+01
  2.03354658002079e+02  6.59765462741360e+01
  2.04932860844048e+02  6.59756904363690e+01
  2.06510279818385e+02  6.59689653757436e+01
  2.08086937491382e+02  6.59556019231147e+01
  2.09662858940450e+02  6.59347627769598e+01
  2.11238071481986e+02  6.59055367830696e+01
  2.12812604339934e+02  6.58669324601008e+01
  2.14386488249259e+02  6.58178707812245e+01
  2.15959754992662e+02  6.57571770710871e+01
  2.17532436869930e+02  6.56835718282754e+01
  2.19104566099860e+02  6.55956602423213e+01
  2.20676174155195e+02  6.54919201197750e+01
  2.22247291030115e+02  6.53706879294959e+01
  2.23817944437563e+02  6.52301427437616e+01
  2.25388158941048e+02  6.50682874156727e+01
  2.26957955022847e+02  6.48829262777008e+01
  2.28527348088596e+02  6.46716385030015e+01
  2.30096347406865e+02  6.44317460159253e+01
  2.31664954980050e+02  6.41602744981720e+01
  2.33233164339969e+02  6.38539055586511e+01
  2.34800959265775e+02  6.35089167376209e+01
  2.36368312409919e+02  6.31211050935585e+01
  2.37935183800517e+02  6.26856893172608e+01
  2.39501519190080e+02  6.21971821539398e+01
  2.41067248215089e+02  6.16492203416698e+01
  2.42632282331108e+02  6.10343304486889e+01
  2.44196512487958e+02  6.03435925994444e+01
  2.45759806514760e+02  5.95661307685850e+01
  2.47322006075558e+02  5.86883341179930e+01
  2.48882923221247e+02  5.76926919222216e+01
  2.50442337802849e+02  5.65559525234756e+01
  2.52000000000000e+02  5.52459138203520e+01
  0.00000000000000e+00  5.66111153528571e+01
  1.55872581189370e+00  5.78698912677488e+01
  3.11924597504391e+00  5.89645907466552e+01
  4.68128531052012e+00  5.99248697378485e+01
  6.24461127089971e+00  6.07724309641899e+01
  7.80902963311114e+00  6.15237665847623e+01
  9.37437883472687e+00  6.21917769584315e+01
  1.09405250028968e+01  6.27868179821072e+01
  1.25073580991145e+01  6.33174123882560e+01
  1.40747888512376e+01  6.37907195932457e+01
  1.56427461728556e+01  6.42128476119977e+01
  1.72111749565514e+01  6.45890715443227e+01
  1.87800341595135e+01  6.49239930704567e+01
  2.03492951196625e+01  6.52216606210333e+01
  2.19189400512456e+01  6.54856619125198e+01
  2.34889606806325e+01  6.57191964112850e+01
  2.50593569853444e+01  6.59251323869946e+01
  2.66301360183530e+01  6.61060525209192e+01
  2.82013108124078e+01  6.62642911928223e+01
  2.97728993559576e+01  6.64019652496128e+01
  3.13449236356167e+01  6.65209996146874e+01
  3.29174087426344e+01  6.66231487806739e+01
  3.44903820424361e+01  6.67100149905877e+01
  3.60638724083186e+01  6.67830637809544e+01
  3.76379095231691e+01  6.68436375127435e+01
  3.92125232461151e+01  6.68929670961596e+01
  4.07877430432695e+01  6.69321821826476e+01
  4.23635974826998e+01  6.69623200957177e+01
  4.39401137933263e+01  6.69843337210810e+01
  4.55173174869903e+01  6.69990985379641e+01
  4.70952320419843e+01  6.70074189266303e+01
  4.86738786423743e+01  6.70100337394697e+01
  5.02532759717196e+01  6.70076212880267e+01
  5.18334400599288e+01  6.70008038926766e+01
  5.34143841797573e+01  6.69901520564326e+01
  5.49961187890456e+01  6.69761883118746e+01
  5.65786515144813e+01  6.69593907799386e+01
  5.81619871724413e+01  6.69401964707633e+01
  5.97461278222661e+01  6.69190043472122e+01
  6.13310728085541e+01  6.68961768084617e+01
  6.29168188345376e+01  6.68720412113563e+01
  6.45033600895264e+01  6.68468923671120e+01
  6.60906883943161e+01  6.68209949040166e+01
  6.76787933605501e+01  6.67945855066513e+01
  6.92676625602420e+01  6.67678750398162e+01
  7.08572817019348e+01  6.67410505635241e+01
  7.24476348102722e+01  6.67142772440272e+01
  7.40387044060786e+01  6.66877001647879e+01
  7.56304716843854e+01  6.66614460405325e+01
  7.72229166881787e+01  6.66356248369931e+01
  7.88160184759844e+01  6.66103312986011e+01
  8.04097552817350e+01  6.65856463862227e+01
  8.20041046656739e+01  6.65616386269761e+01
  8.35990436553474e+01  6.65383653782238e+01
  8.51945488760030e+01  6.65158740079580e+01
  8.67905966699547e+01  6.64942029939665e+01
  8.83871632046929e+01  6.64733829443617e+01
  8.99842245697029e+01  6.64534375422577e+01
  9.15817568621163e+01  6.64343844175724e+01
  9.31797362614546e+01  6.64162359491019e+01
  9.47781390938309e+01  6.63990000001586e+01
  9.63769418860608e+01  6.63826805911720e+01
  9.79761214102018e+01  6.63672785127207e+01
  9.95756547190799e+01  6.63527918824956e+01
  1.01175519173400e+02  6.63392166496907e+01
  1.02775692461041e+02  6.63265470502721e+01
  1.04376152609157e+02  6.63147760165025e+01
  1.05976877989678e+02  6.63038955439948e+01
  1.07577847318812e+02  6.62938970194349e+01
  1.09179039651121e+02  6.62847715119629e+01
  1.10780434368718e+02  6.62765100310310e+01
  1.12382011166105e+02  6.62691037533655e+01
  1.13983750031165e+02  6.62625442214699e+01
  1.15585631222759e+02  6.62568235158905e+01
  1.17187635245379e+02  6.62519344032570e+01
  1.18789742821268e+02  6.62478704618911e+01
  1.20391934860409e+02  6.62446261865522e+01
  1.21994192428726e+02  6.62421970736684e+01
  1.23596496714881e+02  6.62405796881758e+01
  1.25198828995970e+02  6.62397717128619e+01
  1.26801170602456e+02  6.62397719808880e+01
  1.28403502882642e+02  6.62405804919384e+01
  1.30005807166995e+02  6.62421984122207e+01
  1.31608064732619e+02  6.62446280583164e+01
  1.33210256768188e+02  6.62478728646587e+01
  1.34812364339644e+02  6.62519373341891e+01
  1.36414368356990e+02  6.62568269715185e+01
  1.38016249542495e+02  6.62625481976964e+01
  1.39617988400679e+02  6.62691082454649e+01
  1.41219565190438e+02  6.62765150336510e+01
  1.42820959899690e+02  6.62847770191258e+01
  1.44422152222980e+02  6.62939030245392e+01
  1.46023121542466e+02  6.63039020398178e+01
  1.47623846912757e+02  6.63147829952024e+01
  1.49224307050117e+02  6.63265545033914e+01
  1.50824480326532e+02  6.63392245681596e+01
  1.52424344769215e+02  6.63528002566364e+01
  1.54023878066111e+02  6.63672873322529e+01
  1.55623057577990e+02  6.63826898452179e+01
  1.57221860357750e+02  6.63990096772500e+01
  1.58820263177521e+02  6.64162460371884e+01
  1.60418242564195e+02  6.64343949040301e+01
  1.62015774843965e+02  6.64534484138993e+01
  1.63612836196432e+02  6.64733941874485e+01
  1.65209402718811e+02  6.64942145942217e+01
  1.66805450500673e+02  6.65158859505815e+01
  1.68400955709593e+02  6.65383776479089e+01
  1.69995894687972e+02  6.65616512079287e+01
  1.71590244061144e+02  6.65856592621817e+01
  1.73183980856743e+02  6.66103444528614e+01
  1.74777082635099e+02  6.66356382524315e+01
  1.76369527630227e+02  6.66614596996350e+01
  1.77961294900738e+02  6.66877140496798e+01
  1.79552364489697e+02  6.67142913365062e+01
  1.81142717592212e+02  6.67410648450948e+01
  1.82732336729181e+02  6.67678894917281e+01
  1.84321205925316e+02  6.67946001099384e+01
  1.85909310889222e+02  6.68210096395390e+01
  1.87496639192969e+02  6.68469072156000e+01
  1.89083180448250e+02  6.68720561534555e+01
  1.90668926475904e+02  6.68961918247795e+01
  1.92253871465273e+02  6.69190194183653e+01
  1.93838012119615e+02  6.69402115774248e+01
  1.95421347783544e+02  6.69594059028852e+01
  1.97003880516408e+02  6.69762034320319e+01
  1.98585615134579e+02  6.69901671549174e+01
  2.00166559264732e+02  6.70008189508359e+01
  2.01746723364683e+02  6.70076362874740e+01
  2.03326120707153e+02  6.70100486621153e+01
  2.04904767322008e+02  6.70074337547061e+01
  2.06482681892754e+02  6.69991132540411e+01
  2.08059885603394e+02  6.69843483080771e+01
  2.09636401932150e+02  6.69623345368958e+01
  2.11212256390786e+02  6.69321964616007e+01
  2.12787476208136e+02  6.68929811967818e+01
  2.14362089952177e+02  6.68436514191841e+01
  2.15936127088927e+02  6.67830774775526e+01
  2.17509617477414e+02  6.67100284617857e+01
  2.19082590800424e+02  6.66231620109028e+01
  2.20655075931151e+02  6.65210125882251e+01
  2.22227100234919e+02  6.64019779504062e+01
  2.23798688802875e+02  6.62643036042702e+01
  2.25369863621535e+02  6.61060646256087e+01
  2.26940642679250e+02  6.59251441663831e+01
  2.28511039008677e+02  6.57192078453181e+01
  2.30081059662699e+02  6.54856729791733e+01
  2.31650704618751e+02  6.52216712957655e+01
  2.33219965603120e+02  6.49240033255512e+01
  2.34788824829973e+02  6.45890813480989e+01
  2.36357253637153e+02  6.42128569278592e+01
  2.37925210981768e+02  6.37907283785271e+01
  2.39492641756316e+02  6.33174205928163e+01
  2.41059474874298e+02  6.27868255466013e+01
  2.42625621063469e+02  6.21917838121648e+01
  2.44190970285204e+02  6.15237726429981e+01
  2.45755388666514e+02  6.07724361247116e+01
  2.47318714644808e+02  5.99248738764674e+01
  2.48880753996822e+02  5.89645937111434e+01
  2.50441274174926e+02  5.78698928692579e+01
  2.52000000000000e+02  5.66111153528571e+01
  0.00000000000000e+00  5.80194372186564e+01
  1.55987881142600e+00  5.92235116917245e+01
  3.12156198719256e+00  6.02728360268520e+01
  4.68475975764296e+00  6.11946524561965e+01
  6.24923340874220e+00  6.20091463670615e+01
  7.81478638062393e+00  6.27317855388291e+01
  9.38125653169747e+00  6.33747402791408e+01
  1.09485101538764e+01  6.39478227330933e+01
  1.25164375888302e+01  6.44591349717867e+01
  1.40849498752831e+01  6.49155007027516e+01
  1.56539760180561e+01  6.53227534013937e+01
  1.72234607075973e+01  6.56859391607696e+01
  1.87933623764791e+01  6.60094654256305e+01
  2.03636515128255e+01  6.62972134766123e+01
  2.19343091692834e+01  6.65526253299978e+01
  2.35053256223314e+01  6.67787719934733e+01
  2.50766991417707e+01  6.69784073537557e+01
  2.66484348501275e+01  6.71540113765115e+01
  2.82205436648387e+01  6.73078255334664e+01
  2.97930413135973e+01  6.74418821253046e+01
  3.13659474168386e+01  6.75580287589992e+01
  3.29392846339918e+01  6.76579489466270e+01
  3.45130778718307e+01  6.77431795734981e+01
  3.60873535553280e+01  6.78151258647979e+01
  3.76621389642243e+01  6.78750744412146e+01
  3.92374616319042e+01  6.79242046500521e+01
  4.08133488054302e+01  6.79635984273376e+01
  4.23898269665827e+01  6.79942489478079e+01
  4.39669214134179e+01  6.80170682721730e+01
  4.55446559014671e+01  6.80328941651170e+01
  4.71230523428365e+01  6.80424962129002e+01
  4.87021305576540e+01  6.80465812247176e+01
  5.02819080765055e+01  6.80457980650265e+01
  5.18623999926800e+01  6.80407420596033e+01
  5.34436188609112e+01  6.80319590346098e+01
  5.50255746389315e+01  6.80199490359169e+01
  5.66082746678743e+01  6.80051697660068e+01
  5.81917236873505e+01  6.79880397674665e+01
  5.97759238808455e+01  6.79689413727294e+01
  6.13608749090726e+01  6.79482220867878e+01
  6.29465739727582e+01  6.79261960093489e+01
  6.45330159276238e+01  6.79031462266354e+01
  6.61201934163805e+01  6.78793270710824e+01
  6.77080970140112e+01  6.78549662593618e+01
  6.92967153828265e+01  6.78302669170055e+01
  7.08860354340276e+01  6.78054094962270e+01
  7.24760424927828e+01  6.77805535922423e+01
  7.40667204641276e+01  6.77558396623890e+01
  7.56580519972989e+01  6.77313906515810e+01
  7.72500186464345e+01  6.77073135270840e+01
  7.88426010258700e+01  6.76837007252113e+01
  8.04357789585700e+01  6.76606315123070e+01
  8.20295316165162e+01  6.76381732622716e+01
  8.36238376521407e+01  6.76163826528662e+01
  8.52186753201430e+01  6.75953067830882e+01
  8.68140225892497e+01  6.75749842140211e+01
  8.84098572436786e+01  6.75554459356900e+01
  9.00061569742410e+01  6.75367162626117e+01
  9.16028994591670e+01  6.75188136608702e+01
  9.32000624348634e+01  6.75017515096864e+01
  9.47976237569169e+01  6.74855388005617e+01
  9.63955614517389e+01  6.74701807771654e+01
  9.79938537593083e+01  6.74556795191863e+01
  9.95924791675153e+01  6.74420344733973e+01
  1.01191416438642e+02  6.74292429351684e+01
  1.02790644628530e+02  6.74173004836272e+01
  1.04390143098990e+02  6.74062013735929e+01
  1.05989891524013e+02  6.73959388873162e+01
  1.07589869890329e+02  6.73865056489386e+01
  1.09190058492839e+02  6.73778939044433e+01
  1.10790437925431e+02  6.73700957697150e+01
  1.12390989067674e+02  6.73631034491535e+01
  1.13991693067850e+02  6.73569094271069e+01
  1.15592531322765e+02  6.73515066341955e+01
  1.17193485454748e+02  6.73468885904034e+01
  1.18794537286250e+02  6.73430495266102e+01
  1.20395668812383e+02  6.73399844860305e+01
  1.21996862171772e+02  6.73376894068210e+01
  1.23598099616051e+02  6.73361611869054e+01
  1.25199363478307e+02  6.73353977318582e+01
  1.26800636140792e+02  6.73353979864756e+01
  1.28401900002197e+02  6.73361619504578e+01
  1.30003137444780e+02  6.73376906784083e+01
  1.31604330801634e+02  6.73399862641530e+01
  1.33205462324405e+02  6.73430518091688e+01
  1.34806514151735e+02  6.73468913746998e+01
  1.36407468278757e+02  6.73515099169331e+01
  1.38008306527942e+02  6.73569132043916e+01
  1.39609010521649e+02  6.73631077164947e+01
  1.41209561656716e+02  6.73701005220268e+01
  1.42809941081460e+02  6.73778991360459e+01
  1.44410129675489e+02  6.73865113535603e+01
  1.46010108032734e+02  6.73959450580959e+01
  1.47609856448142e+02  6.74062080030822e+01
  1.49209354908493e+02  6.74173075637943e+01
  1.50808583087833e+02  6.74292504574011e+01
  1.52407520348029e+02  6.74420424285078e+01
  1.54006145744984e+02  6.74556878974165e+01
  1.55604438041042e+02  6.74701895681924e+01
  1.57202375724161e+02  6.74855479935049e+01
  1.58799937034389e+02  6.75017610931153e+01
  1.60397099998209e+02  6.75188236228137e+01
  1.61993842471282e+02  6.75367265905682e+01
  1.63590142190091e+02  6.75554566166391e+01
  1.65185976832944e+02  6.75749952344369e+01
  1.66781324090732e+02  6.75953181289541e+01
  1.68376161747754e+02  6.76163943096913e+01
  1.69970467772816e+02  6.76381852151099e+01
  1.71564220420701e+02  6.76606437457767e+01
  1.73157398343920e+02  6.76837132235183e+01
  1.74749980714536e+02  6.77073262740464e+01
  1.76341947355593e+02  6.77314036306559e+01
  1.77933278881503e+02  6.77558528567020e+01
  1.79523956846478e+02  6.77805669846191e+01
  1.81113963899827e+02  6.78054230692269e+01
  1.82703283946651e+02  6.78302806529579e+01
  1.84291902312183e+02  6.78549801404042e+01
  1.85879805907681e+02  6.78793410792002e+01
  1.87466983395508e+02  6.79031603437043e+01
  1.89053425350692e+02  6.79262102171774e+01
  1.90639124415982e+02  6.79482363671620e+01
  1.92224075447130e+02  6.79689557074575e+01
  1.93808275644885e+02  6.79880541384235e+01
  1.95391724669975e+02  6.80051841551792e+01
  1.96974424705890e+02  6.80199634254452e+01
  1.98556380492236e+02  6.80319734068275e+01
  2.00137599370134e+02  6.80407563970742e+01
  2.01718091297294e+02  6.80458123505770e+01
  2.03297868828417e+02  6.80465954414653e+01
  2.04876947056752e+02  6.80425103442759e+01
  2.06455343512834e+02  6.80329081948797e+01
  2.08033078016735e+02  6.80170821844165e+01
  2.09610172480495e+02  6.79942627269564e+01
  2.11186650659573e+02  6.79636120581301e+01
  2.12762537851948e+02  6.79242181175123e+01
  2.14337860539317e+02  6.78750877306047e+01
  2.15912645968654e+02  6.78151389615536e+01
  2.17486921673255e+02  6.77431924631414e+01
  2.19060714932769e+02  6.76579616146542e+01
  2.20634052172073e+02  6.75580411907389e+01
  2.22206958297851e+02  6.74418943057424e+01
  2.23779455969439e+02  6.73078374470288e+01
  2.25351564807184e+02  6.71540230068043e+01
  2.26923300538691e+02  6.69784186832469e+01
  2.28494674081316e+02  6.67787830031114e+01
  2.30065690557505e+02  6.65526359987529e+01
  2.31636348236982e+02  6.62972237809250e+01
  2.33206637396155e+02  6.60094753387473e+01
  2.34776539087597e+02  6.56859486519429e+01
  2.36346023799365e+02  6.53227624349105e+01
  2.37915049963959e+02  6.49155092367513e+01
  2.39483562271751e+02  6.44591429568098e+01
  2.41051489727481e+02  6.39478301102858e+01
  2.42618743369777e+02  6.33747469780103e+01
  2.44185213540195e+02  6.27317914744085e+01
  2.45750766530513e+02  6.20091514362644e+01
  2.47315240198970e+02  6.11946565330329e+01
  2.48878437985497e+02  6.02728389559586e+01
  2.50440121175814e+02  5.92235132792570e+01
  2.52000000000000e+02  5.80194372186564e+01
  0.00000000000000e+00  5.94700022356333e+01
  1.56111269764083e+00  6.06159586987797e+01
  3.12401159065348e+00  6.16166144439346e+01
  4.68840144705970e+00  6.24969155232468e+01
  6.25404281926762e+00  6.32755570190124e+01
  7.82074030759474e+00  6.39669748420474e+01
  9.38833357305078e+00  6.45825889784495e+01
  1.09566907674462e+01  6.51316439281490e+01
  1.25257038643222e+01  6.56217975551103e+01
  1.40952851690247e+01  6.60595162870744e+01
  1.56653645308872e+01  6.64503399735897e+01
  1.72358870497575e+01  6.67990690873037e+01
  1.88068111434534e+01  6.71099024638900e+01
  2.03781068852348e+01  6.73865417999051e+01
  2.19497545441888e+01  6.76322726211937e+01
  2.35217432803462e+01  6.78500280694322e+01
  2.50940699530863e+01  6.80424394044061e+01
  2.66667380215019e+01  6.82118766153162e+01
  2.82397565285567e+01  6.83604818422894e+01
  2.98131391587706e+01  6.84901971351529e+01
  3.13869033628139e+01  6.86027877016324e+01
  3.29610695450465e+01  6.86998615314179e+01
  3.45356603117776e+01  6.87828860829846e+01
  3.61106997801048e+01  6.88532026154131e+01
  3.76862129499892e+01  6.89120387187903e+01
  3.92622251359054e+01  6.89605192081418e+01
  4.08387614566472e+01  6.89996756173489e+01
  4.24158463828998e+01  6.90304545344936e+01
  4.39935033419307e+01  6.90537249763984e+01
  4.55717543784323e+01  6.90702849670200e+01
  4.71506198697580e+01  6.90808674420368e+01
  4.87301182901155e+01  6.90861454598029e+01
  5.03102660224047e+01  6.90867368606947e+01
  5.18910772166200e+01  6.90832085137091e+01
  5.34725636916807e+01  6.90760802072213e+01
  5.50547348772238e+01  6.90658282292356e+01
  5.66375977916328e+01  6.90528886728536e+01
  5.82211570523929e+01  6.90376604946105e+01
  5.98054149146903e+01  6.90205083441354e+01
  6.13903712967371e+01  6.90017638354940e+01
  6.29760238329149e+01  6.89817268615319e+01
  6.45623679773946e+01  6.89606678775444e+01
  6.61493971237895e+01  6.89388300554857e+01
  6.77371027373928e+01  6.89164313188791e+01
  6.93254744967431e+01  6.88936662666524e+01
  7.09145004414968e+01  6.88707079926333e+01
  7.25041671238409e+01  6.88477098062594e+01
  7.40944597609544e+01  6.88248068591233e+01
  7.56853623863062e+01  6.88021176812311e+01
  7.72768579978657e+01  6.87797456302865e+01
  7.88689287015812e+01  6.87577802568906e+01
  8.04615558487556e+01  6.87362985882652e+01
  8.20547201662103e+01  6.87153663329349e+01
  8.36484018783717e+01  6.86950390087251e+01
  8.52425808206430e+01  6.86753629964305e+01
  8.68372365436273e+01  6.86563765215563e+01
  8.84323484079541e+01  6.86381105666181e+01
  9.00278956696212e+01  6.86205897165898e+01
  9.16238575559041e+01  6.86038329401958e+01
  9.32202133320017e+01  6.85878543098451e+01
  9.48169423586857e+01  6.85726636630921e+01
  9.64140241412972e+01  6.85582672085753e+01
  9.80114383704961e+01  6.85446680794258e+01
  9.96091649552131e+01  6.85318668371534e+01
  1.01207184048284e+02  6.85198619290059e+01
  1.02805476065265e+02  6.85086501017570e+01
  1.04404021696939e+02  6.84982267748132e+01
  1.06002801916015e+02  6.84885863754445e+01
  1.07601797978532e+02  6.84797226388312e+01
  1.09200991420439e+02  6.84716288754945e+01
  1.10800364049841e+02  6.84642982085333e+01
  1.12399897935349e+02  6.84577237829366e+01
  1.13999575390983e+02  6.84518989490689e+01
  1.15599378958015e+02  6.84468174222566e+01
  1.17199291384166e+02  6.84424734202162e+01
  1.18799295600508e+02  6.84388617798827e+01
  1.20399374696426e+02  6.84359780550027e+01
  1.21999511892973e+02  6.84338185956659e+01
  1.23599690514926e+02  6.84323806107545e+01
  1.25199893961852e+02  6.84316622140944e+01
  1.26800105678469e+02  6.84316624548955e+01
  1.28400309124598e+02  6.84323813328739e+01
  1.30000487744960e+02  6.84338197982522e+01
  1.31600624939131e+02  6.84359797366370e+01
  1.33200704031899e+02  6.84388639385788e+01
  1.34800708244330e+02  6.84424760534212e+01
  1.36400620665831e+02  6.84468205268519e+01
  1.38000424227494e+02  6.84519025213708e+01
  1.39600101677067e+02  6.84577278186971e+01
  1.41199635555852e+02  6.84643027029417e+01
  1.42799008177902e+02  6.84716338231789e+01
  1.44398201611865e+02  6.84797280338608e+01
  1.45997197665887e+02  6.84885922113311e+01
  1.47595977875961e+02  6.84982330445144e+01
  1.49194523498172e+02  6.85086567976800e+01
  1.50792815505282e+02  6.85198690430103e+01
  1.52390834588125e+02  6.85318743605562e+01
  1.53988561162317e+02  6.85446760030066e+01
  1.55585975380751e+02  6.85582755225820e+01
  1.57183057152421e+02  6.85726723572479e+01
  1.58779786168053e+02  6.85878633733565e+01
  1.60376141933055e+02  6.86038423617617e+01
  1.61972103808267e+02  6.86205994844114e+01
  1.63567651058962e+02  6.86381206684105e+01
  1.65162762912486e+02  6.86563869445619e+01
  1.66757418624913e+02  6.86753737274332e+01
  1.68351597556946e+02  6.86950500340667e+01
  1.69945279259265e+02  6.87153776385334e+01
  1.71538443567349e+02  6.87363101596341e+01
  1.73131070705699e+02  6.87577920791615e+01
  1.74723141401212e+02  6.87797576882327e+01
  1.76314637005264e+02  6.88021299592940e+01
  1.77905539623874e+02  6.88248193414402e+01
  1.79495832255080e+02  6.88477224766942e+01
  1.81085498932417e+02  6.88707208348088e+01
  1.82674524873127e+02  6.88936792639851e+01
  1.84262896629453e+02  6.89164444546155e+01
  1.85850602241106e+02  6.89388433127403e+01
  1.87437631386671e+02  6.89606812393398e+01
  1.89023975531483e+02  6.89817403108396e+01
  1.90609628069190e+02  6.90017773552762e+01
  1.92194584453991e+02  6.90205219173876e+01
  1.93778842320286e+02  6.90376741044034e+01
  1.95362401586301e+02  6.90529023023755e+01
  1.96945264507226e+02  6.90658418618316e+01
  1.98527435700541e+02  6.90760938264303e+01
  2.00108922184616e+02  6.90832221032977e+01
  2.01689733389068e+02  6.90867504046878e+01
  2.03269881132786e+02  6.90861589425090e+01
  2.04849379565727e+02  6.90808808480684e+01
  2.06428245070744e+02  6.90702982813063e+01
  2.08006496121992e+02  6.90537381841905e+01
  2.09584153096765e+02  6.90304676213590e+01
  2.11161238039688e+02  6.89996885691547e+01
  2.12737774377957e+02  6.89605320110244e+01
  2.14313786582183e+02  6.89120513591096e+01
  2.15889299771079e+02  6.88532150796881e+01
  2.17464339259038e+02  6.87828983578078e+01
  2.19038930045938e+02  6.86998736033445e+01
  2.20613096248791e+02  6.86027995570419e+01
  2.22186860473824e+02  6.84902087600755e+01
  2.23760243125314e+02  6.83604932221942e+01
  2.25333261653852e+02  6.82118877348525e+01
  2.26905929743880e+02  6.80424502470901e+01
  2.28478256438289e+02  6.78500386172684e+01
  2.30050245196100e+02  6.76322828542187e+01
  2.31621892876625e+02  6.73865516956369e+01
  2.33193188639833e+02  6.71099119966632e+01
  2.34764112754746e+02  6.67990782274639e+01
  2.36334635294564e+02  6.64503486865127e+01
  2.37904714677042e+02  6.60595245319660e+01
  2.39474296001959e+02  6.56218052835255e+01
  2.41043309118574e+02  6.51316510821492e+01
  2.42611666332144e+02  6.45825954882863e+01
  2.44179259616103e+02  6.39669806232156e+01
  2.45745957122127e+02  6.32755619684436e+01
  2.47311598511056e+02  6.24969195142911e+01
  2.48875988382993e+02  6.16166173195645e+01
  2.50438887290076e+02  6.06159602620579e+01
  2.52000000000000e+02  5.94700022356333e+01
  0.00000000000000e+00  6.09617057792416e+01
  1.56241929918601e+00  6.20461777883539e+01
  3.12658202396975e+00  6.29949394635582e+01
  4.69219510725647e+00  6.38307429948658e+01
  6.25902303748334e+00  6.45708151704376e+01
  7.82687463935629e+00  6.52285507321287e+01
  9.39559349261728e+00  6.58145984830021e+01
  1.09650511310924e+01  6.63376113645675e+01
  1.25351422941800e+01  6.68047797763358e+01
  1.41057814267598e+01  6.72221917456777e+01
  1.56768999158586e+01  6.75950749217467e+01
  1.72484438372472e+01  6.79279680467083e+01
  1.88203720689068e+01  6.82248474259835e+01
  2.03926546759413e+01  6.84892231185131e+01
  2.19652714981841e+01  6.87242136736558e+01
  2.35382108919638e+01  6.89326051932572e+01
  2.51114685849617e+01  6.91168982397060e+01
  2.66850466228487e+01  6.92793456906315e+01
  2.82589523992246e+01  6.94219840206332e+01
  2.98331977584148e+01  6.95466593875576e+01
  3.14077981642070e+01  6.96550495624886e+01
  3.29827719301878e+01  6.97486825044062e+01
  3.45581395090438e+01  6.98289522019601e+01
  3.61339228402507e+01  6.98971323153577e+01
  3.77101447583538e+01  6.99543881338454e+01
  3.92868284579727e+01  7.00017869904311e+01
  4.08639970138835e+01  7.00403073502616e+01
  4.24416729555964e+01  7.00708467980869e+01
  4.40198778956493e+01  7.00942291105355e+01
  4.55986322105868e+01  7.01112105687425e+01
  4.71779547728702e+01  7.01224856268455e+01
  4.87578627283910e+01  7.01286919118136e+01
  5.03383713183412e+01  7.01304146914303e+01
  5.19194937444688e+01  7.01281909454694e+01
  5.35012410747641e+01  7.01225130944385e+01
  5.50836221863222e+01  7.01138324291531e+01
  5.66666437418913e+01  7.01025622751169e+01
  5.82503101964483e+01  7.00890809178149e+01
  5.98346238299780e+01  7.00737343059495e+01
  6.14195847655837e+01  7.00568372009015e+01
  6.30051910138386e+01  7.00386743746266e+01
  6.45914385660390e+01  7.00195027819040e+01
  6.61783215024900e+01  6.99995536064448e+01
  6.77658321126326e+01  6.99790341905755e+01
  6.93539610240030e+01  6.99581298565590e+01
  7.09426973372391e+01  6.99370056263358e+01
  7.25320287645820e+01  6.99158078454377e+01
  7.41219417695766e+01  6.98946657159639e+01
  7.57124217059319e+01  6.98736927427943e+01
  7.73034529537602e+01  6.98529880966352e+01
  7.88950190516723e+01  6.98326378970371e+01
  8.04871028234534e+01  6.98127164181968e+01
  8.20796864982806e+01  6.97932872201273e+01
  8.36727518236683e+01  6.97744042076517e+01
  8.52662801705327e+01  6.97561126196141e+01
  8.68602526299540e+01  6.97384499507034e+01
  8.84546501013865e+01  6.97214468083189e+01
  9.00494533722122e+01  6.97051277069729e+01
  9.16446431886651e+01  6.96895118027898e+01
  9.32402003182610e+01  6.96746135707406e+01
  9.48361056039593e+01  6.96604434273084e+01
  9.64323400103567e+01  6.96470083013313e+01
  9.80288846622715e+01  6.96343121557970e+01
  9.96257208761166e+01  6.96223564633704e+01
  1.01222830184496e+02  6.96111406384197e+01
  1.02820194354473e+02  6.96006624282673e+01
  1.04417795399970e+02  6.95909182663315e+01
  1.06015615588766e+02  6.95819035897434e+01
  1.07613637444544e+02  6.95736131239231e+01
  1.09211843744442e+02  6.95660411364840e+01
  1.10810217512540e+02  6.95591816627010e+01
  1.12408742009699e+02  6.95530287046381e+01
  1.14007400720155e+02  6.95475764058770e+01
  1.15606177335253e+02  6.95428192036270e+01
  1.17205055734673e+02  6.95387519598298e+01
  1.18804019965503e+02  6.95353700727017e+01
  1.20403054219481e+02  6.95326695699793e+01
  1.22002142808718e+02  6.95306471849568e+01
  1.23601270140189e+02  6.95293004162236e+01
  1.25200420689297e+02  6.95286275718303e+01
  1.26799578972763e+02  6.95286277984290e+01
  1.28398729521126e+02  6.95293010957526e+01
  1.29997856851113e+02  6.95306483166144e+01
  1.31596945438133e+02  6.95326711524300e+01
  1.33195979689172e+02  6.95353721040759e+01
  1.34794943916354e+02  6.95387544377247e+01
  1.36393822311435e+02  6.95428221251073e+01
  1.37992598921524e+02  6.95475797674756e+01
  1.39591257626327e+02  6.95530325023572e+01
  1.41189782117215e+02  6.95591858920137e+01
  1.42788155878458e+02  6.95660457923355e+01
  1.44386362170949e+02  6.95736182007330e+01
  1.45984384018807e+02  6.95819090814077e+01
  1.47582204199211e+02  6.95909241662258e+01
  1.49179805235890e+02  6.96006687292498e+01
  1.50777169396670e+02  6.96111473328352e+01
  1.52374278695522e+02  6.96223635430543e+01
  1.53971114899564e+02  6.96343196120810e+01
  1.55567659541456e+02  6.96470161250489e+01
  1.57163893937669e+02  6.96604516088021e+01
  1.58759799213082e+02  6.96746220998693e+01
  1.60355356332356e+02  6.96895206689380e+01
  1.61950546138514e+02  6.97051368990606e+01
  1.63545349399139e+02  6.97214563148128e+01
  1.65139746860532e+02  6.97384597596298e+01
  1.66733719310146e+02  6.97561227185732e+01
  1.68327247647504e+02  6.97744145838330e+01
  1.69920312963757e+02  6.97932978603276e+01
  1.71512896629892e+02  6.98127273088392e+01
  1.73104980393492e+02  6.98326490241921e+01
  1.74696546483804e+02  6.98529994460438e+01
  1.76287577724681e+02  6.98737042998933e+01
  1.77878057654799e+02  6.98946774659125e+01
  1.79467970654334e+02  6.99158197731469e+01
  1.81057302077056e+02  6.99370177164993e+01
  1.82646038386567e+02  6.99581420936859e+01
  1.84234167295160e+02  6.99790465590254e+01
  1.85821677903522e+02  6.99995660904635e+01
  1.87408560839233e+02  7.00195153656615e+01
  1.88994808391770e+02  7.00386870422554e+01
  1.90580414641471e+02  7.00568499365367e+01
  1.92165375579657e+02  7.00737470937684e+01
  1.93749689216918e+02  7.00890937420765e+01
  1.95333355676369e+02  7.01025751202016e+01
  1.96916377237998e+02  7.01138452795995e+01
  1.98498758356776e+02  7.01225259349776e+01
  2.00080505695440e+02  7.01282037610560e+01
  2.01661628131065e+02  7.01304274672711e+01
  2.03242136731613e+02  7.01287046333905e+01
  2.04822044698797e+02  7.01224982799336e+01
  2.06401367273766e+02  7.01112231394217e+01
  2.07980121602364e+02  7.00942415851937e+01
  2.09558326556997e+02  7.00708591634141e+01
  2.11136002514148e+02  7.00403195932325e+01
  2.12713171086291e+02  7.00017990982753e+01
  2.14289854802867e+02  6.99544000940019e+01
  2.15866076738579e+02  6.98971441154121e+01
  2.17441860087973e+02  6.98289638295614e+01
  2.19017227685519e+02  6.97486939471588e+01
  2.20592201470616e+02  6.96550608078169e+01
  2.22166801895876e+02  6.95466704225374e+01
  2.23741047274813e+02  6.94219948317846e+01
  2.25314953071141e+02  6.92793562636655e+01
  2.26888531129119e+02  6.91169085592174e+01
  2.28461788842280e+02  6.89326152423519e+01
  2.30034728256234e+02  6.87242234335008e+01
  2.31607345098602e+02  6.84892325677915e+01
  2.33179627725657e+02  6.82248565402336e+01
  2.34751555977179e+02  6.79279767975209e+01
  2.36323099918217e+02  6.75950832757839e+01
  2.37894218426697e+02  6.72221996634664e+01
  2.39464857578329e+02  6.68047872107741e+01
  2.41034948760073e+02  6.63376182590554e+01
  2.42604406416725e+02  6.58146047690821e+01
  2.44173125287582e+02  6.52285563264661e+01
  2.45740976906341e+02  6.45708199709026e+01
  2.47307804852574e+02  6.38307468753481e+01
  2.48873417950765e+02  6.29949422669340e+01
  2.50437580689063e+02  6.20461793166462e+01
  2.52000000000000e+02  6.09617057792416e+01
  0.00000000000000e+00  6.24932104891901e+01
  1.56379083083127e+00  6.35129113526822e+01
  3.12926107435068e+00  6.44066483619899e+01
  4.69612609989792e+00  6.51950669300517e+01
  6.26415828312709e+00  6.58939422635662e+01
  7.83317331857773e+00  6.65156167932459e+01
  9.40302055920546e+00  6.70699468789868e+01
  1.09735762710693e+01  6.75649702985512e+01
  1.25447389764210e+01  6.80073874019694e+01
  1.41164260508036e+01  6.84028875269416e+01
  1.56885710534679e+01  6.87563684009464e+01
  1.72611215593044e+01  6.90720917144766e+01
  1.88340373481692e+01  6.93537980008178e+01
  2.04072888571493e+01  6.96047941829034e+01
  2.19808558289014e+01  6.98280217837634e+01
  2.35547261094373e+01  7.00261110245096e+01
  2.51288945560594e+01  7.02014239487001e+01
  2.67033620350543e+01  7.03560893715064e+01
  2.82781345009413e+01  7.04920319041406e+01
  2.98532221470221e+01  7.06109962727945e+01
  3.14286386202595e+01  7.07145678517928e+01
  3.30044002959346e+01  7.08041901219458e+01
  3.45805256091583e+01  7.08811796091340e+01
  3.61570344423210e+01  7.09467387850868e+01
  3.77339475703206e+01  7.10019674069395e+01
  3.93112861595348e+01  7.10478724125176e+01
  4.08890713187103e+01  7.10853765669967e+01
  4.24673237010270e+01  7.11153260699871e+01
  4.40460631564616e+01  7.11384972964455e+01
  4.56253084333793e+01  7.11556028176273e+01
  4.72050769276237e+01  7.11672968105309e+01
  4.87853844738838e+01  7.11741798259072e+01
  5.03662451781710e+01  7.11768030464701e+01
  5.19476712905590e+01  7.11756721666208e+01
  5.35296731154169e+01  7.11712509453903e+01
  5.51122589560899e+01  7.11639644736572e+01
  5.66954350907712e+01  7.11542021877428e+01
  5.82792057761460e+01  7.11423206537826e+01
  5.98635732752353e+01  7.11286461382599e+01
  6.14485378690159e+01  7.11134756251524e+01
  6.30340978927398e+01  7.10970778888337e+01
  6.46202498197212e+01  7.10796955516472e+01
  6.62069883591350e+01  7.10615470192491e+01
  6.77943065648780e+01  7.10428283028164e+01
  6.93821959527215e+01  7.10237147359183e+01
  7.09706466231928e+01  7.10043625928311e+01
  7.25596473878483e+01  7.09849106142117e+01
  7.41491858968288e+01  7.09654814452591e+01
  7.57392487658262e+01  7.09461829908026e+01
  7.73298217008259e+01  7.09271096911583e+01
  7.89208896192202e+01  7.09083437221090e+01
  8.05124367661148e+01  7.08899561219842e+01
  8.21044468248634e+01  7.08720078485474e+01
  8.36969030210681e+01  7.08545507682116e+01
  8.52897882194734e+01  7.08376285800006e+01
  8.68830850133482e+01  7.08212776766286e+01
  8.84767758061104e+01  7.08055279450623e+01
  9.00708428850779e+01  7.07904035089601e+01
  9.16652684873563e+01  7.07759234154171e+01
  9.32600348579675e+01  7.07621022684953e+01
  9.48551243004129e+01  7.07489508120537e+01
  9.64505192199314e+01  7.07364764644304e+01
  9.80462021597666e+01  7.07246838075402e+01
  9.96421558308018e+01  7.07135750329543e+01
  1.01238363134946e+02  7.07031503475079e+01
  1.02834807182679e+02  7.06934083409443e+01
  1.04431471305172e+02  7.06843463180433e+01
  1.06028339061398e+02  7.06759605976110e+01
  1.07625394240657e+02  7.06682467806122e+01
  1.09222620860924e+02  7.06611999896231e+01
  1.10820003163408e+02  7.06548150816599e+01
  1.12417525603723e+02  7.06490868363116e+01
  1.14015172840024e+02  7.06440101209623e+01
  1.15612929718477e+02  7.06395800347459e+01
  1.17210781256379e+02  7.06357920327167e+01
  1.18808712623266e+02  7.06326420315691e+01
  1.20406709120306e+02  7.06301264980726e+01
  1.22004756158259e+02  7.06282425212266e+01
  1.23602839234296e+02  7.06269878689764e+01
  1.25200943907934e+02  7.06263610301600e+01
  1.26799055776344e+02  7.06263612421924e+01
  1.28397160449292e+02  7.06269885048234e+01
  1.29995243523952e+02  7.06282435801380e+01
  1.31593290559847e+02  7.06301279787984e+01
  1.33191287054157e+02  7.06326439323599e+01
  1.34789218417659e+02  7.06357943513237e+01
  1.36387069951533e+02  7.06395827684223e+01
  1.37984826825338e+02  7.06440132664638e+01
  1.39582474056394e+02  7.06490903898975e+01
  1.41179996490890e+02  7.06548190390946e+01
  1.42777378787014e+02  7.06612043461775e+01
  1.44374605400410e+02  7.06682515310659e+01
  1.45971660572323e+02  7.06759657362544e+01
  1.47568528320767e+02  7.06843518386806e+01
  1.49165192435084e+02  7.06934142368966e+01
  1.50761636474290e+02  7.07031566116170e+01
  1.52357843769604e+02  7.07135816575869e+01
  1.53953797431556e+02  7.07246907845935e+01
  1.55549480362105e+02  7.07364837853372e+01
  1.57144875272191e+02  7.07489584677896e+01
  1.58739964705112e+02  7.07621102495859e+01
  1.60334731066168e+02  7.07759317119474e+01
  1.61929156658919e+02  7.07904121105832e+01
  1.63523223728449e+02  7.08055368410111e+01
  1.65116914511926e+02  7.08212868557280e+01
  1.66710211296734e+02  7.08376380306811e+01
  1.68303096486354e+02  7.08545604785243e+01
  1.69895552674120e+02  7.08720178061814e+01
  1.71487562724842e+02  7.08899663142844e+01
  1.73079109864186e+02  7.09083541360968e+01
  1.74670177775570e+02  7.09271203135536e+01
  1.76260750704162e+02  7.09461938080473e+01
  1.77850813567414e+02  7.09654924435432e+01
  1.79440352071370e+02  7.09849217795007e+01
  1.81029352831777e+02  7.10043739108955e+01
  1.82617803498829e+02  7.10237261923644e+01
  1.84205692884130e+02  7.10428398831197e+01
  1.85793011088252e+02  7.10615587087875e+01
  1.87379749627004e+02  7.10797073357373e+01
  1.88965901554319e+02  7.10970897527668e+01
  1.90551461579399e+02  7.11134875542316e+01
  1.92136426175580e+02  7.11286581178375e+01
  1.93720793678132e+02  7.11423326692977e+01
  1.95304564368039e+02  7.11542142247574e+01
  1.96887740508325e+02  7.11639765178911e+01
  1.98470326355671e+02  7.11712629827522e+01
  2.00052328188257e+02  7.11756841832379e+01
  2.01633754309411e+02  7.11768150287134e+01
  2.03214615023476e+02  7.11741917604130e+01
  2.04794922580493e+02  7.11673086842168e+01
  2.06374691086435e+02  7.11556146177025e+01
  2.07953936375945e+02  7.11385090104125e+01
  2.09532675844819e+02  7.11153376856360e+01
  2.11110928241365e+02  7.10853880723872e+01
  2.12688713415501e+02  7.10478837959501e+01
  2.14266052020344e+02  7.10019786569107e+01
  2.15842965164576e+02  7.09467498902295e+01
  2.17419474014507e+02  7.08811905581359e+01
  2.18995599344968e+02  7.08042009034461e+01
  2.20571361038281e+02  7.07145784542508e+01
  2.22146777529489e+02  7.06110066843274e+01
  2.23721865193807e+02  7.04920421123220e+01
  2.25296637678136e+02  7.03560993631211e+01
  2.26871105175716e+02  7.02014337094450e+01
  2.28445273641008e+02  7.00261205386301e+01
  2.30019143940245e+02  6.98280310336131e+01
  2.31592710930678e+02  6.96048031484093e+01
  2.33165962458270e+02  6.93538066588297e+01
  2.34738878265631e+02  6.90721000379738e+01
  2.36311428789800e+02  6.87563763580657e+01
  2.37883573810585e+02  6.84028950797780e+01
  2.39455260902823e+02  6.80073945050852e+01
  2.41026423625704e+02  6.75649768971045e+01
  2.42596979354694e+02  6.70699529063575e+01
  2.44166826611950e+02  6.65156221679864e+01
  2.45735841663406e+02  6.58939468854268e+01
  2.47303873861850e+02  6.51950706747039e+01
  2.48870738901598e+02  6.44066510738560e+01
  2.50436209158003e+02  6.35129128349223e+01
  2.52000000000000e+02  6.24932104891901e+01
  0.00000000000000e+00  6.40629432799765e+01
  1.56521995313610e+00  6.50146988791655e+01
  3.13203717466752e+00  6.58504044875736e+01
  4.70018053402836e+00  6.65886708938573e+01
  6.26943357894795e+00  6.72438330713082e+01
  7.83962111972415e+00  6.78271682794556e+01
  9.41059988275226e+00  6.83477191037246e+01
  1.09822520480060e+01  6.88128853105078e+01
  1.25544808228690e+01  6.92288557731595e+01
  1.41272072250260e+01  6.96009021374136e+01
  1.57003675639931e+01  6.99335757296495e+01
  1.72739113957439e+01  7.02308469655473e+01
  1.88477998124197e+01  7.04962082778275e+01
  2.04220039783129e+01  7.07327526820179e+01
  2.19965038501416e+01  7.09432351854942e+01
  2.35712870387734e+01  7.11301217108041e+01
  2.51463477760049e+01  7.12956282768848e+01
  2.67216859676064e+01  7.14417529205687e+01
  2.82973063251649e+01  7.15703023681390e+01
  2.98732175669268e+01  7.16829145090828e+01
  3.14494316807983e+01  7.17810774664106e+01
  3.30259632448708e+01  7.18661458809216e+01
  3.46028288023528e+01  7.19393548948777e+01
  3.61800462897403e+01  7.20018322649330e+01
  3.77576345197734e+01  7.20546090417709e+01
  3.93356127150247e+01  7.20986289077309e+01
  4.09140000901445e+01  7.21347563468899e+01
  4.24928154819037e+01  7.21637838401210e+01
  4.40720770260886e+01  7.21864382460812e+01
  4.56518018801661e+01  7.22033865049068e+01
  4.72320059900289e+01  7.22152407658354e+01
  4.88127038957066e+01  7.22225629028008e+01
  5.03939085749727e+01  7.22258685444914e+01
  5.19756313241371e+01  7.22256307465837e+01
  5.35578816734439e+01  7.22222833550591e+01
  5.51406673342423e+01  7.22162240993621e+01
  5.67239941749001e+01  7.22078174455227e+01
  5.83078662222819e+01  7.21973972318251e+01
  5.98922856854538e+01  7.21852691005379e+01
  6.14772529614564e+01  7.21717113725215e+01
  6.30627666642696e+01  7.21569759867853e+01
  6.46488236999486e+01  7.21412904402927e+01
  6.62354193547295e+01  7.21248596098983e+01
  6.78225473933845e+01  7.21078674647352e+01
  6.94102001652832e+01  7.20904786765210e+01
  7.09983687158182e+01  7.20728401345446e+01
  7.25870429010606e+01  7.20550823714115e+01
  7.41762115037248e+01  7.20373209049091e+01
  7.57658623487348e+01  7.20196575006754e+01
  7.73559824169009e+01  7.20021813597302e+01
  7.89465579554192e+01  7.19849702344052e+01
  8.05375745841142e+01  7.19680914757813e+01
  8.21290173965351e+01  7.19516030154261e+01
  8.37208710551995e+01  7.19355542839963e+01
  8.53131198804492e+01  7.19199870691209e+01
  8.69057479325359e+01  7.19049363148955e+01
  8.84987390866966e+01  7.18904308652816e+01
  9.00920771011016e+01  7.18764941536938e+01
  9.16857456776666e+01  7.18631448410722e+01
  9.32797285158131e+01  7.18503974047616e+01
  9.48740093593400e+01  7.18382626805362e+01
  9.64685720366325e+01  7.18267483601315e+01
  9.80634004944846e+01  7.18158594466446e+01
  9.96584788258523e+01  7.18055986701639e+01
  1.01253791291882e+02  7.17959668659631e+01
  1.02849322338575e+02  7.17869633175545e+01
  1.04445056608472e+02  7.17785860668467e+01
  1.06040978947718e+02  7.17708321935784e+01
  1.07637074408914e+02  7.17636980661164e+01
  1.09233328250093e+02  7.17571795656090e+01
  1.10829725930219e+02  7.17512722853779e+01
  1.12426253101532e+02  7.17459717073120e+01
  1.14022895599091e+02  7.17412733568990e+01
  1.15619639427842e+02  7.17371729383994e+01
  1.17216470747505e+02  7.17336664515246e+01
  1.18813375855593e+02  7.17307502908397e+01
  1.20410341168830e+02  7.17284213289619e+01
  1.22007353203245e+02  7.17266769844783e+01
  1.23604398553193e+02  7.17255152753523e+01
  1.25201463869561e+02  7.17249348584375e+01
  1.26798535837382e+02  7.17249350555620e+01
  1.28395601153112e+02  7.17255158664931e+01
  1.29992646501789e+02  7.17266779689380e+01
  1.31589658534305e+02  7.17284227055783e+01
  1.33186623845024e+02  7.17307520579862e+01
  1.34783528949988e+02  7.17336686071107e+01
  1.36380360265936e+02  7.17371754798714e+01
  1.37977104090399e+02  7.17412762812411e+01
  1.39573746583119e+02  7.17459750110469e+01
  1.41170273749065e+02  7.17512759645685e+01
  1.42766671423325e+02  7.17571836158598e+01
  1.44362925258168e+02  7.17637024825758e+01
  1.45959020712591e+02  7.17708369709406e+01
  1.47554943044663e+02  7.17785911993545e+01
  1.49150677307023e+02  7.17869687990025e+01
  1.50746208345858e+02  7.17959726897015e+01
  1.52341520803751e+02  7.18056048291026e+01
  1.53936599126750e+02  7.18158659332580e+01
  1.55531427576049e+02  7.18267551664647e+01
  1.57125990244654e+02  7.18382697982107e+01
  1.58720271079413e+02  7.18504048249830e+01
  1.60314253908764e+02  7.18631525546389e+01
  1.61907922476561e+02  7.18765021510057e+01
  1.63501260482284e+02  7.18904391363511e+01
  1.65094251627906e+02  7.19049448493588e+01
  1.66686879671656e+02  7.19199958562518e+01
  1.68279128488831e+02  7.19355633127202e+01
  1.69870982139743e+02  7.19516122743360e+01
  1.71462424944792e+02  7.19681009531556e+01
  1.73053441566556e+02  7.19849799182268e+01
  1.74644017098641e+02  7.20021912377071e+01
  1.76234137160931e+02  7.20196675602637e+01
  1.77823788000675e+02  7.20373311333370e+01
  1.79412956598738e+02  7.20550927557051e+01
  1.81001630780093e+02  7.20728506615561e+01
  1.82589799327504e+02  7.20904893329574e+01
  1.84177452097084e+02  7.21078782371894e+01
  1.85764580134266e+02  7.21248704848805e+01
  1.87351175788457e+02  7.21413014042646e+01
  1.88937232824458e+02  7.21569870261929e+01
  1.90522746528531e+02  7.21717224738307e+01
  1.92107713806752e+02  7.21852802502690e+01
  1.93692133273114e+02  7.21974084165874e+01
  1.95276005324666e+02  7.22078286520489e+01
  1.96859332170476e+02  7.22162353145399e+01
  1.98442117837403e+02  7.22222945659605e+01
  2.00024368193805e+02  7.22256419404915e+01
  2.01606090951013e+02  7.22258797089226e+01
  2.03187295639248e+02  7.22225740255260e+01
  2.04767993554790e+02  7.22152518348935e+01
  2.06348197675377e+02  7.22033975086138e+01
  2.07927922540998e+02  7.21864491730312e+01
  2.09507184097501e+02  7.21637946791800e+01
  2.11085999502301e+02  7.21347670871784e+01
  2.12664386891133e+02  7.20986395385956e+01
  2.14242365100709e+02  7.20546195527430e+01
  2.15819953345623e+02  7.20018426456694e+01
  2.17397170848386e+02  7.19393651350845e+01
  2.18974036421677e+02  7.18661559702547e+01
  2.20550568001932e+02  7.17810873943505e+01
  2.22126782132299e+02  7.16829242647786e+01
  2.23702693390812e+02  7.15703119402157e+01
  2.25278313765319e+02  7.14417622968910e+01
  2.26853651974015e+02  7.12956374442689e+01
  2.28428712728435e+02  7.11301306546661e+01
  2.30003495934303e+02  7.09432438894231e+01
  2.31577995823370e+02  7.07327611272553e+01
  2.33152200006462e+02  7.04962164426338e+01
  2.34726088440257e+02  7.02308548244250e+01
  2.36299632289006e+02  6.99335832523900e+01
  2.37872792644809e+02  6.96009092879176e+01
  2.39445519063592e+02  6.92288625079664e+01
  2.41017747854816e+02  6.88128915769450e+01
  2.42589400036096e+02  6.83477248375513e+01
  2.44160378814726e+02  6.78271734018273e+01
  2.45730566370561e+02  6.72438374848058e+01
  2.47299819429832e+02  6.65886744772002e+01
  2.48867962802616e+02  6.58504070884237e+01
  2.50434780036335e+02  6.50147003040867e+01
  2.52000000000000e+02  6.40629432799765e+01
  0.00000000000000e+00  6.56690948852081e+01
  1.56669981856835e+00  6.65498797104322e+01
  3.13489948207239e+00  6.73247020449445e+01
  4.70434536146569e+00  6.80101958462148e+01
  6.27483485148216e+00  6.86192619859065e+01
  7.84620374768873e+00  6.91620982833671e+01
  9.41831750612224e+00  6.96469126523562e+01
  1.09910652392984e+01  7.00804453693599e+01
  1.25643556311820e+01  7.04683541756403e+01
  1.41381139767572e+01  7.08154758518252e+01
  1.57122798603238e+01  7.11260005211424e+01
  1.72868052622234e+01  7.14035945253428e+01
  1.88616529680840e+01  7.16514910134920e+01
  2.04367952013481e+01  7.18725592091110e+01
  2.20122124244409e+01  7.20693587840048e+01
  2.35878922709952e+01  7.22441834424512e+01
  2.51638285764523e+01  7.23990960421725e+01
  2.67400204903438e+01  7.25359574010815e+01
  2.83164716638151e+01  7.26564505475239e+01
  2.98931895032358e+01  7.27621012910745e+01
  3.14701844833020e+01  7.28542957784121e+01
  3.30474695150097e+01  7.29342955557797e+01
  3.46250593652669e+01  7.30032505529443e+01
  3.62029701267872e+01  7.30622103662204e+01
  3.77812187395983e+01  7.31121342393272e+01
  3.93598225599230e+01  7.31538998072143e+01
  4.09387989743494e+01  7.31883107560726e+01
  4.25181650583475e+01  7.32161035756144e+01
  4.40979372781526e+01  7.32379535521653e+01
  4.56781312349441e+01  7.32544801299001e+01
  4.72587614496913e+01  7.32662517341174e+01
  4.88398411836593e+01  7.32737900139748e+01
  5.04213822936155e+01  7.32775736260962e+01
  5.20033951211834e+01  7.32780416833050e+01
  5.35858884139548e+01  7.32755969144921e+01
  5.51688692757446e+01  7.32706085720067e+01
  5.67523431431884e+01  7.32634151146827e+01
  5.83363137857379e+01  7.32543266871903e+01
  5.99207833259482e+01  7.32436274071837e+01
  6.15057522399719e+01  7.32315760874943e+01
  6.30912193797736e+01  7.32184070343626e+01
  6.46771820403530e+01  7.32043318666597e+01
  6.62636360388715e+01  7.31895412218785e+01
  6.78505758031817e+01  7.31742063562904e+01
  6.94379944674357e+01  7.31584806463911e+01
  7.10258839726486e+01  7.31425009984305e+01
  7.26142351702822e+01  7.31263891722992e+01
  7.42030379271143e+01  7.31102530253901e+01
  7.57922812298481e+01  7.30941876813513e+01
  7.73819532881108e+01  7.30782766279872e+01
  7.89720416346738e+01  7.30625927479874e+01
  8.05625332219120e+01  7.30471992856916e+01
  8.21534145136878e+01  7.30321507527339e+01
  8.37446715720144e+01  7.30174937751426e+01
  8.53362901380016e+01  7.30032678842866e+01
  8.69282557067283e+01  7.29895062539397e+01
  8.85205535958127e+01  7.29762363856671e+01
  9.01131690075624e+01  7.29634807447018e+01
  9.17060870846872e+01  7.29512573484708e+01
  9.32992929596375e+01  7.29395803099320e+01
  9.48927717977088e+01  7.29284603378891e+01
  9.64865088341061e+01  7.29179051964563e+01
  9.80804894052114e+01  7.29079201258426e+01
  9.96746989743338e+01  7.28985082266111e+01
  1.01269123152248e+02  7.28896708095467e+01
  1.02863747712847e+02  7.28814077132236e+01
  1.04458558604241e+02  7.28737175913171e+01
  1.06053541955652e+02  7.28665981716346e+01
  1.07648684080431e+02  7.28600464887675e+01
  1.09243971475546e+02  7.28540590921743e+01
  1.10839390817871e+02  7.28486322314082e+01
  1.12434928957576e+02  7.28437620200940e+01
  1.14030572908956e+02  7.28394445801442e+01
  1.15626309838965e+02  7.28356761675836e+01
  1.17222127053761e+02  7.28324532812231e+01
  1.18818011983512e+02  7.28297727552951e+01
  1.20413952165736e+02  7.28276318370276e+01
  1.22009935227417e+02  7.28260282499981e+01
  1.23605948866132e+02  7.28249602439701e+01
  1.25201980830417e+02  7.28244266317767e+01
  1.26798018899597e+02  7.28244268136744e+01
  1.28394050863298e+02  7.28249607894485e+01
  1.29990064500849e+02  7.28260291584138e+01
  1.31586047560790e+02  7.28276331073083e+01
  1.33181987740707e+02  7.28297743859398e+01
  1.34777872667595e+02  7.28324552703031e+01
  1.36373689878988e+02  7.28356785127428e+01
  1.37969426805069e+02  7.28394472786002e+01
  1.39565070752016e+02  7.28437650686390e+01
  1.41160608886805e+02  7.28486356264102e+01
  1.42756028223757e+02  7.28540628295790e+01
  1.44351315613070e+02  7.28600505640997e+01
  1.45946457731647e+02  7.28666025800009e+01
  1.47541441076490e+02  7.28737223274082e+01
  1.49136251960985e+02  7.28814127713176e+01
  1.50730876514390e+02  7.28896761835124e+01
  1.52325300684858e+02  7.28985139099122e+01
  1.53919510246323e+02  7.29079261115422e+01
  1.55513490809603e+02  7.29179114772228e+01
  1.57107227838055e+02  7.29284669060020e+01
  1.58700706668107e+02  7.29395871572890e+01
  1.60293912535015e+02  7.29512644665956e+01
  1.61886830604126e+02  7.29634881247533e+01
  1.63479446007941e+02  7.29762440184489e+01
  1.65071743889224e+02  7.29895141299118e+01
  1.66663709450336e+02  7.30032759935774e+01
  1.68255328008950e+02  7.30175021075628e+01
  1.69846585060200e+02  7.30321592977914e+01
  1.71437466345248e+02  7.30472080326083e+01
  1.73027957926164e+02  7.30626016857167e+01
  1.74618046266861e+02  7.30782857452343e+01
  1.76207718319768e+02  7.30941969665936e+01
  1.77796961617704e+02  7.31102624669004e+01
  1.79385764370347e+02  7.31263987581696e+01
  1.80974115564444e+02  7.31425107165986e+01
  1.82562005066817e+02  7.31584904846671e+01
  1.84149423728968e+02  7.31742163023853e+01
  1.85736363491947e+02  7.31895512634344e+01
  1.87322817489938e+02  7.32043419912804e+01
  1.88908780150822e+02  7.32184172296452e+01
  1.90494247291783e+02  7.32315863410611e+01
  1.92079216207838e+02  7.32436377067150e+01
  1.93663685750965e+02  7.32543370204562e+01
  1.95247656397323e+02  7.32634254695749e+01
  1.96831130269469e+02  7.32706189365673e+01
  1.98414111136849e+02  7.32756072769407e+01
  1.99996604436088e+02  7.32780520320631e+01
  2.01578617270987e+02  7.32775839498080e+01
  2.03160158389114e+02  7.32738003015251e+01
  2.04741238132067e+02  7.32662619746445e+01
  2.06321868356580e+02  7.32544903128035e+01
  2.07902062323883e+02  7.32379636671067e+01
  2.09481834554904e+02  7.32161136125105e+01
  2.11061200650776e+02  7.31883207050792e+01
  2.12640177077687e+02  7.31539096586989e+01
  2.14218780911056e+02  7.31121439838296e+01
  2.15797029537420e+02  7.30622199943973e+01
  2.17374940312946e+02  7.30032600554971e+01
  2.18952530177607e+02  7.29343049233599e+01
  2.20529815224065e+02  7.28543050015037e+01
  2.22106810219173e+02  7.27621103598456e+01
  2.23683528073877e+02  7.26564594516438e+01
  2.25259979262822e+02  7.25359661294960e+01
  2.26836171192331e+02  7.23991045828283e+01
  2.28412107513506e+02  7.22441917819596e+01
  2.29987787375838e+02  7.20693669072320e+01
  2.31563204614729e+02  7.18725670986770e+01
  2.33138346863775e+02  7.16514986491581e+01
  2.34713194585369e+02  7.14036018832609e+01
  2.36287720002917e+02  7.11260075729294e+01
  2.37861885902010e+02  7.08154825634157e+01
  2.39435644262951e+02  7.04683605058539e+01
  2.41008934669988e+02  7.00804512680940e+01
  2.42581682418043e+02  6.96469180582812e+01
  2.44153796190998e+02  6.91621031209489e+01
  2.45725165101254e+02  6.86192661615035e+01
  2.47295654604692e+02  6.80101992428667e+01
  2.48865100496661e+02  6.73247045152689e+01
  2.50433300171589e+02  6.65498810667165e+01
  2.52000000000000e+02  6.56690948852081e+01
  0.00000000000000e+00  6.73096221304114e+01
  1.56822410406973e+00  6.81165986434118e+01
  3.13783793789638e+00  6.88278737311508e+01
  4.70860845286523e+00  6.94581487408970e+01
  6.28034901370932e+00  7.00188917268011e+01
  7.85290791985570e+00  7.05192059359043e+01
  9.42616048163101e+00  7.09664448991963e+01
  1.10000036071790e+01  7.13666701251093e+01
  1.25743521433014e+01  7.17249911155630e+01
  1.41491362258018e+01  7.20457950808628e+01
  1.57242991886347e+01  7.23328982929808e+01
  1.72997958441620e+01  7.25896519741407e+01
  1.88755910257508e+01  7.28190201670852e+01
  2.04516583262482e+01  7.30236394406978e+01
  2.20279789869161e+01  7.32058660645929e+01
  2.36045409055074e+01  7.33678141564456e+01
  2.51813377350180e+01  7.35113866814472e+01
  2.67583680587656e+01  7.36383011003425e+01
  2.83356346365510e+01  7.37501111615656e+01
  2.99131437134800e+01  7.38482255336914e+01
  3.14909043851687e+01  7.39339238106796e+01
  3.30689280147880e+01  7.40083703152497e+01
  3.46472276986601e+01  7.40726260452960e+01
  3.62258177789245e+01  7.41276590895617e+01
  3.78047134044550e+01  7.41743538738878e+01
  3.93839301357339e+01  7.42135192770795e+01
  4.09634835915290e+01  7.42458957486606e+01
  4.25433891363819e+01  7.42721615884919e+01
  4.41236616079248e+01  7.42929385245765e+01
  4.57043150829933e+01  7.43087967070343e+01
  4.72853626809858e+01  7.43202592047808e+01
  4.88668163995716e+01  7.43278059551471e+01
  5.04486869819180e+01  7.43318772828616e+01
  5.20309838150518e+01  7.43328771093342e+01
  5.36137148571676e+01  7.43311758952634e+01
  5.51968865914889e+01  7.43271133505636e+01
  5.67805040041136e+01  7.43210009377419e+01
  5.83645705831371e+01  7.43131241875638e+01
  5.99490883361726e+01  7.43037448363086e+01
  6.15340577860705e+01  7.42931013862362e+01
  6.31194779869215e+01  7.42814097550837e+01
  6.47053465840358e+01  7.42688649723272e+01
  6.62916598847312e+01  7.42556427668503e+01
  6.78784129376389e+01  7.42419010523916e+01
  6.94655996184236e+01  7.42277813176424e+01
  7.10532127200062e+01  7.42134099279392e+01
  7.26412440455569e+01  7.41988993451150e+01
  7.42296845027065e+01  7.41843492714234e+01
  7.58185241975922e+01  7.41698477226903e+01
  7.74077525275253e+01  7.41554720351240e+01
  7.89973582712333e+01  7.41412898095707e+01
  8.05873296757885e+01  7.41273597964855e+01
  8.21776545394889e+01  7.41137327244723e+01
  8.37683202901045e+01  7.41004520749522e+01
  8.53593140580345e+01  7.40875548052944e+01
  8.69506227440488e+01  7.40750720226031e+01
  8.85422330813997e+01  7.40630296102595e+01
  9.01341316921880e+01  7.40514488092596e+01
  9.17263051379602e+01  7.40403467563633e+01
  9.33187399645870e+01  7.40297369810544e+01
  9.49114227415385e+01  7.40196298633036e+01
  9.65043400957255e+01  7.40100330541232e+01
  9.80974787401187e+01  7.40009518608885e+01
  9.96908254973918e+01  7.39923895993879e+01
  1.01284367318858e+02  7.39843479145334e+01
  1.02878091298991e+02  7.39768270716288e+01
  1.04471984685820e+02  7.39698262200399e+01
  1.06066034887524e+02  7.39633436310572e+01
  1.07660229475497e+02  7.39573769116658e+01
  1.09254556184225e+02  7.39519231958590e+01
  1.10849002908235e+02  7.39469793150435e+01
  1.12443557696429e+02  7.39425419489859e+01
  1.14038208744066e+02  7.39386077586468e+01
  1.15632944382666e+02  7.39351735021400e+01
  1.17227753068094e+02  7.39322361349397e+01
  1.18822623367056e+02  7.39297928953394e+01
  1.20417543942261e+02  7.39278413760490e+01
  1.22012503536459e+02  7.39263795826898e+01
  1.23607490955577e+02  7.39254059798243e+01
  1.25202495051155e+02  7.39249195250305e+01
  1.26797504702303e+02  7.39249196914054e+01
  1.28392508797351e+02  7.39254064787531e+01
  1.29987496215410e+02  7.39263804135840e+01
  1.31582455808027e+02  7.39278425379277e+01
  1.33177376381136e+02  7.39297943868303e+01
  1.34772246677497e+02  7.39322379542791e+01
  1.36367055359832e+02  7.39351756471734e+01
  1.37961790994863e+02  7.39386102268298e+01
  1.39556442038473e+02  7.39425447373856e+01
  1.41150996822201e+02  7.39469824203392e+01
  1.42745443541331e+02  7.39519266143438e+01
  1.44339770244789e+02  7.39573806392486e+01
  1.45933964827130e+02  7.39633476632648e+01
  1.47528015022869e+02  7.39698305520193e+01
  1.49121908403434e+02  7.39768316981504e+01
  1.50715632377035e+02  7.39843528299941e+01
  1.52309174191742e+02  7.39923947978147e+01
  1.53902520942065e+02  7.40009573359438e+01
  1.55495659579358e+02  7.40100387991092e+01
  1.57088576926335e+02  7.40196358711682e+01
  1.58681259696012e+02  7.40297432443981e+01
  1.60273694515345e+02  7.40403532674465e+01
  1.61865867953849e+02  7.40514555600107e+01
  1.63457766557444e+02  7.40630365922846e+01
  1.65049376887723e+02  7.40750792271961e+01
  1.66640685566837e+02  7.40875622234490e+01
  1.68231679328087e+02  7.41004596973746e+01
  1.69822345072292e+02  7.41137405415946e+01
  1.71412669929900e+02  7.41273677984819e+01
  1.73002641328732e+02  7.41412979863739e+01
  1.74592247067131e+02  7.41554803764431e+01
  1.76181475392218e+02  7.41698562180310e+01
  1.77770315082766e+02  7.41843579101083e+01
  1.79358755536129e+02  7.41989081163067e+01
  1.80946786858485e+02  7.42134188206636e+01
  1.82534399957504e+02  7.42277903208144e+01
  1.84121586636391e+02  7.42419101548410e+01
  1.85708339688101e+02  7.42556519573493e+01
  1.87294652988327e+02  7.42688742396190e+01
  1.88880521585723e+02  7.42814190879114e+01
  1.90465941787629e+02  7.42931107733727e+01
  1.92050911239370e+02  7.43037542665858e+01
  1.93635428995048e+02  7.43131336499026e+01
  1.95219495577520e+02  7.43210104211808e+01
  1.96803112994398e+02  7.43271228442857e+01
  1.98386284733775e+02  7.43311853886207e+01
  1.99969015781739e+02  7.43328865918695e+01
  2.01551312621499e+02  7.43318867443275e+01
  2.03133183211229e+02  7.43278153855220e+01
  2.04714636937934e+02  7.43202685942804e+01
  2.06295684544749e+02  7.43088060461185e+01
  2.07876338029313e+02  7.42929478039496e+01
  2.09456610510987e+02  7.42721707990959e+01
  2.11036516066566e+02  7.42459048816603e+01
  2.12616069533639e+02  7.42135283238364e+01
  2.14195286276703e+02  7.41743628259238e+01
  2.15774181914479e+02  7.41276679385071e+01
  2.17352772007402e+02  7.40726347828220e+01
  2.18931071704296e+02  7.40083789329805e+01
  2.20509095347254e+02  7.39339323000821e+01
  2.22086856032551e+02  7.38482338859363e+01
  2.23664365123313e+02  7.37501193673555e+01
  2.25241631715113e+02  7.36383091497004e+01
  2.26818662053016e+02  7.35113945634564e+01
  2.28395458896784e+02  7.33678218589317e+01
  2.29972020829700e+02  7.32058735737342e+01
  2.31548341504727e+02  7.30236467405488e+01
  2.33124408819588e+02  7.28190272389919e+01
  2.34700204015514e+02  7.25896587960217e+01
  2.36275700685324e+02  7.23329048384400e+01
  2.37850863662354e+02  7.20458013180873e+01
  2.39425647758930e+02  7.17249970059445e+01
  2.40999996308963e+02  7.13666756215041e+01
  2.42573839448199e+02  7.09664499437033e+01
  2.44147092023362e+02  7.05192104569919e+01
  2.45719650942491e+02  7.00188956355350e+01
  2.47291391515763e+02  6.94581519258958e+01
  2.48862162042394e+02  6.88278760516981e+01
  2.50431775886820e+02  6.81165999198489e+01
  2.52000000000000e+02  6.73096221304114e+01
  0.00000000000000e+00  6.89822530849319e+01
  1.56978703038952e+00  6.97128147057800e+01
  3.14084330921900e+00  7.03581016667111e+01
  4.71295865490919e+00  7.09309142767104e+01
  6.28596402996425e+00  7.14412848207273e+01
  7.85972143167391e+00  7.18972068597418e+01
  9.43411693194765e+00  7.23051621310247e+01
  1.10090559517110e+01  7.26705174337170e+01
  1.25844600892895e+01  7.29978204501751e+01
  1.41602648194181e+01  7.32909973219108e+01
  1.57364176557836e+01  7.35534804764591e+01
  1.73128766183143e+01  7.37882970345321e+01
  1.88896089177824e+01  7.39981336473416e+01
  2.04665898064725e+01  7.41853864825847e+01
  2.20438015599324e+01  7.43522011418663e+01
  2.36212325652754e+01  7.45005053634536e+01
  2.51988764919277e+01  7.46320359082087e+01
  2.67767315328590e+01  7.47483610550820e+01
  2.83547997122778e+01  7.48508999331185e+01
  2.99330862521166e+01  7.49409392035979e+01
  3.15115989913793e+01  7.50196474939121e+01
  3.30903478539268e+01  7.50880879146332e+01
  3.46693443614074e+01  7.51472289370448e+01
  3.62486011897803e+01  7.51979539081960e+01
  3.78281317705266e+01  7.52410695293885e+01
  3.94079499322344e+01  7.52773133116479e+01
  4.09880695803680e+01  7.53073601201669e+01
  4.25685044142235e+01  7.53318279521444e+01
  4.41492676801088e+01  7.53512830724499e+01
  4.57303719597843e+01  7.53662446159175e+01
  4.73118289927157e+01  7.53771887354722e+01
  4.88936495273495e+01  7.53845522386004e+01
  5.04758432007272e+01  7.53887358236894e+01
  5.20584184462429e+01  7.53901070339972e+01
  5.36413824275621e+01  7.53890029691997e+01
  5.52247409965359e+01  7.53857327861288e+01
  5.68084986727855e+01  7.53805800129990e+01
  5.83926586424921e+01  7.53738046942993e+01
  5.99772227737367e+01  7.53656453735000e+01
  6.15621916078957e+01  7.53563194833407e+01
  6.31475643699174e+01  7.53460238400493e+01
  6.47333390216654e+01  7.53349362148906e+01
  6.63195123249379e+01  7.53232168013295e+01
  6.79060799120788e+01  7.53110095831882e+01
  6.94930363622980e+01  7.52984436106522e+01
  7.10803752820049e+01  7.52856341914533e+01
  7.26680893876291e+01  7.52726840042405e+01
  7.42561705895542e+01  7.52596841404065e+01
  7.58446100759449e+01  7.52467150797737e+01
  7.74333983953904e+01  7.52338476047123e+01
  7.90225255374353e+01  7.52211436565476e+01
  8.06119810102060e+01  7.52086571375374e+01
  8.22017539144770e+01  7.51964346612501e+01
  8.37918330136502e+01  7.51845162538403e+01
  8.53822067992376e+01  7.51729360084757e+01
  8.69728635515523e+01  7.51617226950076e+01
  8.85637913954086e+01  7.51509003268555e+01
  9.01549783507240e+01  7.51404886870134e+01
  9.17464123779951e+01  7.51305038150376e+01
  9.33380814186865e+01  7.51209584568487e+01
  9.49299734306292e+01  7.51118624791645e+01
  9.65220764185753e+01  7.51032232503690e+01
  9.81143784600913e+01  7.50950459896009e+01
  9.97068677270060e+01  7.50873340858299e+01
  1.01299532502650e+02  7.50800893886598e+01
  1.02892361195142e+02  7.50733124725596e+01
  1.04485342346979e+02  7.50670028761786e+01
  1.06078464641214e+02  7.50611593183496e+01
  1.07671716904474e+02  7.50557798923148e+01
  1.09265088107101e+02  7.50508622396424e+01
  1.10858567360674e+02  7.50464037052178e+01
  1.12452143913164e+02  7.50424014746077e+01
  1.14045807141980e+02  7.50388526950043e+01
  1.15639546545142e+02  7.50357545808552e+01
  1.17233351730798e+02  7.50331045051871e+01
  1.18827212405332e+02  7.50309000775221e+01
  1.20421118360242e+02  7.50291392091803e+01
  1.22015059458022e+02  7.50278201666501e+01
  1.23609025617214e+02  7.50269416135976e+01
  1.25203006796842e+02  7.50265026419722e+01
  1.26796992980394e+02  7.50265027925517e+01
  1.28390974159545e+02  7.50269420651589e+01
  1.29984940317785e+02  7.50278209186606e+01
  1.31578881414142e+02  7.50291402607527e+01
  1.33172787367166e+02  7.50309014274146e+01
  1.34766648039360e+02  7.50331061518040e+01
  1.36360453222234e+02  7.50357565222473e+01
  1.37954192622186e+02  7.50388549288697e+01
  1.39547855847380e+02  7.50424039982930e+01
  1.41141432395854e+02  7.50464065157189e+01
  1.42734911645037e+02  7.50508653336063e+01
  1.44328282842925e+02  7.50557832660409e+01
  1.45921535101120e+02  7.50611629677921e+01
  1.47514657389992e+02  7.50670067969485e+01
  1.49107638536197e+02  7.50733166599274e+01
  1.50700467222819e+02  7.50800938375589e+01
  1.52293131992388e+02  7.50873387908600e+01
  1.53885621253056e+02  7.50950509450322e+01
  1.55477923288191e+02  7.51032284501472e+01
  1.57070026269660e+02  7.51118679169155e+01
  1.58661918275067e+02  7.51209641258856e+01
  1.60253587309207e+02  7.51305097083671e+01
  1.61845021329951e+02  7.51404947973433e+01
  1.63436208278807e+02  7.51509066466039e+01
  1.65027136116315e+02  7.51617292163125e+01
  1.66617792862435e+02  7.51729427232050e+01
  1.68208166642027e+02  7.51845231536042e+01
  1.69798245735449e+02  7.51964417374140e+01
  1.71388018634255e+02  7.52086643812354e+01
  1.72977474101892e+02  7.52211510586988e+01
  1.74566601239178e+02  7.52338551560367e+01
  1.76155389554279e+02  7.52467227708103e+01
  1.77743829036782e+02  7.52596919615327e+01
  1.79331910235314e+02  7.52726919456926e+01
  1.80919624338077e+02  7.52856422433482e+01
  1.82506963255489e+02  7.52984517630104e+01
  1.84093919704012e+02  7.53110178259579e+01
  1.85680487290082e+02  7.53232251244114e+01
  1.87266660592937e+02  7.53349446081640e+01
  1.88852435244940e+02  7.53460322933987e+01
  1.90437808007910e+02  7.53563279866826e+01
  1.92022776843722e+02  7.53656539168098e+01
  1.93607340977335e+02  7.53738132676386e+01
  1.95191500950131e+02  7.53805886065418e+01
  1.96775258630190e+02  7.53857413901856e+01
  1.98358617203690e+02  7.53890115742396e+01
  1.99941581190244e+02  7.53901156306672e+01
  2.01524156441690e+02  7.53887444028319e+01
  2.03106350121675e+02  7.53845607912671e+01
  2.04688170663573e+02  7.53771972529344e+01
  2.06269627704398e+02  7.53662530896721e+01
  2.07850731992569e+02  7.53512914942196e+01
  2.09431495267517e+02  7.53318363138707e+01
  2.11011930110969e+02  7.53073684139970e+01
  2.12592049769193e+02  7.52773215299106e+01
  2.14171867941447e+02  7.52410776645599e+01
  2.15751398533152e+02  7.51979619528529e+01
  2.17330655372855e+02  7.51472368838018e+01
  2.18909651891996e+02  7.50880957560622e+01
  2.20488400766490e+02  7.50196552224402e+01
  2.22066913517947e+02  7.49409468113789e+01
  2.23645200070186e+02  7.48509074118739e+01
  2.25223268262175e+02  7.47483683959045e+01
  2.26801123315811e+02  7.46320431013198e+01
  2.28378767255270e+02  7.45005123979061e+01
  2.29956198273490e+02  7.43522080051800e+01
  2.31533410039872e+02  7.41853931602981e+01
  2.33110390941503e+02  7.39981401224609e+01
  2.34687123253905e+02  7.37883032868524e+01
  2.36263582229339e+02  7.35534864817242e+01
  2.37839735078551e+02  7.32910030507686e+01
  2.39415539821439e+02  7.29978258668701e+01
  2.40990943971650e+02  7.26705224944390e+01
  2.42565883003869e+02  7.23051667818011e+01
  2.44140278516350e+02  7.18972110337128e+01
  2.45714035929920e+02  7.14412884345679e+01
  2.47287041316350e+02  7.09309172258426e+01
  2.48859156672728e+02  7.03581038187586e+01
  2.50430212961275e+02  6.97128158914346e+01
  2.52000000000000e+02  6.89822530849319e+01
  0.00000000000000e+00  7.06844951912005e+01
  1.57138336889077e+00  7.13363135747379e+01
  3.14390721343174e+00  7.19134322811208e+01
  4.71738583032096e+00  7.24267704486313e+01
  6.29166896468073e+00  7.28849183391580e+01
  7.86663320672720e+00  7.32947461474285e+01
  9.44217609557935e+00  7.36618503776702e+01
  1.10182121482205e+01  7.39908920769643e+01
  1.25946702156267e+01  7.42858482747253e+01
  1.41714915521482e+01  7.45501765765817e+01
  1.57486282423456e+01  7.47869187169999e+01
  1.73260418610529e+01  7.49987710503948e+01
  1.89037023038693e+01  7.51881361980694e+01
  2.04815867535550e+01  7.53571633286547e+01
  2.20596787582319e+01  7.55077809090875e+01
  2.36379674036109e+01  7.56417240687014e+01
  2.52164465593034e+01  7.57605574602814e+01
  2.67951141894794e+01  7.58656946636785e+01
  2.83739717250017e+01  7.59584150912429e+01
  2.99530234900687e+01  7.60398787303256e+01
  3.15322761777930e+01  7.61111389992111e+01
  3.31117383704421e+01  7.61731539594208e+01
  3.46914201010913e+01  7.62267960984302e+01
  3.62713324551168e+01  7.62728609141619e+01
  3.78514872126040e+01  7.63120745946095e+01
  3.94318965273659e+01  7.63451007817642e+01
  4.10125726403918e+01  7.63725465125383e+01
  4.25935276267488e+01  7.63949674663056e+01
  4.41747731750372e+01  7.64128726320149e+01
  4.57563203985234e+01  7.64267284947274e+01
  4.73381796766273e+01  7.64369628135188e+01
  4.89203605220846e+01  7.64439679250117e+01
  5.05028714732640e+01  7.64481036792557e+01
  5.20857200116468e+01  7.64497001226241e+01
  5.36689125027020e+01  7.64490599644799e+01
  5.52524541582270e+01  7.64464608568958e+01
  5.68363490180838e+01  7.64421575101776e+01
  5.84205999491248e+01  7.64363836601646e+01
  6.00052086588854e+01  7.64293538925961e+01
  6.15901756830654e+01  7.64212638560747e+01
  6.31755003905235e+01  7.64122905957863e+01
  6.47611810305406e+01  7.64025939994125e+01
  6.63472147885729e+01  7.63923181417870e+01
  6.79335978486211e+01  7.63815925329594e+01
  6.95203254605640e+01  7.63705332770012e+01
  7.11073920109859e+01  7.63592441496485e+01
  7.26947910961776e+01  7.63478176024447e+01
  7.42825155961193e+01  7.63363357000837e+01
  7.58705577483857e+01  7.63248709965961e+01
  7.74589092210321e+01  7.63134873550548e+01
  7.90475611836482e+01  7.63022407146736e+01
  8.06365043758844e+01  7.62911798085383e+01
  8.22257291728721e+01  7.62803468347269e+01
  8.38152256470730e+01  7.62697780832177e+01
  8.54049836261931e+01  7.62595045207263e+01
  8.69949927468980e+01  7.62495523354296e+01
  8.85852425041512e+01  7.62399434434110e+01
  9.01757222960748e+01  7.62306959585796e+01
  9.17664214643054e+01  7.62218246277578e+01
  9.33573293298744e+01  7.62133412326011e+01
  9.49484352246939e+01  7.62052549599865e+01
  9.65397285187734e+01  7.61975727424865e+01
  9.81311986433250e+01  7.61902995705263e+01
  9.97228351099444e+01  7.61834387777984e+01
  1.01314627526072e+02  7.61769923014818e+01
  1.02906565606959e+02  7.61709609187780e+01
  1.04498639184365e+02  7.61653444612308e+01
  1.06090838212224e+02  7.61601420082540e+01
  1.07683152769523e+02  7.61553520612240e+01
  1.09275573060619e+02  7.61509726994403e+01
  1.10868089413229e+02  7.61470017191751e+01
  1.12460692274330e+02  7.61434367569659e+01
  1.14053372204168e+02  7.61402753982155e+01
  1.15646119868611e+02  7.61375152720817e+01
  1.17238926030030e+02  7.61351541335470e+01
  1.18831781536914e+02  7.61331899334648e+01
  1.20424677312403e+02  7.61316208772860e+01
  1.22017604341919e+02  7.61304454730684e+01
  1.23610553660071e+02  7.61296625692751e+01
  1.25203516336998e+02  7.61292713827688e+01
  1.26796483464312e+02  7.61292715173035e+01
  1.28389446140815e+02  7.61296629727208e+01
  1.29982395458121e+02  7.61304461449494e+01
  1.31575322486373e+02  7.61316218168100e+01
  1.33168218260186e+02  7.61331911395227e+01
  1.34761073764991e+02  7.61351556047137e+01
  1.36353879923938e+02  7.61375170066167e+01
  1.37946627585529e+02  7.61402773940630e+01
  1.39539307512149e+02  7.61434390117566e+01
  1.41131910369682e+02  7.61470042302265e+01
  1.42724426718394e+02  7.61509754637585e+01
  1.44316847005280e+02  7.61553550755049e+01
  1.45909161558081e+02  7.61601452688853e+01
  1.47501360581177e+02  7.61653479642945e+01
  1.49093434153581e+02  7.61709646600519e+01
  1.50685372229255e+02  7.61769962764436e+01
  1.52277164639988e+02  7.61834429816279e+01
  1.53868801101062e+02  7.61903039981101e+01
  1.55460271219949e+02  7.61975773884218e+01
  1.57051564508279e+02  7.62052598185862e+01
  1.58642670397298e+02  7.62133462978994e+01
  1.60233578257053e+02  7.62218298935163e+01
  1.61824277419492e+02  7.62307014182946e+01
  1.63414757205685e+02  7.62399490903212e+01
  1.65005006957306e+02  7.62495581625249e+01
  1.66595016072518e+02  7.62595105207576e+01
  1.68184774046321e+02  7.62697842487072e+01
  1.69774270515422e+02  7.62803531579802e+01
  1.71363495307565e+02  7.62911862816569e+01
  1.72952438495250e+02  7.63022473295690e+01
  1.74541090453648e+02  7.63134941034634e+01
  1.76129441922445e+02  7.63248778700952e+01
  1.77717484071266e+02  7.63363426901095e+01
  1.79305208568203e+02  7.63478247003101e+01
  1.80892607650860e+02  7.63592513465631e+01
  1.82479674199250e+02  7.63705405640920e+01
  1.84066401809690e+02  7.63815999012923e+01
  1.85652784868791e+02  7.63923255823891e+01
  1.87238818626453e+02  7.64026015032961e+01
  1.88824499266696e+02  7.64122981539721e+01
  1.90409823974993e+02  7.64212714596165e+01
  1.91994791000635e+02  7.64293615326049e+01
  1.93579399712491e+02  7.64363913278329e+01
  1.95163650646264e+02  7.64421651968033e+01
  1.96747545509490e+02  7.64464685539039e+01
  1.98331087169017e+02  7.64490676634418e+01
  1.99914279664701e+02  7.64497078152747e+01
  2.01497128208326e+02  7.64481113575090e+01
  2.03079639165346e+02  7.64439755809731e+01
  2.04661820017224e+02  7.64369704394940e+01
  2.06243679302306e+02  7.64267360832276e+01
  2.07825226533302e+02  7.64128801757567e+01
  2.09406472089601e+02  7.63949749582054e+01
  2.10987427084441e+02  7.63725539456991e+01
  2.12568103206388e+02  7.63451081494549e+01
  2.14148512530474e+02  7.63120818902334e+01
  2.15728667297653e+02  7.62728681312145e+01
  2.17308579661700e+02  7.62268032304424e+01
  2.18888261402665e+02  7.61731609998859e+01
  2.20467723605887e+02  7.61111459414920e+01
  2.22046976304407e+02  7.60398855675381e+01
  2.23626028080457e+02  7.59584218161104e+01
  2.25204885627119e+02  7.58657012683520e+01
  2.26783553268560e+02  7.57605639361178e+01
  2.28362032435616e+02  7.56417304059894e+01
  2.29940321092432e+02  7.55077870967117e+01
  2.31518413108595e+02  7.53571693536805e+01
  2.33096297569795e+02  7.51881420452316e+01
  2.34673958024134e+02  7.49987767014665e+01
  2.36251371654352e+02  7.47869241500088e+01
  2.37828508356026e+02  7.45501817648353e+01
  2.39405329703965e+02  7.42858531855896e+01
  2.40981787782695e+02  7.39908966703224e+01
  2.42557823846520e+02  7.36618546039580e+01
  2.44133366746355e+02  7.32947499450993e+01
  2.45708330999091e+02  7.28849216313589e+01
  2.47282614143717e+02  7.24267731387597e+01
  2.48856092770265e+02  7.19134342467474e+01
  2.50428616623589e+02  7.13363146591207e+01
  2.52000000000000e+02  7.06844951912005e+01
  0.00000000000000e+00  7.24136464101960e+01
  1.57300843704783e+00  7.29847243746205e+01
  3.14702212841718e+00  7.34917962245852e+01
  4.72188088408344e+00  7.39439089014122e+01
  6.29745401802197e+00  7.43482025775676e+01
  7.87363333323295e+00  7.47104141876881e+01
  9.45032835755764e+00  7.50352480886072e+01
  1.10274631687530e+01  7.53266555702079e+01
  1.26049742969637e+01  7.55880403983598e+01
  1.41828091693050e+01  7.58223890653811e+01
  1.57609248001499e+01  7.60323493199238e+01
  1.73392866424265e+01  7.62202825432460e+01
  1.89178675638309e+01  7.63883023378049e+01
  2.04966469304666e+01  7.65383053711768e+01
  2.20756097842493e+01  7.66719972442737e+01
  2.36547461024542e+01  7.67909147561802e+01
  2.52340501231079e+01  7.68964449160354e+01
  2.68135197283986e+01  7.69898413699261e+01
  2.83931558842246e+01  7.70722389463404e+01
  2.99729621295537e+01  7.71446664892027e+01
  3.15529441103725e+01  7.72080581405579e+01
  3.31331091541346e+01  7.72632632361009e+01
  3.47134658815472e+01  7.73110549708354e+01
  3.62940238541633e+01  7.73521380251589e+01
  3.78747932588912e+01  7.73871554156961e+01
  3.94557846251664e+01  7.74166945372112e+01
  4.10370085726504e+01  7.74412924702688e+01
  4.26184755885414e+01  7.74614406703381e+01
  4.42001958336859e+01  7.74775891402672e+01
  4.57821789767358e+01  7.74901501772670e+01
  4.73644340551682e+01  7.74995017591743e+01
  4.89469693586069e+01  7.75059904955390e+01
  5.05297923341047e+01  7.75099342454823e+01
  5.21129095136094e+01  7.75116245138964e+01
  5.36963264620701e+01  7.75113286593402e+01
  5.52800477444976e+01  7.75092919406544e+01
  5.68640769101842e+01  7.75057394239587e+01
  5.84484164921624e+01  7.75008777656757e+01
  6.00330680197362e+01  7.74948968758638e+01
  6.16180320024360e+01  7.74879699487451e+01
  6.32033079301598e+01  7.74802536327407e+01
  6.47888943148657e+01  7.74718893508835e+01
  6.63747887394928e+01  7.74630045210040e+01
  6.79609879124619e+01  7.74537136804467e+01
  6.95474877263582e+01  7.74441195240238e+01
  7.11342833195629e+01  7.74343138646301e+01
  7.27213691397254e+01  7.74243785250775e+01
  7.43087390080673e+01  7.74143861683395e+01
  7.58963861836156e+01  7.74044010720542e+01
  7.74843034265592e+01  7.73944798520019e+01
  7.90724830600276e+01  7.73846721383728e+01
  8.06609170296935e+01  7.73750212079633e+01
  8.22495969606963e+01  7.73655645749277e+01
  8.38385142114830e+01  7.73563345423429e+01
  8.54276599242505e+01  7.73473587165772e+01
  8.70170250717568e+01  7.73386604862658e+01
  8.86066005003443e+01  7.73302594675653e+01
  9.01963769690873e+01  7.73221719172700e+01
  9.17863451850339e+01  7.73144111153136e+01
  9.33764958345676e+01  7.73069877181386e+01
  9.49668196109556e+01  7.72999100843866e+01
  9.65573072381890e+01  7.72931845743376e+01
  9.81479494912509e+01  7.72868158245079e+01
  9.97387372129712e+01  7.72808069987871e+01
  1.01329661327646e+02  7.72751600174739e+01
  1.02920712851611e+02  7.72698757655307e+01
  1.04511882900970e+02  7.72649542813448e+01
  1.06103162696682e+02  7.72603949272350e+01
  1.07694543567209e+02  7.72561965428938e+01
  1.09286016948931e+02  7.72523575828970e+01
  1.10877574384539e+02  7.72488762393514e+01
  1.12469207519579e+02  7.72457505506829e+01
  1.14060908097370e+02  7.72429784974954e+01
  1.15652667952445e+02  7.72405580863587e+01
  1.17244479002724e+02  7.72384874222977e+01
  1.18836333240573e+02  7.72367647706834e+01
  1.20428222722908e+02  7.72353886091338e+01
  1.22020139560517e+02  7.72343576699565e+01
  1.23612075906744e+02  7.72336709735688e+01
  1.25204023945672e+02  7.72333278532542e+01
  1.26795975879971e+02  7.72333279715181e+01
  1.28387923918528e+02  7.72336713282209e+01
  1.29979860264014e+02  7.72343582605791e+01
  1.31571777100518e+02  7.72353894350307e+01
  1.33163666581388e+02  7.72367658308800e+01
  1.34755520817418e+02  7.72384887155422e+01
  1.36347331865536e+02  7.72405596111217e+01
  1.37939091718116e+02  7.72429802519711e+01
  1.39530792293092e+02  7.72457525327895e+01
  1.41122425425012e+02  7.72488784467326e+01
  1.42713982857210e+02  7.72523600129226e+01
  1.44305456235251e+02  7.72561991926615e+01
  1.45896837101844e+02  7.72603977935719e+01
  1.47488116893391e+02  7.72649573608094e+01
  1.49079286938377e+02  7.72698790544150e+01
  1.50670338457785e+02  7.72751635118061e+01
  1.52261262567744e+02  7.72808106943346e+01
  1.53852050284616e+02  7.72868197167804e+01
  1.55442692532727e+02  7.72931886585917e+01
  1.57033180154935e+02  7.72999143556294e+01
  1.58623503926254e+02  7.73069921711331e+01
  1.60213654570707e+02  7.73144157445842e+01
  1.61803622781593e+02  7.73221767171091e+01
  1.63393399245329e+02  7.73302644320397e+01
  1.64982974668996e+02  7.73386656092250e+01
  1.66572339811703e+02  7.73473639916619e+01
  1.68161485519827e+02  7.73563399629945e+01
  1.69750402766159e+02  7.73655701343986e+01
  1.71339082692931e+02  7.73750268993282e+01
  1.72927516658623e+02  7.73846779545412e+01
  1.74515696288408e+02  7.73944857857315e+01
  1.76103613527990e+02  7.74044071159650e+01
  1.77691260700531e+02  7.74143923149294e+01
  1.79278630566249e+02  7.74243847667388e+01
  1.80865716384199e+02  7.74343201936666e+01
  1.82452511975629e+02  7.74441259326692e+01
  1.84039011788213e+02  7.74537201608839e+01
  1.85625210960353e+02  7.74630110653847e+01
  1.87211105384655e+02  7.74718959513495e+01
  1.88796691769556e+02  7.74802602814443e+01
  1.90381967698008e+02  7.74879766378713e+01
  1.91966931681980e+02  7.74949035976512e+01
  1.93551583211376e+02  7.75008845124389e+01
  1.95135922795732e+02  7.75057461881087e+01
  1.96719951964351e+02  7.75092987147182e+01
  1.98303673250262e+02  7.75113354359775e+01
  1.99887090202751e+02  7.75116312859146e+01
  2.01470207386819e+02  7.75099410058497e+01
  2.03053030367401e+02  7.75059972373959e+01
  2.04635565676428e+02  7.74995084758403e+01
  2.06217820760934e+02  7.74901568622461e+01
  2.07799803910521e+02  7.74775957872471e+01
  2.09381524162639e+02  7.74614472731852e+01
  2.10962991185915e+02  7.74412990230171e+01
  2.12544215141167e+02  7.74167010340428e+01
  2.14125206515561e+02  7.73871618509146e+01
  2.15705975928730e+02  7.73521443931510e+01
  2.17286533910076e+02  7.73110612660212e+01
  2.18866890646477e+02  7.72632694528685e+01
  2.20447055699454e+02  7.72080642731806e+01
  2.22027037689685e+02  7.71446725317354e+01
  2.23606843944595e+02  7.70722448924892e+01
  2.25186480110141e+02  7.69898472128866e+01
  2.26765949725268e+02  7.68964506482936e+01
  2.28345253755850e+02  7.67909203692646e+01
  2.29924390084054e+02  7.66720027284514e+01
  2.31503352947888e+02  7.65383107150767e+01
  2.33082132324609e+02  7.63883075279518e+01
  2.34660713256118e+02  7.62202875634841e+01
  2.36239075108500e+02  7.60323541506997e+01
  2.37817190749434e+02  7.58223936828498e+01
  2.39395025631827e+02  7.55880447732656e+01
  2.40972536770023e+02  7.53266596664719e+01
  2.42549671591097e+02  7.50352518615325e+01
  2.44126366625138e+02  7.47104175816504e+01
  2.45702545949821e+02  7.43482055230015e+01
  2.47278119092869e+02  7.39439113107927e+01
  2.48852977857113e+02  7.34917979869387e+01
  2.50426991556284e+02  7.29847253478580e+01
  2.52000000000000e+02  7.24136464101960e+01
  0.00000000000000e+00  7.41668093568678e+01
  1.57465808466439e+00  7.46555421750927e+01
  3.15018139300160e+00  7.50910351744217e+01
  4.72643578166276e+00  7.54804616944920e+01
  6.30331055326972e+00  7.58295046422243e+01
  7.88071308975057e+00  7.61427656937487e+01
  9.45856526603952e+00  7.64240606134746e+01
  1.10368010868660e+01  7.66766368340864e+01
  1.26153651299939e+01  7.69033301439848e+01
  1.41942113526750e+01  7.71066590025565e+01
  1.57733020330764e+01  7.72888776553545e+01
  1.73526068050514e+01  7.74520107097162e+01
  1.89321017770302e+01  7.75978792578713e+01
  2.05117687333614e+01  7.77281228969916e+01
  2.20915944134583e+01  7.78442192283964e+01
  2.36715698621539e+01  7.79475014057784e+01
  2.52516898378644e+01  7.80391735582823e+01
  2.68319522722267e+01  7.81203244038852e+01
  2.84123577801490e+01  7.81919395276110e+01
  2.99929092145175e+01  7.82549123488129e+01
  3.15736112606933e+01  7.83100538419387e+01
  3.31544700669403e+01  7.83581011063609e+01
  3.47354929077643e+01  7.83997248940949e+01
  3.63166878787293e+01  7.84355362501458e+01
  3.78980636239614e+01  7.84660925046821e+01
  3.94796290921733e+01  7.84919025623955e+01
  4.10613933191604e+01  7.85134315471717e+01
  4.26433652359531e+01  7.85311049047567e+01
  4.42255535019345e+01  7.85453120547010e+01
  4.58079663623091e+01  7.85564096741753e+01
  4.73906115289070e+01  7.85647246713969e+01
  4.89734960798877e+01  7.85705567650878e+01
  5.05566263781931e+01  7.85741807671088e+01
  5.21400080092048e+01  7.85758486765350e+01
  5.37236457362802e+01  7.85757916147591e+01
  5.53075434727412e+01  7.85742216264165e+01
  5.68917042688160e+01  7.85713333673516e+01
  5.84761303119454e+01  7.85673056964261e+01
  6.00608229385987e+01  7.85623031764218e+01
  6.16457826151038e+01  7.85564759203165e+01
  6.32310089333762e+01  7.85499595976866e+01
  6.48165006475142e+01  7.85428766309941e+01
  6.64022557162430e+01  7.85353372889829e+01
  6.79882713498320e+01  7.85274406839239e+01
  6.95745440603789e+01  7.85192756842643e+01
  7.11610697144827e+01  7.85109217541555e+01
  7.27478435874159e+01  7.85024497295393e+01
  7.43348604179676e+01  7.84939225384655e+01
  7.59221144632100e+01  7.84853958716095e+01
  7.75095995525145e+01  7.84769188076380e+01
  7.90973091402273e+01  7.84685343970943e+01
  8.06852363564967e+01  7.84602802077594e+01
  8.22733740558307e+01  7.84521888339277e+01
  8.38617148630372e+01  7.84442883716661e+01
  8.54502512162808e+01  7.84366028618614e+01
  8.70389754070562e+01  7.84291527026754e+01
  8.86278796169436e+01  7.84219550328957e+01
  9.02169559510707e+01  7.84150240875833e+01
  9.18061964682535e+01  7.84083715273526e+01
  9.33955932078367e+01  7.84020067425817e+01
  9.49851382132877e+01  7.83959371338138e+01
  9.65748235526340e+01  7.83901683695910e+01
  9.81646413358568e+01  7.83847046229329e+01
  9.97545837293760e+01  7.83795487876548e+01
  1.01344642967775e+02  7.83747026756905e+01
  1.02934811362926e+02  7.83701671965566e+01
  1.04525081310693e+02  7.83659425200605e+01
  1.06115445295365e+02  7.83620282233151e+01
  1.07705895892021e+02  7.83584234230777e+01
  1.09296425766977e+02  7.83551268943847e+01
  1.10887027676504e+02  7.83521371763952e+01
  1.12477694463965e+02  7.83494526663021e+01
  1.14068419055560e+02  7.83470717021079e+01
  1.15659194454811e+02  7.83449926349951e+01
  1.17250013735950e+02  7.83432138919575e+01
  1.18840870036357e+02  7.83417340292855e+01
  1.20431756548188e+02  7.83405517774299e+01
  1.22022666509317e+02  7.83396660776957e+01
  1.23613593193742e+02  7.83390761111425e+01
  1.25204529901558e+02  7.83387813199940e+01
  1.26795469948638e+02  7.83387814217842e+01
  1.28386406656136e+02  7.83390764163934e+01
  1.29977333339927e+02  7.83396665860478e+01
  1.31568243300109e+02  7.83405524882843e+01
  1.33159129810684e+02  7.83417349418042e+01
  1.34749986109533e+02  7.83432150050636e+01
  1.36340805388819e+02  7.83449939473730e+01
  1.37931580785932e+02  7.83470732122043e+01
  1.39522305375116e+02  7.83494543723267e+01
  1.41112972159904e+02  7.83521390763211e+01
  1.42703574066508e+02  7.83551289859500e+01
  1.44294103938311e+02  7.83584257037862e+01
  1.45884554531597e+02  7.83620306904383e+01
  1.47474918512701e+02  7.83659451706388e+01
  1.49065188456721e+02  7.83701700274014e+01
  1.50655356847969e+02  7.83747056833866e+01
  1.52245416082328e+02  7.83795519685630e+01
  1.53835358471695e+02  7.83847079731928e+01
  1.55425176250677e+02  7.83901718851245e+01
  1.57014861585719e+02  7.83959408103290e+01
  1.58604406586829e+02  7.84020105755771e+01
  1.60193803322061e+02  7.84083755121223e+01
  1.61783043834911e+02  7.84150282192220e+01
  1.63372120164750e+02  7.84219593063052e+01
  1.64961024370425e+02  7.84291571125711e+01
  1.66549748557091e+02  7.84366074027804e+01
  1.68138284906359e+02  7.84442930379747e+01
  1.69726625709752e+02  7.84521936198309e+01
  1.71314763405464e+02  7.84602851073104e+01
  1.72902690618331e+02  7.84685394042054e+01
  1.74490400202891e+02  7.84769239160925e+01
  1.76077885289318e+02  7.84854010750736e+01
  1.77665139331985e+02  7.84939278305020e+01
  1.79252156160290e+02  7.85024551036215e+01
  1.80838930031328e+02  7.85109272036829e+01
  1.82425455683911e+02  7.85192812025776e+01
  1.84011728393332e+02  7.85274462643222e+01
  1.85597744026209e+02  7.85353429247408e+01
  1.87183499094656e+02  7.85428823153797e+01
  1.88768990808956e+02  7.85499653239795e+01
  1.90354217127847e+02  7.85564816818273e+01
  1.91939176805434e+02  7.85623089665101e+01
  1.93523869433640e+02  7.85673115085197e+01
  1.95108295478796e+02  7.85713391949648e+01
  1.96692456277370e+02  7.85742274631671e+01
  1.98276354016801e+02  7.85757974543819e+01
  1.99859991747312e+02  7.85758545128954e+01
  2.01443373382215e+02  7.85741865942136e+01
  2.03026503684857e+02  7.85705625770943e+01
  2.04609388240604e+02  7.85647304626203e+01
  2.06192033412383e+02  7.85564154390915e+01
  2.07774446278333e+02  7.85453177879472e+01
  2.09356634550265e+02  7.85311106011264e+01
  2.10938606473358e+02  7.85134372016052e+01
  2.12520370706973e+02  7.84919081699636e+01
  2.14101936182115e+02  7.84660980605621e+01
  2.15683311934552e+02  7.84355417495895e+01
  2.17264506912970e+02  7.83997303323847e+01
  2.18845529761470e+02  7.83581064787530e+01
  2.20426388575589e+02  7.83100591435917e+01
  2.22007090629807e+02  7.82549175746969e+01
  2.23587642072365e+02  7.81919446723941e+01
  2.25168047588600e+02  7.81203294617917e+01
  2.26748310031378e+02  7.80391785229174e+01
  2.28328430015588e+02  7.79475062699103e+01
  2.29908405472849e+02  7.78442239836876e+01
  2.31488231161563e+02  7.77281275336644e+01
  2.33067898126548e+02  7.75978837642942e+01
  2.34647393107204e+02  7.74520150718887e+01
  2.36226697887868e+02  7.72888818562667e+01
  2.37805788576955e+02  7.71066630213882e+01
  2.39384634808301e+02  7.69033339551020e+01
  2.40963198860048e+02  7.66766404057770e+01
  2.42541434689415e+02  7.64240639063453e+01
  2.44119286874117e+02  7.61427686586747e+01
  2.45696689418810e+02  7.58295072176896e+01
  2.47273564198325e+02  7.54804638030675e+01
  2.48849818594438e+02  7.50910367179727e+01
  2.50425341909552e+02  7.46555430280920e+01
  2.52000000000000e+02  7.41668093568678e+01
  0.00000000000000e+00  7.59409083305098e+01
  1.57632867434750e+00  7.63461588206346e+01
  3.15337920589505e+00  7.67089389812872e+01
  4.73104356870406e+00  7.70345371048385e+01
  6.30923112296775e+00  7.73271782576300e+01
  7.88786496330832e+00  7.75903422283077e+01
  9.46687953497266e+00  7.78269762464542e+01
  1.10462190642452e+01  7.80396433160981e+01
  1.26258365074228e+01  7.82306260722433e+01
  1.42056926865762e+01  7.84019841136582e+01
  1.57857554596816e+01  7.85555822941230e+01
  1.73659989268762e+01  7.86931087052334e+01
  1.89464026878423e+01  7.88160895768719e+01
  2.05269511614555e+01  7.89259035033548e+01
  2.21076329697136e+01  7.90237953327149e+01
  2.36884403828662e+01  7.91108895152221e+01
  2.52693688143816e+01  7.91882022671466e+01
  2.68504163605107e+01  7.92566525671129e+01
  2.84315833840481e+01  7.93170722740001e+01
  3.00128721370670e+01  7.93702152767208e+01
  3.15942864181545e+01  7.94167656646203e+01
  3.31758312605804e+01  7.94573449614359e+01
  3.47575126485921e+01  7.94925184927642e+01
  3.63393372605582e+01  7.95228010120393e+01
  3.79213122403275e+01  7.95486618029365e+01
  3.95034449927688e+01  7.95705291846935e+01
  4.10857430015735e+01  7.95887944635941e+01
  4.26682136686466e+01  7.96038154211139e+01
  4.42508641745361e+01  7.96159194195225e+01
  4.58337013594536e+01  7.96254061989912e+01
  4.74167316240618e+01  7.96325504171022e+01
  4.89999608457283e+01  7.96376038379010e+01
  5.05833943103059e+01  7.96407972626633e+01
  5.21670366601205e+01  7.96423423067382e+01
  5.37508918570609e+01  7.96424330476521e+01
  5.53349631596071e+01  7.96412475669183e+01
  5.69192531126218e+01  7.96389494070832e+01
  5.85037635487137e+01  7.96356889642412e+01
  6.00884955997412e+01  7.96316048263449e+01
  6.16734496749966e+01  7.96268234390527e+01
  6.32586254530328e+01  7.96214589539273e+01
  6.48440219135976e+01  7.96156143030881e+01
  6.64296373738566e+01  7.96093821622500e+01
  6.80154695279074e+01  7.96028458148192e+01
  6.96015154888250e+01  7.95960799336525e+01
  7.11877718325408e+01  7.95891512947657e+01
  7.27742346428794e+01  7.95821194338743e+01
  7.43608995571088e+01  7.95750372537834e+01
  7.59477618114013e+01  7.95679515885410e+01
  7.75348162856616e+01  7.95609037287879e+01
  7.91220575472387e+01  7.95539299117087e+01
  8.07094798931056e+01  7.95470617782741e+01
  8.22970773901584e+01  7.95403267999573e+01
  8.38848439133508e+01  7.95337486767548e+01
  8.54727731814413e+01  7.95273477080959e+01
  8.70608587901886e+01  7.95211411380449e+01
  8.86490942428855e+01  7.95151434760835e+01
  9.02374729781638e+01  7.95093667946717e+01
  9.18259883950515e+01  7.95038210047296e+01
  9.34146338752951e+01  7.94985141101379e+01
  9.50034028029935e+01  7.94934524423273e+01
  9.65922885816150e+01  7.94886408759993e+01
  9.81812846484925e+01  7.94840830269992e+01
  9.97703844869047e+01  7.94797814333431e+01
  1.01359581635870e+02  7.94757377203733e+01
  1.02948869697784e+02  7.94719527509926e+01
  1.04538242344038e+02  7.94684267618985e+01
  1.06127693318770e+02  7.94651594867023e+01
  1.07717216440878e+02  7.94621502667830e+01
  1.09306805604454e+02  7.94593981506843e+01
  1.10896454777769e+02  7.94569019828150e+01
  1.12486158000960e+02  7.94546604821684e+01
  1.14075909382542e+02  7.94526723117234e+01
  1.15665703094875e+02  7.94509361391356e+01
  1.17255533368732e+02  7.94494506892712e+01
  1.18845394487059e+02  7.94482147890791e+01
  1.20435280778064e+02  7.94472274052368e+01
  1.22025186607746e+02  7.94464876749448e+01
  1.23615106371964e+02  7.94459949301849e+01
  1.25205034488150e+02  7.94457487156917e+01
  1.26794965386782e+02  7.94457488008292e+01
  1.28384893502703e+02  7.94459951854972e+01
  1.29974813266392e+02  7.94464881001315e+01
  1.31564719095285e+02  7.94472279997973e+01
  1.33154605385244e+02  7.94482155523130e+01
  1.34744466502272e+02  7.94494516202784e+01
  1.36334296774586e+02  7.94509372368166e+01
  1.37924090485138e+02  7.94526735747801e+01
  1.39513841864710e+02  7.94546619091044e+01
  1.41103545085675e+02  7.94569035719365e+01
  1.42693194256556e+02  7.94593999001009e+01
  1.44282783417503e+02  7.94621521744087e+01
  1.45872306536804e+02  7.94651615502569e+01
  1.47461757508564e+02  7.94684289789090e+01
  1.49051130151697e+02  7.94719551187945e+01
  1.50640418210359e+02  7.94757402361129e+01
  1.52229615355959e+02  7.94797840939799e+01
  1.53818715190913e+02  7.94840858293078e+01
  1.55407711254258e+02  7.94886438165727e+01
  1.56996597029294e+02  7.94934555175801e+01
  1.58585365953377e+02  7.94985173163098e+01
  1.60174011429996e+02  7.95038243378900e+01
  1.61762526843275e+02  7.95093702507237e+01
  1.63350905574982e+02  7.95151470507693e+01
  1.64939141024171e+02  7.95211448269517e+01
  1.66527226629496e+02  7.95273515066622e+01
  1.68115155894275e+02  7.95337525802772e+01
  1.69702922414291e+02  7.95403308035981e+01
  1.71290519908327e+02  7.95470658770697e+01
  1.72877942251360e+02  7.95539341005784e+01
  1.74465183510310e+02  7.95609080025441e+01
  1.76052237982173e+02  7.95679559418994e+01
  1.77639100234320e+02  7.95750416813741e+01
  1.79225765146676e+02  7.95821239302540e+01
  1.80812227955435e+02  7.95891558544302e+01
  1.82398484297881e+02  7.95960845510500e+01
  1.83984530257858e+02  7.96028504843645e+01
  1.85570362411312e+02  7.96093868783390e+01
  1.87155977871332e+02  7.96156190601126e+01
  1.88741374332026e+02  7.96214637462909e+01
  1.90326550110571e+02  7.96268282611862e+01
  1.91911504186721e+02  7.96316096727229e+01
  1.93496236239033e+02  7.96356938293972e+01
  1.95080746676803e+02  7.96389542856261e+01
  1.96665036631889e+02  7.96412524535460e+01
  1.98249107936897e+02  7.96424379371635e+01
  1.99832963136686e+02  7.96423471940433e+01
  2.01416605489727e+02  7.96408021427927e+01
  2.03000038957902e+02  7.96376087060137e+01
  2.04583268183522e+02  7.96325552684909e+01
  2.06166298452429e+02  7.96254110290855e+01
  2.07749135641972e+02  7.96159242238888e+01
  2.09331786152799e+02  7.96038201954517e+01
  2.10914256825102e+02  7.95887992037277e+01
  2.12496554839408e+02  7.95705338865586e+01
  2.14078687597602e+02  7.95486664625603e+01
  2.15660662583354e+02  7.95228056255130e+01
  2.17242487201510e+02  7.94925230562068e+01
  2.18824168595898e+02  7.94573494709464e+01
  2.20405713444864e+02  7.94167701162174e+01
  2.21987127732636e+02  7.93702196662661e+01
  2.23568416492463e+02  7.93170765971019e+01
  2.25149583522915e+02  7.92566568190063e+01
  2.26730631076047e+02  7.91882064425440e+01
  2.28311559514638e+02  7.91108936081273e+01
  2.29892366934926e+02  7.90237993361929e+01
  2.31473048750367e+02  7.89259074092450e+01
  2.33053597231199e+02  7.88160933754310e+01
  2.34634000999410e+02  7.86931123846912e+01
  2.36214244473867e+02  7.85555858401261e+01
  2.37794307254239e+02  7.84019875085747e+01
  2.39374163440650e+02  7.82306292942901e+01
  2.40953780891056e+02  7.80396463382409e+01
  2.42533120427502e+02  7.78269790350183e+01
  2.44112135006241e+02  7.75903447412113e+01
  2.45690768853497e+02  7.73271804421146e+01
  2.47268956414426e+02  7.70345388944971e+01
  2.48846620783520e+02  7.67089402920580e+01
  2.50423671320783e+02  7.63461595452366e+01
  2.52000000000000e+02  7.59409083305098e+01
  0.00000000000000e+00  7.77327090748091e+01
  1.57801706303468e+00  7.80539078465744e+01
  3.15661063812303e+00  7.83432998067581e+01
  4.73569840728163e+00  7.86042687286418e+01
  6.31520950282623e+00  7.88396013989858e+01
  7.89508266240252e+00  7.90516982189121e+01
  9.47526503119545e+00  7.92426832029821e+01
  1.10557113159752e+01  7.94144718539824e+01
  1.26363831689009e+01  7.95688190547615e+01
  1.42172486018325e+01  7.97073404903293e+01
  1.57982813560248e+01  7.98315186099229e+01
  1.73794602668768e+01  7.99427065485445e+01
  1.89607686567377e+01  8.00421338505793e+01
  2.05421937749385e+01  8.01309143720211e+01
  2.21237262907170e+01  8.02100555376304e+01
  2.37053598378394e+01  8.02804681033914e+01
  2.52870906008374e+01  8.03429754269059e+01
  2.68689169384204e+01  8.03983220523154e+01
  2.84508390442461e+01  8.04471817717865e+01
  3.00328586403711e+01  8.04901649986267e+01
  3.16149786993792e+01  8.05278253911185e+01
  3.31972031920074e+01  8.05606657341305e+01
  3.47795368577585e+01  8.05891431195877e+01
  3.63619849974305e+01  8.06136735263092e+01
  3.79445532891386e+01  8.06346359988094e+01
  3.95272476239759e+01  8.06523763351559e+01
  4.11100739595817e+01  8.06672103141451e+01
  4.26930381911227e+01  8.06794265406340e+01
  4.42761460392932e+01  8.06892889790229e+01
  4.58594029550702e+01  8.06970392400338e+01
  4.74428140406177e+01  8.07028986651261e+01
  4.90263839822066e+01  8.07070701069271e+01
  5.06101169954281e+01  8.07097394924210e+01
  5.21940167835957e+01  8.07110772680219e+01
  5.37780865084315e+01  8.07112397462700e+01
  5.53623287721370e+01  8.07103703738568e+01
  5.69467456100216e+01  8.07086009433847e+01
  5.85313384929785e+01  8.07060527754960e+01
  6.01161083390129e+01  8.07028378946729e+01
  6.17010554894537e+01  8.06990585287885e+01
  6.32861796975662e+01  8.06948068139183e+01
  6.48714801561945e+01  8.06901657498299e+01
  6.64569555278730e+01  8.06852100259965e+01
  6.80426039769870e+01  8.06800067442906e+01
  6.96284232036409e+01  8.06746160627943e+01
  7.12144104788304e+01  8.06690917782457e+01
  7.28005626804519e+01  8.06634818589437e+01
  7.43868763296755e+01  8.06578289361161e+01
  7.59733476272220e+01  8.06521707593249e+01
  7.75599724891191e+01  8.06465406199232e+01
  7.91467465815602e+01  8.06409677455641e+01
  8.07336653545377e+01  8.06354776680850e+01
  8.23207240739749e+01  8.06300925666267e+01
  8.39079178521326e+01  8.06248315875316e+01
  8.54952416761136e+01  8.06197111423437e+01
  8.70826904343352e+01  8.06147451850780e+01
  8.86702589408823e+01  8.06099454698200e+01
  9.02579419576877e+01  8.06053217896409e+01
  9.18457342145250e+01  8.06008821977601e+01
  9.34336304268233e+01  8.05966332118523e+01
  9.50216253113418e+01  8.05925800023635e+01
  9.66097135997606e+01  8.05887265656822e+01
  9.81978900502622e+01  8.05850758829897e+01
  9.97861494571909e+01  8.05816300655950e+01
  1.01374486658889e+02  8.05783904875394e+01
  1.02962896543815e+02  8.05753579062341e+01
  1.04551374055055e+02  8.05725325718689e+01
  1.06139914193339e+02  8.05699143263026e+01
  1.07728512018677e+02  8.05675026921154e+01
  1.09317162650737e+02  8.05652969524698e+01
  1.10905861268063e+02  8.05632962223896e+01
  1.12494603106256e+02  8.05614995120292e+01
  1.14083383455221e+02  8.05599057824619e+01
  1.15672197655583e+02  8.05585139944750e+01
  1.17261041094374e+02  8.05573231508142e+01
  1.18849909200087e+02  8.05563323322705e+01
  1.20438797437188e+02  8.05555407279610e+01
  1.22027701300181e+02  8.05549476601018e+01
  1.23616616307304e+02  8.05545526035232e+01
  1.25205537993945e+02  8.05543552001304e+01
  1.26794461905866e+02  8.05543552684593e+01
  1.28383383592295e+02  8.05545528084297e+01
  1.29972298598995e+02  8.05549480013449e+01
  1.31561202461357e+02  8.05555412051393e+01
  1.33150090697622e+02  8.05563329448222e+01
  1.34738958802296e+02  8.05573238980176e+01
  1.36327802239852e+02  8.05585148754486e+01
  1.37916616438790e+02  8.05599067961645e+01
  1.39505396786147e+02  8.05615006572610e+01
  1.41094138622558e+02  8.05632974977923e+01
  1.42682837237937e+02  8.05652983565276e+01
  1.44271487867896e+02  8.05675042231557e+01
  1.45860085690988e+02  8.05699159824971e+01
  1.47448625826894e+02  8.05725343512346e+01
  1.49037103335637e+02  8.05753598066347e+01
  1.50625513217962e+02  8.05783925066870e+01
  1.52213850416968e+02  8.05816322010518e+01
  1.53802109821130e+02  8.05850781321699e+01
  1.55390286268806e+02  8.05887289258546e+01
  1.56978374554358e+02  8.05925824706538e+01
  1.58566369435984e+02  8.05966357852464e+01
  1.60154265645383e+02  8.06008848731072e+01
  1.61742057899333e+02  8.06053245636573e+01
  1.63329740913282e+02  8.06099483390934e+01
  1.64917309417022e+02  8.06147481460718e+01
  1.66504758172506e+02  8.06197141914025e+01
  1.68092081993838e+02  8.06248347208866e+01
  1.69679275769454e+02  8.06300957804019e+01
  1.71266334486477e+02  8.06354809583037e+01
  1.72853253257187e+02  8.06409711081565e+01
  1.74440027347526e+02  8.06465440507340e+01
  1.76026652207503e+02  8.06521742541219e+01
  1.77613123503332e+02  8.06578324905992e+01
  1.79199437151055e+02  8.06634854687544e+01
  1.80785589351409e+02  8.06690954389775e+01
  1.82371576625580e+02  8.06746197700034e+01
  1.83957395851478e+02  8.06800104935074e+01
  1.85543044300110e+02  8.06852138127367e+01
  1.87128519671592e+02  8.06901695696075e+01
  1.88713820130318e+02  8.06948106622576e+01
  1.90298944338831e+02  8.06990624012371e+01
  1.91883891489980e+02  8.07028417868147e+01
  1.93468661337034e+02  8.07060566829642e+01
  1.95053254221325e+02  8.07086048618753e+01
  1.96637671060857e+02  8.07103742991391e+01
  1.98221913326522e+02  8.07112436741963e+01
  1.99805983053625e+02  8.07110811945357e+01
  2.01389882844362e+02  8.07097434135639e+01
  2.02973615860448e+02  8.07070740188455e+01
  2.04557185805187e+02  8.07029025640750e+01
  2.06140596894159e+02  8.06970431223798e+01
  2.07723853813623e+02  8.06892928412440e+01
  2.09306961665729e+02  8.06794303793164e+01
  2.10889925901438e+02  8.06672141259770e+01
  2.12472752241430e+02  8.06523801169168e+01
  2.14055446580855e+02  8.06346397473535e+01
  2.15638014877334e+02  8.06136772385443e+01
  2.17220463021944e+02  8.05891467924458e+01
  2.18802796692783e+02  8.05606693645289e+01
  2.20385021190631e+02  8.05278289759119e+01
  2.21967141254975e+02  8.04901685345448e+01
  2.23549160856536e+02  8.04471852553561e+01
  2.25131082967885e+02  8.03983254797634e+01
  2.26712909311064e+02  8.03429787940372e+01
  2.28294640079719e+02  8.02804714054377e+01
  2.29876273632548e+02  8.02100587690613e+01
  2.31457806154075e+02  8.01309175263090e+01
  2.33039231278057e+02  8.00421369199052e+01
  2.34620539673725e+02  7.99427095234303e+01
  2.36201718590401e+02  7.98315214787710e+01
  2.37782751350427e+02  7.97073432388437e+01
  2.39363616789192e+02  7.95688216652202e+01
  2.40944288647934e+02  7.94144743043202e+01
  2.42524734938493e+02  7.92426854656341e+01
  2.44104917312992e+02  7.90517002593519e+01
  2.45684790478153e+02  7.88396031738700e+01
  2.47264301579085e+02  7.86042701834207e+01
  2.48843389353326e+02  7.83433008725141e+01
  2.50421982933035e+02  7.80539084356895e+01
  2.52000000000000e+02  7.77327090748091e+01
  0.00000000000000e+00  7.95388410330096e+01
  1.57972059950923e+00  7.97761373988539e+01
  3.15987168773531e+00  7.99919965489875e+01
  4.74039565184265e+00  8.01878844678448e+01
  6.32124074269669e+00  8.03652231624098e+01
  7.90236112382227e+00  8.05254296108453e+01
  9.48371674053009e+00  8.06698861922938e+01
  1.10652730485882e+01  8.07999181529644e+01
  1.26470007242830e+01  8.09167879172579e+01
  1.42288752945854e+01  8.10216862962645e+01
  1.58108766769269e+01  8.11157215626841e+01
  1.73929886928430e+01  8.11999134860116e+01
  1.89751985967355e+01  8.12751927477723e+01
  2.05574966410290e+01  8.13424043518477e+01
  2.21398756839159e+01  8.14023133550454e+01
  2.37223308390117e+01  8.14556116788347e+01
  2.53048591577130e+01  8.15029248370388e+01
  2.68874593405445e+01  8.15448182911454e+01
  2.84701314782506e+01  8.15818035345090e+01
  3.00528768185792e+01  8.16143437078925e+01
  3.16356975553589e+01  8.16428586636850e+01
  3.32185966372088e+01  8.16677294669946e+01
  3.48015775937600e+01  8.16893023551134e+01
  3.63846443785761e+01  8.17078922348027e+01
  3.79678012305614e+01  8.17237858991909e+01
  3.95510525502636e+01  8.17372448616668e+01
  4.11344027896102e+01  8.17485078263780e+01
  4.27178563547790e+01  8.17577928623320e+01
  4.43014175219793e+01  8.17652993391117e+01
  4.58850903660550e+01  8.17712096794059e+01
  4.74688787015565e+01  8.17756909665178e+01
  4.90527860323893e+01  8.17788962988239e+01
  5.06368155105336e+01  8.17809659713300e+01
  5.22209699048901e+01  8.17820285754256e+01
  5.38052515795271e+01  8.17822020296646e+01
  5.53896624806777e+01  8.17815945577381e+01
  5.69742041320119e+01  8.17803056366245e+01
  5.85588776380320e+01  8.17784269505832e+01
  6.01436836957889e+01  8.17760434006746e+01
  6.17286225702516e+01  8.17732324725249e+01
  6.33136940807753e+01  8.17700638298287e+01
  6.48988976246458e+01  8.17666001488633e+01
  6.64842322009561e+01  8.17628977941808e+01
  6.80696964352957e+01  8.17590073878191e+01
  6.96552886054028e+01  8.17549743064435e+01
  7.12410066676432e+01  8.17508391265118e+01
  7.28268482840458e+01  8.17466380293240e+01
  7.44128108495698e+01  8.17424031733117e+01
  7.59988915192772e+01  8.17381630383973e+01
  7.75850872351024e+01  8.17339427457757e+01
  7.91713947519396e+01  8.17297643555569e+01
  8.07578106628066e+01  8.17256471441290e+01
  8.23443314228820e+01  8.17216078627108e+01
  8.39309533722483e+01  8.17176609783037e+01
  8.55176727572095e+01  8.17138188980721e+01
  8.71044857500898e+01  8.17100921780564e+01
  8.86913884674445e+01  8.17064897170355e+01
  9.02783769866481e+01  8.17030189362963e+01
  9.18654473608454e+01  8.16996859460221e+01
  9.34525956322757e+01  8.16964956989828e+01
  9.50398178439963e+01  8.16934521321868e+01
  9.66271100500496e+01  8.16905582971347e+01
  9.82144683241282e+01  8.16878164792986e+01
  9.98018887668036e+01  8.16852283074369e+01
  1.01389367511393e+02  8.16827948533358e+01
  1.02976900728540e+02  8.16805167225541e+01
  1.04564484629600e+02  8.16783941367259e+01
  1.06152115468898e+02  8.16764270079566e+01
  1.07739789544969e+02  8.16746150058233e+01
  1.09327503200843e+02  8.16729576174656e+01
  1.10915252823472e+02  8.16714542012236e+01
  1.12503034842382e+02  8.16701040342550e+01
  1.14090845727618e+02  8.16689063545250e+01
  1.15678681987081e+02  8.16678603975377e+01
  1.17266540163306e+02  8.16669654281381e+01
  1.18854416829775e+02  8.16662207676835e+01
  1.20442308586824e+02  8.16656258168435e+01
  1.22030212057209e+02  8.16651800742548e+01
  1.23618123881407e+02  8.16648831512185e+01
  1.25206040712696e+02  8.16647347825903e+01
  1.26793959212100e+02  8.16647348339781e+01
  1.28381876043230e+02  8.16648833053216e+01
  1.29969787867111e+02  8.16651803308923e+01
  1.31557691337022e+02  8.16656261757137e+01
  1.33145583093443e+02  8.16662212283643e+01
  1.34733459759134e+02  8.16669659900873e+01
  1.36321317934432e+02  8.16678610600928e+01
  1.37909154192827e+02  8.16689071169039e+01
  1.39496965076858e+02  8.16701048955561e+01
  1.41084747094431e+02  8.16714551604263e+01
  1.42672496715600e+02  8.16729586734309e+01
  1.44260210369897e+02  8.16746161572948e+01
  1.45847884444283e+02  8.16764282535604e+01
  1.47435515281798e+02  8.16783954749722e+01
  1.49023099180985e+02  8.16805181518378e+01
  1.50610632396182e+02  8.16827963719382e+01
  1.52198111138751e+02  8.16852299135263e+01
  1.53785531579352e+02  8.16878181709325e+01
  1.55372889851310e+02  8.16905600722612e+01
  1.56960182055212e+02  8.16934539886467e+01
  1.58547404264763e+02  8.16964976345118e+01
  1.60134552534019e+02  8.16996879582535e+01
  1.61721622906050e+02  8.17030210227635e+01
  1.63308611423110e+02  8.17064918751752e+01
  1.64895514138359e+02  8.17100944052125e+01
  1.66482327129184e+02  8.17138211914990e+01
  1.68069046512157e+02  8.17176633351709e+01
  1.69655668459616e+02  8.17216102801074e+01
  1.71242189217879e+02  8.17256496190688e+01
  1.72828605127043e+02  8.17297668849838e+01
  1.74414912642301e+02  8.17339453265697e+01
  1.76001108356684e+02  8.17381656673808e+01
  1.77587189025100e+02  8.17424058472564e+01
  1.79173151589495e+02  8.17466407449582e+01
  1.80758993204944e+02  8.17508418805280e+01
  1.82344711266417e+02  8.17549770955067e+01
  1.83930303435953e+02  8.17590102085752e+01
  1.85515767669927e+02  8.17629006432653e+01
  1.87101102246085e+02  8.17666030229109e+01
  1.88686305790023e+02  8.17700667254825e+01
  1.90271377300842e+02  8.17732353864463e+01
  1.91856316175830e+02  8.17760463295532e+01
  1.93441122234345e+02  8.17784298911472e+01
  1.95025795741359e+02  8.17803085856505e+01
  1.96610337393921e+02  8.17815975120596e+01
  1.98194748296534e+02  8.17822049861791e+01
  1.99779029972863e+02  8.17820315311002e+01
  2.01363184369138e+02  8.17809689232066e+01
  2.02947213849422e+02  8.17788992440241e+01
  2.04531121182608e+02  8.17756939022461e+01
  2.06114909520669e+02  8.17712126029516e+01
  2.07698582367500e+02  8.17653022478487e+01
  2.09282143537642e+02  8.17577957537172e+01
  2.10865597105928e+02  8.17485106979458e+01
  2.12448947348555e+02  8.17372477110215e+01
  2.14032198671688e+02  8.17237887239945e+01
  2.15615355527243e+02  8.17078950327587e+01
  2.17198422315754e+02  8.16893051239451e+01
  2.18781403276113e+02  8.16677322044158e+01
  2.20364302361870e+02  8.16428613673638e+01
  2.21947123102645e+02  8.16143463754045e+01
  2.23529868447046e+02  8.15818061632781e+01
  2.25112540588890e+02  8.15448208783706e+01
  2.26695140775915e+02  8.15029273796011e+01
  2.28277669098857e+02  8.14556141731824e+01
  2.29860124258234e+02  8.14023157970494e+01
  2.31442503305434e+02  8.13424067366215e+01
  2.33024801354068e+02  8.12751950694458e+01
  2.34607011262322e+02  8.11999157374478e+01
  2.36189123282617e+02  8.11157237351222e+01
  2.37771124669348e+02  8.10216883788705e+01
  2.39352999244043e+02  8.09167898965575e+01
  2.40934726924122e+02  8.07999200121259e+01
  2.42516283236541e+02  8.06698879102248e+01
  2.44097638857560e+02  8.05254311610562e+01
  2.45678759242909e+02  8.03652245115870e+01
  2.47259604337841e+02  8.01878855740541e+01
  2.48840128305797e+02  7.99919973593683e+01
  2.50420279397520e+02  7.97761378465706e+01
  2.52000000000000e+02  7.95388410330096e+01
  0.00000000000000e+00  8.13558217978954e+01
  1.58143717620340e+00  8.15103488686810e+01
  3.16315943410111e+00  8.16531364373001e+01
  4.74513199645009e+00  8.17838041199068e+01
  6.32732123783346e+00  8.19026194336486e+01
  7.90969650316710e+00  8.20102023908693e+01
  9.49223070068242e+00  8.21073201159436e+01
  1.10749003612410e+01  8.21947832220743e+01
  1.26576855429145e+01  8.22734026774983e+01
  1.42405696163919e+01  8.23439637934953e+01
  1.58235389539791e+01  8.24072073904516e+01
  1.74065825907023e+01  8.24638196817293e+01
  1.89896918952960e+01  8.25144288281982e+01
  2.05728602685603e+01  8.25596058198666e+01
  2.21560828733793e+01  8.25998677402132e+01
  2.37393563955344e+01  8.26356821670563e+01
  2.53226788272151e+01  8.26674716243644e+01
  2.69060492704394e+01  8.26956178283026e+01
  2.84894677616737e+01  8.27204658238803e+01
  3.00729351143909e+01  8.27423278243939e+01
  3.16564527769742e+01  8.27614866766086e+01
  3.32400227039932e+01  8.27781989362582e+01
  3.48236472392444e+01  8.27926975632155e+01
  3.64073290100118e+01  8.28051942947372e+01
  3.79910708344548e+01  8.28158818552111e+01
  3.95748756389653e+01  8.28249358951336e+01
  4.11587463843986e+01  8.28325166713332e+01
  4.27426860010925e+01  8.28387705217720e+01
  4.43266973325886e+01  8.28438311783858e+01
  4.59107830881176e+01  8.28478209608407e+01
  4.74949458037655e+01  8.28508518832776e+01
  4.90791878088701e+01  8.28530265670008e+01
  5.06635111983132e+01  8.28544390294097e+01
  5.22479178118019e+01  8.28551754264732e+01
  5.38324092195640e+01  8.28553147532688e+01
  5.54169867140343e+01  8.28549295140244e+01
  5.70016513073585e+01  8.28540863829615e+01
  5.85864037350999e+01  8.28528468993664e+01
  6.01712444677823e+01  8.28512682894448e+01
  6.17561736876000e+01  8.28494027804861e+01
  6.33411912746137e+01  8.28472971485913e+01
  6.49262968258727e+01  8.28449934125504e+01
  6.65114896725414e+01  8.28425293334614e+01
  6.80967688968186e+01  8.28399388136260e+01
  6.96821333492336e+01  8.28372522369820e+01
  7.12675816663888e+01  8.28344967708117e+01
  7.28531122890242e+01  8.28316966388862e+01
  7.44387234802100e+01  8.28288733718406e+01
  7.60244133434606e+01  8.28260460383889e+01
  7.76101798405676e+01  8.28232314598086e+01
  7.91960208089713e+01  8.28204444094239e+01
  8.07819339785109e+01  8.28176977983901e+01
  8.23679169874194e+01  8.28150028487981e+01
  8.39539673974533e+01  8.28123692549331e+01
  8.55400827080710e+01  8.28098053333948e+01
  8.71262603695980e+01  8.28073181626972e+01
  8.87124977953342e+01  8.28049137129055e+01
  9.02987923725801e+01  8.28025969658243e+01
  9.18851414725737e+01  8.28003720262207e+01
  9.34715424593449e+01  8.27982422245456e+01
  9.50579926975049e+01  8.27962102115970e+01
  9.66444895590009e+01  8.27942780455579e+01
  9.82310304288716e+01  8.27924472718295e+01
  9.98176127100492e+01  8.27907189960677e+01
  1.01404233827255e+02  8.27890939508223e+01
  1.02990891230040e+02  8.27875725561631e+01
  1.04577582395035e+02  8.27861549746657e+01
  1.06164304827444e+02  8.27848411611161e+01
  1.07751056061869e+02  8.27836309072742e+01
  1.09337833662500e+02  8.27825238820222e+01
  1.10924635222725e+02  8.27815196672044e+01
  1.12511458364239e+02  8.27806177894426e+01
  1.14098300735677e+02  8.27798177481960e+01
  1.15685160010834e+02  8.27791190403058e+01
  1.17272033886535e+02  8.27785211812493e+01
  1.18858920080175e+02  8.27780237232980e+01
  1.20445816326999e+02  8.27776262707564e+01
  1.22032720377159e+02  8.27773284924304e+01
  1.23619629992583e+02  8.27771301314513e+01
  1.25206542943713e+02  8.27770310125549e+01
  1.26793457006135e+02  8.27770310468922e+01
  1.28380369957159e+02  8.27771302344232e+01
  1.29967279572372e+02  8.27773286639160e+01
  1.31554183622216e+02  8.27776265105543e+01
  1.33141079868622e+02  8.27780240311266e+01
  1.34727966061742e+02  8.27785215567465e+01
  1.36314839936825e+02  8.27791194830295e+01
  1.37901699211270e+02  8.27798182576238e+01
  1.39488541581903e+02  8.27806183649731e+01
  1.41075364722527e+02  8.27815203081561e+01
  1.42662166281778e+02  8.27825245876350e+01
  1.44248943881357e+02  8.27836316767090e+01
  1.45835695114659e+02  8.27848419934562e+01
  1.47422417545879e+02  8.27861558689165e+01
  1.49009108709624e+02  8.27875735112532e+01
  1.50595766111109e+02  8.27890949656044e+01
  1.52182387226967e+02  8.27907200693191e+01
  1.53768969506761e+02  8.27924484022535e+01
  1.55355510375218e+02  8.27942792317851e+01
  1.56942007235278e+02  8.27962114521859e+01
  1.58528457471991e+02  8.27982435179850e+01
  1.60114858457311e+02  8.28003733709307e+01
  1.61701207555859e+02  8.28025983601585e+01
  1.63287502131675e+02  8.28049151551531e+01
  1.64873739556006e+02  8.28073196510852e+01
  1.66459917216161e+02  8.28098068660907e+01
  1.68046032525451e+02  8.28123708300477e+01
  1.69632082934211e+02  8.28150044643887e+01
  1.71218065941910e+02  8.28176994524637e+01
  1.72803979110312e+02  8.28204460999407e+01
  1.74389820077660e+02  8.28232331846864e+01
  1.75975586573803e+02  8.28260477955073e+01
  1.77561276436190e+02  8.28288751590451e+01
  1.79146887626620e+02  8.28316984539937e+01
  1.80732418248617e+02  8.28344986116152e+01
  1.82317866565257e+02  8.28372541012565e+01
  1.83903231017287e+02  8.28399406991335e+01
  1.85488510241317e+02  8.28425312379575e+01
  1.87073703087880e+02  8.28449953337904e+01
  1.88658808639180e+02  8.28472990843362e+01
  1.90243826226386e+02  8.28494047285098e+01
  1.91828755446550e+02  8.28512702475403e+01
  1.93413596179733e+02  8.28528488653530e+01
  1.94998348608132e+02  8.28540883546924e+01
  1.96583013202270e+02  8.28549314893919e+01
  1.98167590697710e+02  8.28553167302087e+01
  1.99752082106595e+02  8.28551774029685e+01
  2.01336488721358e+02  8.28544410034938e+01
  2.02920812112222e+02  8.28530285367611e+01
  2.04505054118890e+02  8.28508538468573e+01
  2.06089216836238e+02  8.28478229164401e+01
  2.07673302593599e+02  8.28438331242627e+01
  2.09257313927051e+02  8.28387724562400e+01
  2.10841253545818e+02  8.28325185927585e+01
  2.12425124293433e+02  8.28249378019298e+01
  2.14008929100226e+02  8.28158837458313e+01
  2.15592670927044e+02  8.28051961676631e+01
  2.17176352700271e+02  8.27926994169430e+01
  2.18759977238056e+02  8.27782007692783e+01
  2.20343547167677e+02  8.27614884873827e+01
  2.21927064832921e+02  8.27423296113227e+01
  2.23510532188350e+02  8.27204675852646e+01
  2.25093950682341e+02  8.26956195622936e+01
  2.26677321128360e+02  8.26674733289018e+01
  2.28260643562868e+02  8.26356838397900e+01
  2.29843917087877e+02  8.25998693784066e+01
  2.31427139695574e+02  8.25596074202740e+01
  2.33010308071735e+02  8.25144303869115e+01
  2.34593417379241e+02  8.24638211939841e+01
  2.36176461018889e+02  8.24072088503837e+01
  2.37759430359411e+02  8.23439651938315e+01
  2.39342314435827e+02  8.22734040091649e+01
  2.40925099620436e+02  8.21947844737005e+01
  2.42507769283917e+02  8.21073212732335e+01
  2.44090303484324e+02  8.20102034358124e+01
  2.45672678752494e+02  8.19026203435391e+01
  2.47254867996618e+02  8.17838048661320e+01
  2.48836840561555e+02  8.16531369838509e+01
  2.50418562821804e+02  8.15103491703289e+01
  2.52000000000000e+02  8.13558217978954e+01
  0.00000000000000e+00  8.31800833967002e+01
  1.58316545136259e+00  8.32545172267165e+01
  3.16647240374533e+00  8.33253053317972e+01
  4.74990571997421e+00  8.33907713638242e+01
  6.33344879965517e+00  8.34505506931763e+01
  7.91708612034847e+00  8.35047745883319e+01
  9.50080387891755e+00  8.35537568927729e+01
  1.10845900962400e+01  8.35978746008445e+01
  1.26684346014472e+01  8.36375242990330e+01
  1.42523289321332e+01  8.36730991928762e+01
  1.58362661691221e+01  8.37049740020709e+01
  1.74202407553862e+01  8.37334971574093e+01
  1.90042483221901e+01  8.37589879009248e+01
  2.05882855318342e+01  8.37817363184444e+01
  2.21723499384526e+01  8.38020048969224e+01
  2.37564398660357e+01  8.38200308019636e+01
  2.53405542979824e+01  8.38360281608593e+01
  2.69246927766961e+01  8.38501902250187e+01
  2.85088553146796e+01  8.38626915134753e+01
  3.00930423149941e+01  8.38736898037580e+01
  3.16772544995952e+01  8.38833279232086e+01
  3.32614928444599e+01  8.38917353324287e+01
  3.48457585205716e+01  8.38990295031876e+01
  3.64300528404733e+01  8.39053171234387e+01
  3.80143772120068e+01  8.39106952428723e+01
  3.95987330969733e+01  8.39152522698677e+01
  4.11831219741277e+01  8.39190688274355e+01
  4.27675453065721e+01  8.39222185021447e+01
  4.43520045135462e+01  8.39247685105071e+01
  4.59365009467375e+01  8.39267803085814e+01
  4.75210358712477e+01  8.39283101682859e+01
  4.91056104487437e+01  8.39294096358169e+01
  5.06902257234456e+01  8.39301259228469e+01
  5.22748826118066e+01  8.39305022818890e+01
  5.38595818954787e+01  8.39305783628966e+01
  5.54443242173487e+01  8.39303905567677e+01
  5.70291100806438e+01  8.39299723400107e+01
  5.86139398517123e+01  8.39293546586829e+01
  6.01988137693795e+01  8.39285664798183e+01
  6.17837319277198e+01  8.39276342316554e+01
  6.33686942655470e+01  8.39265814390830e+01
  6.49537005792298e+01  8.39254291987070e+01
  6.65387505319977e+01  8.39241964576223e+01
  6.81238436626278e+01  8.39229002215540e+01
  6.97089793941873e+01  8.39215557286138e+01
  7.12941570429536e+01  8.39201766020344e+01
  7.28793758274762e+01  8.39187749879485e+01
  7.44646348776896e+01  8.39173616814526e+01
  7.60499332439802e+01  8.39159462428971e+01
  7.76352699061057e+01  8.39145371056814e+01
  7.92206437818790e+01  8.39131416764563e+01
  8.08060537355377e+01  8.39117664284030e+01
  8.23914985857321e+01  8.39104169881136e+01
  8.39769771130784e+01  8.39090982165002e+01
  8.55624880672347e+01  8.39078142840928e+01
  8.71480301734684e+01  8.39065687410417e+01
  8.87336021386935e+01  8.39053645821095e+01
  9.03192026569681e+01  8.39042043069116e+01
  9.19048304144463e+01  8.39030899756531e+01
  9.34904840937889e+01  8.39020232605963e+01
  9.50761623780433e+01  8.39010054934820e+01
  9.66618639540054e+01  8.39000377091262e+01
  9.82475875150844e+01  8.38991206854018e+01
  9.98333317636904e+01  8.38982549798132e+01
  1.01419095413171e+02  8.38974409628632e+01
  1.03004877189321e+02  8.38966788484077e+01
  1.04590675831499e+02  8.38959687211837e+01
  1.06176490093366e+02  8.38953105616922e+01
  1.07762318743291e+02  8.38947042686065e+01
  1.09348160564440e+02  8.38941496788697e+01
  1.10934014354578e+02  8.38936465856343e+01
  1.12519878925618e+02  8.38931947541880e+01
  1.14105753102937e+02  8.38927939359985e+01
  1.15691635724484e+02  8.38924438809998e+01
  1.17277525639714e+02  8.38921443482302e+01
  1.18863421708357e+02  8.38918951149218e+01
  1.20449322799060e+02  8.38916959841278e+01
  1.22035227787915e+02  8.38915467909639e+01
  1.23621135556895e+02  8.38914474075254e+01
  1.25207044992226e+02  8.38913977465313e+01
  1.26792954982703e+02  8.38913977637318e+01
  1.28378864417981e+02  8.38914474591069e+01
  1.29964772186855e+02  8.38915468768658e+01
  1.31550677175552e+02  8.38916961042495e+01
  1.33136578266045e+02  8.38918952691223e+01
  1.34722474334429e+02  8.38921445363284e+01
  1.36308364249350e+02  8.38924441027743e+01
  1.37894246870541e+02  8.38927941911881e+01
  1.39480121047458e+02  8.38931950424916e+01
  1.41065985618052e+02  8.38936469067110e+01
  1.42651839407702e+02  8.38941500323391e+01
  1.44237681228325e+02  8.38947046540488e+01
  1.45823509877688e+02  8.38953109786487e+01
  1.47409324138960e+02  8.38959691691565e+01
  1.48995122780513e+02  8.38966793268609e+01
  1.50580904556013e+02  8.38974414712226e+01
  1.52166668204819e+02  8.38982555174669e+01
  1.53752412452732e+02  8.38991212517010e+01
  1.55338136013104e+02  8.39000383033856e+01
  1.56923837588348e+02  8.39010061149802e+01
  1.58509515871877e+02  8.39020239085770e+01
  1.60095169550494e+02  8.39030906493257e+01
  1.61680797307248e+02  8.39042050054521e+01
  1.63266397824807e+02  8.39053653046618e+01
  1.64851969789328e+02  8.39065694867185e+01
  1.66437511894874e+02  8.39078150519769e+01
  1.68023022848366e+02  8.39090990056463e+01
  1.69608501375074e+02  8.39104177975492e+01
  1.71193946224661e+02  8.39117672571306e+01
  1.72779356177750e+02  8.39131425234552e+01
  1.74364730052994e+02  8.39145379699094e+01
  1.75950066714635e+02  8.39159471232928e+01
  1.77535365080492e+02  8.39173625769379e+01
  1.79120624130326e+02  8.39187758974305e+01
  1.80705842914527e+02  8.39201775244087e+01
  1.82291020563033e+02  8.39215566627667e+01
  1.83876156294398e+02  8.39229011663653e+01
  1.85461249424902e+02  8.39241974119690e+01
  1.87046299377615e+02  8.39254301614656e+01
  1.88631305691316e+02  8.39265824091330e+01
  1.90216268029237e+02  8.39276352078830e+01
  1.91801186187748e+02  8.39285674611192e+01
  1.93386060105663e+02  8.39293556439665e+01
  1.94970889877058e+02  8.39299733282038e+01
  1.96555675740757e+02  8.39303915468176e+01
  1.98140418063109e+02  8.39305793537727e+01
  1.99725117347341e+02  8.39305032725845e+01
  2.01309774236336e+02  8.39301269123804e+01
  2.02894389511746e+02  8.39294106232345e+01
  2.04478964090021e+02  8.39283111526615e+01
  2.06063499015380e+02  8.39267812890182e+01
  2.07647995449484e+02  8.39247694861367e+01
  2.09232454657434e+02  8.39222194721274e+01
  2.10816877990913e+02  8.39190697909580e+01
  2.12401266869157e+02  8.39152532261410e+01
  2.13985622755263e+02  8.39106961911275e+01
  2.15569947127982e+02  8.39053180629216e+01
  2.17154241449112e+02  8.38990304331519e+01
  2.18738507126490e+02  8.38917362521260e+01
  2.20322745472654e+02  8.38833288318765e+01
  2.21906957658585e+02  8.38736907006043e+01
  2.23491144660255e+02  8.38626923976586e+01
  2.25075307199617e+02  8.38501910956235e+01
  2.26659445679728e+02  8.38360290168650e+01
  2.28243560113088e+02  8.38200316422048e+01
  2.29827650042099e+02  8.38020057200406e+01
  2.31411714450157e+02  8.37817371228256e+01
  2.32995751661251e+02  8.37589886846221e+01
  2.34579759229513e+02  8.37334979180443e+01
  2.36163733817243e+02  8.37049747367095e+01
  2.37747671055702e+02  8.36730998978702e+01
  2.39331565387862e+02  8.36375249698186e+01
  2.40915409894542e+02  8.35978752316855e+01
  2.42499196113332e+02  8.35537574764339e+01
  2.44082913873355e+02  8.35047751156655e+01
  2.45666551195475e+02  8.34505511526129e+01
  2.47250094276536e+02  8.33907717407497e+01
  2.48833527594069e+02  8.33253056078123e+01
  2.50416834547635e+02  8.32545173788320e+01
  2.52000000000000e+02  8.31800833967002e+01
  0.00000000000000e+00  8.50080000000000e+01
  1.58490566037736e+00  8.50080000000000e+01
  3.16981132075472e+00  8.50080000000000e+01
  4.75471698113208e+00  8.50080000000000e+01
  6.33962264150943e+00  8.50080000000000e+01
  7.92452830188679e+00  8.50080000000000e+01
  9.50943396226415e+00  8.50080000000000e+01
  1.10943396226415e+01  8.50080000000000e+01
  1.26792452830189e+01  8.50080000000000e+01
  1.42641509433962e+01  8.50080000000000e+01
  1.58490566037736e+01  8.50080000000000e+01
  1.74339622641509e+01  8.50080000000000e+01
  1.90188679245283e+01  8.50080000000000e+01
  2.06037735849057e+01  8.50080000000000e+01
  2.21886792452830e+01  8.50080000000000e+01
  2.37735849056604e+01  8.50080000000000e+01
  2.53584905660377e+01  8.50080000000000e+01
  2.69433962264151e+01  8.50080000000000e+01
  2.85283018867925e+01  8.50080000000000e+01
  3.01132075471698e+01  8.50080000000000e+01
  3.16981132075472e+01  8.50080000000000e+01
  3.32830188679245e+01  8.50080000000000e+01
  3.48679245283019e+01  8.50080000000000e+01
  3.64528301886793e+01  8.50080000000000e+01
  3.80377358490566e+01  8.50080000000000e+01
  3.96226415094340e+01  8.50080000000000e+01
  4.12075471698113e+01  8.50080000000000e+01
  4.27924528301887e+01  8.50080000000000e+01
  4.43773584905660e+01  8.50080000000000e+01
  4.59622641509434e+01  8.50080000000000e+01
  4.75471698113208e+01  8.50080000000000e+01
  4.91320754716981e+01  8.50080000000000e+01
  5.07169811320755e+01  8.50080000000000e+01
  5.23018867924528e+01  8.50080000000000e+01
  5.38867924528302e+01  8.50080000000000e+01
  5.54716981132076e+01  8.50080000000000e+01
  5.70566037735849e+01  8.50080000000000e+01
  5.86415094339623e+01  8.50080000000000e+01
  6.02264150943396e+01  8.50080000000000e+01
  6.18113207547170e+01  8.50080000000000e+01
  6.33962264150943e+01  8.50080000000000e+01
  6.49811320754717e+01  8.50080000000000e+01
  6.65660377358491e+01  8.50080000000000e+01
  6.81509433962264e+01  8.50080000000000e+01
  6.97358490566038e+01  8.50080000000000e+01
  7.13207547169811e+01  8.50080000000000e+01
  7.29056603773585e+01  8.50080000000000e+01
  7.44905660377359e+01  8.50080000000000e+01
  7.60754716981132e+01  8.50080000000000e+01
  7.76603773584906e+01  8.50080000000000e+01
  7.92452830188679e+01  8.50080000000000e+01
  8.08301886792453e+01  8.50080000000000e+01
  8.24150943396226e+01  8.50080000000000e+01
  8.40000000000000e+01  8.50080000000000e+01
  8.55849056603774e+01  8.50080000000000e+01
  8.71698113207547e+01  8.50080000000000e+01
  8.87547169811321e+01  8.50080000000000e+01
  9.03396226415094e+01  8.50080000000000e+01
  9.19245283018868e+01  8.50080000000000e+01
  9.35094339622642e+01  8.50080000000000e+01
  9.50943396226415e+01  8.50080000000000e+01
  9.66792452830189e+01  8.50080000000000e+01
  9.82641509433962e+01  8.50080000000000e+01
  9.98490566037736e+01  8.50080000000000e+01
  1.01433962264151e+02  8.50080000000000e+01
  1.03018867924528e+02  8.50080000000000e+01
  1.04603773584906e+02  8.50080000000000e+01
  1.06188679245283e+02  8.50080000000000e+01
  1.07773584905660e+02  8.50080000000000e+01
  1.09358490566038e+02  8.50080000000000e+01
  1.10943396226415e+02  8.50080000000000e+01
  1.12528301886792e+02  8.50080000000000e+01
  1.14113207547170e+02  8.50080000000000e+01
  1.15698113207547e+02  8.50080000000000e+01
  1.17283018867925e+02  8.50080000000000e+01
  1.18867924528302e+02  8.50080000000000e+01
  1.20452830188679e+02  8.50080000000000e+01
  1.22037735849057e+02  8.50080000000000e+01
  1.23622641509434e+02  8.50080000000000e+01
  1.25207547169811e+02  8.50080000000000e+01
  1.26792452830189e+02  8.50080000000000e+01
  1.28377358490566e+02  8.50080000000000e+01
  1.29962264150943e+02  8.50080000000000e+01
  1.31547169811321e+02  8.50080000000000e+01
  1.33132075471698e+02  8.50080000000000e+01
  1.34716981132075e+02  8.50080000000000e+01
  1.36301886792453e+02  8.50080000000000e+01
  1.37886792452830e+02  8.50080000000000e+01
  1.39471698113208e+02  8.50080000000000e+01
  1.41056603773585e+02  8.50080000000000e+01
  1.42641509433962e+02  8.50080000000000e+01
  1.44226415094340e+02  8.50080000000000e+01
  1.45811320754717e+02  8.50080000000000e+01
  1.47396226415094e+02  8.50080000000000e+01
  1.48981132075472e+02  8.50080000000000e+01
  1.50566037735849e+02  8.50080000000000e+01
  1.52150943396226e+02  8.50080000000000e+01
  1.53735849056604e+02  8.50080000000000e+01
  1.55320754716981e+02  8.50080000000000e+01
  1.56905660377358e+02  8.50080000000000e+01
  1.58490566037736e+02  8.50080000000000e+01
  1.60075471698113e+02  8.50080000000000e+01
  1.61660377358491e+02  8.50080000000000e+01
  1.63245283018868e+02  8.50080000000000e+01
  1.64830188679245e+02  8.50080000000000e+01
  1.66415094339623e+02  8.50080000000000e+01
  1.68000000000000e+02  8.50080000000000e+01
  1.69584905660377e+02  8.50080000000000e+01
  1.71169811320755e+02  8.50080000000000e+01
  1.72754716981132e+02  8.50080000000000e+01
  1.74339622641509e+02  8.50080000000000e+01
  1.75924528301887e+02  8.50080000000000e+01
  1.77509433962264e+02  8.50080000000000e+01
  1.79094339622642e+02  8.50080000000000e+01
  1.80679245283019e+02  8.50080000000000e+01
  1.82264150943396e+02  8.50080000000000e+01
  1.83849056603774e+02  8.50080000000000e+01
  1.85433962264151e+02  8.50080000000000e+01
  1.87018867924528e+02  8.50080000000000e+01
  1.88603773584906e+02  8.50080000000000e+01
  1.90188679245283e+02  8.50080000000000e+01
  1.91773584905660e+02  8.50080000000000e+01
  1.93358490566038e+02  8.50080000000000e+01
  1.94943396226415e+02  8.50080000000000e+01
  1.96528301886792e+02  8.50080000000000e+01
  1.98113207547170e+02  8.50080000000000e+01
  1.99698113207547e+02  8.50080000000000e+01
  2.01283018867925e+02  8.50080000000000e+01
  2.02867924528302e+02  8.50080000000000e+01
  2.04452830188679e+02  8.50080000000000e+01
  2.06037735849057e+02  8.50080000000000e+01
  2.07622641509434e+02  8.50080000000000e+01
  2.09207547169811e+02  8.50080000000000e+01
  2.10792452830189e+02  8.50080000000000e+01
  2.12377358490566e+02  8.50080000000000e+01
  2.13962264150943e+02  8.50080000000000e+01
  2.15547169811321e+02  8.50080000000000e+01
  2.17132075471698e+02  8.50080000000000e+01
  2.18716981132075e+02  8.50080000000000e+01
  2.20301886792453e+02  8.50080000000000e+01
  2.21886792452830e+02  8.50080000000000e+01
  2.23471698113208e+02  8.50080000000000e+01
  2.25056603773585e+02  8.50080000000000e+01
  2.26641509433962e+02  8.50080000000000e+01
  2.28226415094340e+02  8.50080000000000e+01
  2.29811320754717e+02  8.50080000000000e+01
  2.31396226415094e+02  8.50080000000000e+01
  2.32981132075472e+02  8.50080000000000e+01
  2.34566037735849e+02  8.50080000000000e+01
  2.36150943396226e+02  8.50080000000000e+01
  2.37735849056604e+02  8.50080000000000e+01
  2.39320754716981e+02  8.50080000000000e+01
  2.40905660377359e+02  8.50080000000000e+01
  2.42490566037736e+02  8.50080000000000e+01
  2.44075471698113e+02  8.50080000000000e+01
  2.45660377358491e+02  8.50080000000000e+01
  2.47245283018868e+02  8.50080000000000e+01
  2.48830188679245e+02  8.50080000000000e+01
  2.50415094339623e+02  8.50080000000000e+01
  2.52000000000000e+02  8.50080000000000e+01
